0,1,2,3,4,5,6,7,8,9,10,11,12,13,14,15,16,17,18,19,20,21,22,23,24,25,26,27,28,29,30,31,32,33,34,35,36,37,38,39,40,41,42,43,44,45,46,47,48,49,50,51,52,53,54,55,56,57,58,59,60,61,62,63,64,65,66,67,68,69,70,71,72,73,74,75,76,77,78,79,80,81,82,83,84,85,86,87,88,89,90,91,92,93,94,95,96,97,98,99,100,101,102,103,104,105,106,107,108,109,110,111,112,113,114,115,116,117,118,119,120,121,122,123,124,125,126,127,128,129,130,131,132,133,134,135,136,137,138,139,140,141,142,143,144,145,146,147,148,149,150,151,152,153,154,155,156,157,158,159,160,161,162,163,164,165,166,167,168,169,170,171,172,173,174,175,176,177,178,179,180,181,182,183,184,185,186,187,188
0.0,0.0,0.0,0.0,0.0,0.0,0.0,0.0,0.0,0.0,0.0,0.0,0.0,0.0,0.0,0.0,0.0,0.0,0.0,0.0,0.0,0.0,0.0,0.0,0.0,0.0,0.0,0.0,0.0,0.0,0.0,0.0,0.0,0.0,0.0,0.0,0.0,0.0,0.0,0.0,0.0,0.0,0.0,0.0,0.0,0.0,0.0,0.0,0.0,0.0,0.0,0.0,0.0,0.0,0.0,0.0,0.0,0.0,0.0,0.0,0.0,0.0,0.0,0.0,0.0,0.0,0.0,0.0,0.0,0.0,0.0,0.0,0.0,0.0,0.0,0.0,0.0,0.0,0.0,0.0,0.0,0.0,0.0,0.0,0.0,0.0,0.0,0.0,0.0,0.0,0.0,0.0,0.0,0.0,0.0,0.0,0.0,0.0,0.0,0.0,0.0,0.0,0.0,0.0,0.0,0.0,0.0,0.0,0.0,0.0,0.0,0.0,0.0,0.0,0.0,0.0,0.0,0.0,0.0,0.0,0.0,0.0,0.0,0.0,0.0,0.0,0.0,0.0,0.0,0.0,0.0,0.0,0.0,0.0,0.0,0.0,0.0,0.0,0.0,0.0,0.0,0.0,0.0,0.0,0.0,0.0,0.0,0.0,0.0,0.0,0.0,0.0,0.0,0.0,0.0,0.0,0.0,0.0,0.0,0.0,0.0,0.0,0.0,0.0,0.0,0.0,0.0,0.0,0.0,0.0,0.0,0.0,0.0,0.0,0.0,0.0,0.0,0.0,0.0,0.0,0.0,0.0,0.0,0.0,0.0,0.0,0.0,0.0,0.0
0.0,0.0,0.0,0.0,0.0,0.0,0.0,0.0,0.0,0.0,0.0,0.0,0.0,0.0,0.0,0.0,0.0,0.0,0.0,0.0,0.0,0.0,0.0,0.0,0.0,0.0,0.0,0.0,0.0,0.0,0.0,0.0,0.0,0.0,0.0,0.0,0.0,0.0,0.0,0.0,0.0,0.0,0.0,0.0,0.0,0.0,0.0,0.0,0.0,0.0,0.0,0.0,0.0,0.0,0.0,0.0,0.0,0.0,0.0,0.0,0.0,0.0,0.0,0.0,0.0,0.0,0.0,0.0,0.0,0.0,0.0,0.0,0.0,0.0,0.0,0.0,0.0,0.0,0.0,0.0,0.0,0.0,0.0,0.0,0.0,0.0,0.0,0.0,0.0,0.0,0.0,0.0,0.0,0.0,0.0,0.0,0.0,0.0,0.0,0.0,0.0,0.0,0.0,0.0,0.0,0.0,0.0,0.0,0.0,0.0,0.0,0.0,0.0,0.0,0.0,0.0,0.0,0.0,0.0,0.0,0.0,0.0,0.0,0.0,0.0,0.0,0.0,0.0,0.0,0.0,0.0,0.0,0.0,0.0,0.0,0.0,0.0,0.0,0.0,0.0,0.0,0.0,0.0,0.0,0.0,0.0,0.0,0.0,0.0,0.0,0.0,0.0,0.0,0.0,0.0,0.0,0.0,0.0,0.0,0.0,0.0,0.0,0.0,0.0,0.0,0.0,0.0,0.0,0.0,0.0,0.0,0.0,0.0,0.0,0.0,0.0,0.0,0.0,0.0,0.0,0.0,0.0,0.0,0.0,0.0,0.0,0.0,0.0,0.0
2.2912133e-10,8.4084106e-10,1.6336037e-10,3.9783388e-10,4.997023e-10,3.545061e-10,2.3251745e-10,7.126612e-10,2.2171631e-10,5.317534e-10,4.2442994e-10,4.0672396e-10,4.2827691e-10,7.691928e-10,1.8034789e-10,3.172302e-10,3.3124042e-10,1.0812094e-10,1.6120594e-10,2.575818e-10,1.2036139e-10,3.6058523e-10,5.217713e-10,1.8006892e-10,6.334693e-11,3.734406e-11,4.705943e-11,2.0844063e-11,2.697084e-10,1.5648521e-10,5.840088e-11,2.1673596e-10,8.608233e-11,5.3959184e-11,3.747518e-10,2.3650032e-10,1.4947876e-10,1.3703932e-10,3.3614989e-10,1.7221531e-10,1.2983166e-10,4.377683e-11,5.6261912e-11,4.8638116e-10,1.4613377e-10,3.540862e-10,8.575134e-10,4.920148e-10,2.8612707e-10,6.762916e-10,2.088315e-10,2.3751112e-10,2.6589498e-11,6.166113e-10,3.544074e-10,1.6501145e-10,3.966825e-10,5.4046817e-10,6.244081e-10,1.9694867e-10,1.1259351e-10,2.7168445e-10,2.1728827e-10,1.4695228e-10,9.423575e-10,2.663408e-10,2.99602e-12,5.3108234e-10,1.5691623e-10,1.07970584e-10,1.2977755e-10,5.880902e-11,3.5170253e-10,2.1878818e-10,6.391826e-10,2.6026528e-10,8.7806273e-10,1.315939e-10,5.7728596e-11,5.9438315e-11,1.5175004e-11,1.8807123e-10,1.1169915e-10,1.5883031e-10,1.9371205e-10,1.4106942e-10,9.226061e-12,2.0011829e-11,1.5772214e-10,7.725648e-11,7.433141e-10,7.856116e-10,3.9691112e-10,2.8120078e-10,5.973643e-10,3.6751477e-10,5.033479e-10,1.3894823e-10,2.3172322e-10,4.4329693e-11,7.683061e-11,3.8347173e-11,1.2677484e-10,1.2195991e-10,9.131838e-11,7.279535e-11,5.1412243e-12,8.316543e-11,8.678332e-11,3.925117e-10,3.8812023e-10,3.0191152e-10,1.4836119e-09,1.2584228e-10,4.1071194e-10,4.991546e-11,2.3646356e-11,2.806974e-10,1.7924881e-10,2.5376673e-11,4.833719e-10,4.549917e-10,9.850521e-11,2.5404644e-11,2.4760458e-11,2.154362e-10,1.5165638e-10,3.0362943e-10,3.6880615e-10,2.5499655e-10,3.6048966e-11,3.2862096e-10,4.3948575e-10,2.5004096e-10,2.8590247e-10,4.0484177e-10,6.624909e-12,5.929467e-11,5.390457e-10,8.5690934e-11,1.9572205e-10,8.1811995e-11,1.1772633e-10,1.9791889e-10,6.7516576e-10,1.4289844e-10,1.2455337e-11,3.7821202e-10,7.0352696e-10,9.0585206e-11,4.6318414e-11,6.644886e-12,2.2980737e-10,2.0042476e-10,7.541214e-11,3.2528882e-11,4.708084e-11,2.0687159e-10,1.8818242e-11,3.998229e-11,2.2778092e-11,1.6719553e-11,1.7893527e-11,2.1267668e-11,7.5954576e-11,5.770727e-10,1.4766692e-10,5.4113346e-11,4.2617418e-10,2.887417e-10,3.2495018e-10,2.0886787e-10,8.075146e-10,3.8228085e-10,5.282986e-10,1.6825599e-10,7.544479e-11,2.2436747e-11,1.7819031e-10,2.8932762e-10,1.5431233e-11,1.2844327e-10,5.8047216e-11,1.4499092e-10,2.252537e-11,2.1714389e-10,4.0492637e-10,4.0048226e-10,4.565404e-11
1.0364063e-06,7.0102155e-06,6.4848036e-06,4.4356543e-06,7.237343e-07,2.862391e-06,1.8373817e-07,2.825491e-06,5.4866507e-07,1.255107e-06,3.5585538e-06,7.4308405e-06,9.286431e-08,2.5146726e-06,2.3919558e-06,4.589956e-08,5.275691e-06,1.3399899e-06,1.4917016e-06,4.3841437e-06,7.1914417e-07,3.1292204e-06,6.6426855e-06,3.4281024e-06,3.696948e-06,3.5326525e-06,1.5183412e-06,1.2562264e-06,2.8789777e-06,1.6585242e-06,4.5067673e-06,3.895008e-06,5.0581452e-06,3.093309e-06,2.1410237e-06,9.829793e-07,1.0462998e-08,3.1731427e-06,1.8491726e-06,4.399611e-06,4.6262767e-06,2.517313e-06,5.658273e-07,1.2185146e-06,1.5165469e-08,5.4191355e-06,1.9399855e-05,4.678668e-06,5.423911e-06,3.5277208e-06,2.4892174e-06,1.929167e-06,1.7460013e-06,1.3371207e-06,1.3498908e-06,3.6545941e-06,1.2205119e-06,1.1166794e-06,4.1935123e-06,1.460883e-06,2.3403521e-07,1.6249537e-06,6.6593634e-07,5.4751956e-07,2.166855e-06,4.8255106e-07,1.2875657e-06,3.3199026e-06,9.776116e-07,6.295131e-07,8.7260463e-07,1.217307e-06,2.5873005e-06,9.441605e-06,2.6947678e-06,9.213031e-07,3.4827754e-06,5.831309e-07,7.223145e-07,1.2578098e-06,5.950674e-07,1.3599276e-06,3.8223443e-06,2.276516e-06,1.1094439e-06,4.835755e-07,3.9763646e-07,5.052478e-07,2.7982338e-07,5.63371e-07,4.244009e-06,1.2797493e-05,2.6052967e-06,3.3828105e-06,1.6607661e-06,2.5614668e-06,8.201928e-07,2.9462587e-06,1.5689145e-06,1.4092144e-06,2.1434753e-06,1.4007242e-06,6.802638e-08,3.6314927e-07,2.8707836e-07,5.932625e-07,2.0443271e-07,4.543831e-07,2.1035935e-06,2.7720654e-07,9.965063e-07,1.6321887e-06,5.5220476e-06,3.496637e-06,5.811881e-07,2.0974312e-07,1.2700198e-07,6.7625095e-08,8.0868153e-07,1.6210597e-06,8.598716e-08,2.5918148e-06,2.4410272e-07,1.454141e-06,1.4931334e-06,2.3109455e-06,1.536793e-06,3.972852e-06,6.563258e-07,1.9147617e-06,3.2540527e-06,3.3984209e-06,1.4632741e-06,4.0651798e-07,1.5840561e-06,1.853983e-06,7.373869e-07,1.7169812e-06,1.831634e-07,1.5462133e-06,3.5552677e-07,1.3781578e-06,6.6274276e-07,3.6500563e-07,2.5686613e-06,2.4647945e-06,2.73578e-07,2.9900121e-07,3.6406948e-07,4.1014437e-06,3.125275e-06,8.936602e-07,3.9367565e-06,1.104541e-06,2.1720173e-06,1.5059484e-06,7.509642e-07,5.280708e-07,7.164479e-07,4.712366e-07,1.0120247e-06,2.6153853e-07,1.4655263e-06,5.082035e-07,9.0828735e-08,1.5650899e-06,4.8951288e-06,8.797786e-07,6.762833e-07,5.174921e-07,4.3129177e-07,1.0134722e-06,5.3014514e-06,1.0250744e-06,8.715585e-07,3.7968498e-06,6.458704e-06,8.4486464e-07,4.0099772e-07,2.8583293e-06,8.1597204e-07,6.9775524e-07,1.732971e-06,2.1507951e-06,9.668224e-07,8.667343e-07,1.0999881e-06,3.1845943e-07,1.6118008e-06
3.111173e-07,7.452434e-06,3.2134682e-07,2.7711583e-06,2.6785021e-06,1.3423667e-06,2.268092e-07,3.1545223e-06,1.7849148e-07,4.958297e-07,6.0652437e-06,8.2082653e-07,1.3126632e-06,3.8373328e-06,5.97825e-07,3.136772e-07,4.419332e-06,3.542192e-07,9.813604e-07,1.3488506e-06,1.7507463e-07,1.6156885e-06,4.0624545e-06,1.8272261e-06,1.1567974e-07,1.0958775e-06,5.6387273e-07,8.86429e-07,1.6401294e-06,1.4674022e-06,1.6718421e-06,2.3068513e-07,2.9605036e-07,1.0973973e-06,1.8872402e-06,2.1952162e-06,2.4074149e-07,1.0513922e-06,6.882045e-07,1.9769245e-06,1.7307985e-06,6.6421023e-07,2.9726317e-07,4.0693342e-07,4.305353e-07,2.2567124e-06,9.579229e-06,9.312232e-07,1.109477e-06,1.01726684e-07,6.968775e-07,4.2373395e-07,4.5500286e-07,6.50563e-07,7.3047204e-09,1.1454925e-06,1.829763e-06,2.565485e-06,3.5229218e-06,9.592399e-07,1.0257894e-07,8.678558e-07,1.4149887e-06,4.338503e-07,1.0288773e-06,4.2159513e-07,9.75572e-07,1.816989e-06,2.0014454e-06,1.8430327e-07,6.290785e-07,2.289508e-06,6.7035523e-07,5.5593773e-06,1.4079177e-06,1.2397811e-06,2.8458428e-06,5.9601047e-07,6.361538e-07,2.3640866e-06,6.037329e-07,1.1927683e-07,2.1889086e-06,5.320163e-08,7.7173144e-07,1.5693868e-07,6.51498e-08,1.4665486e-07,4.9210576e-07,5.8802004e-07,1.8578147e-06,4.929518e-06,9.568815e-07,1.1551517e-06,1.0865876e-06,2.2695904e-06,1.0666342e-06,2.4442581e-06,2.6746443e-07,1.0613794e-07,1.2517376e-06,8.762323e-08,5.0553695e-07,3.293374e-07,4.791252e-08,1.3309837e-07,2.8674016e-08,2.1333526e-07,2.619957e-07,1.2473693e-06,1.3625963e-06,1.1167472e-06,2.8475404e-06,2.1766189e-06,4.9684746e-07,3.5635844e-07,8.245647e-08,7.0398096e-07,3.516248e-07,5.1780546e-07,1.6424628e-06,6.017432e-07,3.713667e-07,2.6142175e-07,2.8383678e-07,6.691198e-07,1.7191824e-07,1.3257953e-06,1.0472911e-06,1.9160237e-07,1.1387019e-06,1.3609541e-06,7.1468565e-07,1.7122501e-07,2.274476e-07,1.4710294e-07,1.2400759e-06,4.461861e-07,1.1283377e-06,1.491764e-06,3.918791e-08,4.1378658e-07,3.911554e-07,3.0861096e-07,9.639953e-07,1.8674855e-06,1.650113e-07,8.2452146e-07,1.8409711e-06,1.2025771e-07,1.2500125e-06,1.1459437e-06,2.720385e-07,1.7864528e-07,1.7918198e-06,1.1190744e-07,8.183146e-07,1.1114423e-07,2.6795732e-07,7.002839e-09,3.143403e-07,1.1086802e-07,1.6550882e-07,1.4304354e-07,6.2166856e-07,3.960875e-07,2.286809e-06,1.0884671e-06,3.897253e-07,7.7305833e-07,5.675441e-07,1.3351072e-06,5.34821e-06,5.905385e-07,1.0846288e-06,1.2606373e-06,9.021154e-07,6.503534e-07,6.79875e-07,7.886014e-07,6.814844e-09,8.2827455e-07,5.2639484e-07,1.5645047e-07,1.7022462e-06,3.3299287e-07,1.1487124e-06,1.8744213e-07,6.9064e-08
2.2835408e-08,1.9389457e-08,2.4938428e-08,3.8710564e-09,7.666469e-09,6.596819e-09,9.685595e-09,2.2758369e-09,3.2098866e-09,2.1345901e-08,1.4684351e-08,2.3455485e-08,1.9447874e-09,1.868507e-09,7.0275945e-09,1.1570811e-09,4.5435888e-10,1.6687941e-09,4.460086e-09,1.0731789e-08,5.0504916e-09,4.2574477e-09,1.7485361e-09,1.7001269e-09,3.2426257e-09,7.573295e-09,8.310601e-09,5.1496896e-09,4.4969033e-09,2.185332e-09,3.711819e-09,2.785837e-09,2.8068579e-09,3.7284202e-09,6.125306e-09,3.4616494e-09,2.00273e-09,4.0279726e-09,1.8929334e-09,4.070261e-09,3.8985887e-10,6.6440903e-10,3.3021301e-09,7.0585333e-09,1.0390433e-09,9.054806e-10,1.6106634e-08,2.8180895e-09,8.223209e-09,8.878254e-09,5.8935563e-09,4.792841e-10,1.23946e-09,3.607637e-09,7.5066e-10,7.977901e-09,8.329332e-09,2.7275069e-09,7.779425e-09,6.2249805e-10,5.7280993e-09,8.529304e-09,3.0148692e-09,5.929402e-09,1.3366857e-09,5.0404303e-10,5.6411087e-10,8.270722e-10,2.5132183e-09,2.2139277e-09,2.9096294e-09,2.3155122e-09,2.9841243e-09,1.6730418e-08,3.0063745e-09,1.7357649e-10,3.2255878e-09,6.3272676e-09,7.386608e-10,7.926148e-09,2.4511702e-09,2.9737435e-10,4.8392983e-09,2.4895148e-09,5.117242e-10,5.6082903e-09,3.0973877e-09,5.4335936e-10,5.4128777e-09,1.8294828e-09,1.7247668e-08,2.0413578e-08,4.3938213e-09,3.264156e-09,2.1108548e-08,9.576776e-09,8.2785656e-10,1.08980736e-08,1.8954966e-09,1.3668462e-09,6.439736e-09,2.756045e-09,2.017435e-09,4.9712208e-09,7.927099e-10,3.428433e-10,6.625966e-09,2.7268623e-10,1.2505003e-08,1.149586e-08,1.9708835e-09,1.4878714e-09,2.3961053e-09,2.1262585e-09,1.3603274e-09,1.722576e-08,1.8968494e-08,5.3585936e-10,5.499017e-09,6.429195e-09,1.0318313e-08,5.5542992e-09,4.8921983e-10,4.076085e-09,4.1225645e-09,1.8648105e-09,7.3783124e-10,1.036002e-09,6.747701e-09,2.8760407e-09,9.680561e-09,2.679363e-10,2.7283824e-09,4.669561e-09,4.2462376e-09,8.6662605e-10,1.5876296e-09,1.3806039e-09,1.2093596e-08,7.630014e-09,3.5141494e-09,2.7878502e-09,5.0554325e-09,7.372476e-10,2.370276e-09,6.5410406e-09,5.307194e-09,9.857136e-09,2.0243167e-09,8.2595886e-10,2.8870755e-09,8.415329e-09,2.2147744e-09,1.7314755e-09,7.381313e-09,4.2503006e-09,2.4730644e-09,6.1036256e-09,1.0874946e-09,9.419605e-10,4.7491735e-09,1.1024409e-10,4.270663e-09,1.987358e-09,4.356736e-09,6.944134e-09,5.74755e-09,3.042755e-10,3.5695678e-09,1.6383812e-08,4.123839e-09,4.897875e-09,3.8630605e-09,1.2095752e-08,4.9935167e-09,3.9987396e-09,1.648983e-09,5.951489e-10,1.3800235e-09,1.912202e-09,1.6872992e-10,5.108247e-10,3.016611e-09,6.731985e-09,1.2435261e-09,2.1616393e-09,6.6158132e-09,3.4476413e-09,6.5326997e-09
0.0,0.0,0.0,0.0,0.0,0.0,0.0,0.0,0.0,0.0,0.0,0.0,0.0,0.0,0.0,0.0,0.0,0.0,0.0,0.0,0.0,0.0,0.0,0.0,0.0,0.0,0.0,0.0,0.0,0.0,0.0,0.0,0.0,0.0,0.0,0.0,0.0,0.0,0.0,0.0,0.0,0.0,0.0,0.0,0.0,0.0,0.0,0.0,0.0,0.0,0.0,0.0,0.0,0.0,0.0,0.0,0.0,0.0,0.0,0.0,0.0,0.0,0.0,0.0,0.0,0.0,0.0,0.0,0.0,0.0,0.0,0.0,0.0,0.0,0.0,0.0,0.0,0.0,0.0,0.0,0.0,0.0,0.0,0.0,0.0,0.0,0.0,0.0,0.0,0.0,0.0,0.0,0.0,0.0,0.0,0.0,0.0,0.0,0.0,0.0,0.0,0.0,0.0,0.0,0.0,0.0,0.0,0.0,0.0,0.0,0.0,0.0,0.0,0.0,0.0,0.0,0.0,0.0,0.0,0.0,0.0,0.0,0.0,0.0,0.0,0.0,0.0,0.0,0.0,0.0,0.0,0.0,0.0,0.0,0.0,0.0,0.0,0.0,0.0,0.0,0.0,0.0,0.0,0.0,0.0,0.0,0.0,0.0,0.0,0.0,0.0,0.0,0.0,0.0,0.0,0.0,0.0,0.0,0.0,0.0,0.0,0.0,0.0,0.0,0.0,0.0,0.0,0.0,0.0,0.0,0.0,0.0,0.0,0.0,0.0,0.0,0.0,0.0,0.0,0.0,0.0,0.0,0.0,0.0,0.0,0.0,0.0,0.0,0.0
3.2742868e-05,0.00013888956,6.279974e-05,1.1189737e-05,2.7446418e-05,3.846575e-05,8.966694e-06,3.7802543e-05,5.557972e-05,2.8948665e-05,4.6199966e-05,6.2036124e-05,6.957052e-05,4.1599626e-05,2.348862e-05,1.2573355e-05,7.413504e-05,3.3391065e-05,2.2407665e-05,8.831208e-05,2.608931e-08,3.8455793e-05,8.5275766e-05,5.200505e-05,4.1062525e-05,2.7924381e-05,3.0463907e-05,1.3734783e-05,7.572893e-05,6.005235e-06,5.857039e-05,1.6024542e-05,6.8506924e-05,2.7259586e-05,2.0274016e-05,1.7740638e-05,3.6434099e-06,8.009513e-05,9.357875e-06,7.574146e-05,4.7164347e-05,4.636588e-05,1.6601825e-06,1.33882995e-05,1.0048862e-05,5.9139085e-05,0.00030483364,5.932183e-05,3.9447616e-05,4.029749e-05,1.3223517e-05,3.2499272e-05,1.5202872e-06,8.952955e-06,4.532791e-05,6.353815e-05,3.6615857e-06,1.7275528e-05,6.5823864e-05,5.3108575e-05,5.715543e-06,8.726307e-06,6.537419e-06,1.9801193e-05,9.1011925e-06,8.855868e-07,7.2560915e-06,2.4533816e-05,2.5721587e-05,7.2181233e-06,3.1314964e-06,2.639768e-05,4.6303525e-05,0.0001421859,2.6461268e-05,1.2302675e-05,4.5201556e-05,9.508077e-06,6.733776e-07,3.9485544e-06,2.0688354e-05,1.3606526e-05,6.7236906e-05,2.7052929e-05,9.272534e-06,4.851033e-06,1.0374323e-05,6.696474e-06,3.5734013e-07,8.624911e-06,3.5265275e-05,0.00017722682,2.8536346e-05,1.660612e-05,3.2664804e-05,6.398015e-05,1.5488784e-05,2.9920095e-05,4.151929e-05,7.5012986e-06,4.281364e-05,1.3162065e-05,1.4874386e-05,1.0954319e-05,1.5946791e-06,6.64441e-06,1.5028957e-07,1.0414158e-06,4.3477405e-05,2.0386835e-05,2.541694e-06,2.776218e-05,5.0012914e-05,1.1312703e-05,1.3522418e-05,2.252356e-06,5.7594345e-05,3.0696305e-05,1.6147162e-06,6.786703e-06,8.524511e-06,7.323689e-06,8.130702e-06,2.4817175e-06,2.866449e-05,1.0101434e-05,7.137156e-06,7.264475e-05,5.9136305e-06,1.4238716e-05,5.2430652e-05,2.6809557e-05,5.3178355e-06,1.7044827e-05,1.9686133e-05,3.268398e-05,1.1088818e-05,2.5521687e-05,1.046679e-05,2.1192687e-05,2.5625166e-06,2.5111643e-05,3.5820427e-05,7.3934257e-06,1.03419015e-05,2.8578857e-05,3.0045312e-05,2.7201877e-05,1.6326932e-05,5.075623e-05,2.9519037e-05,1.9513762e-05,3.7377788e-05,7.31025e-07,4.8695103e-05,1.4760668e-05,5.8082624e-06,1.487312e-05,2.2444615e-06,1.3520538e-05,1.2951543e-05,1.5651008e-06,1.884061e-05,2.3018183e-05,4.2733463e-06,1.2748642e-06,8.3097395e-05,4.7701997e-06,1.9923446e-06,2.3796981e-06,1.2592964e-05,1.5412625e-05,0.00012306037,1.2461538e-05,5.219961e-05,5.8464087e-05,9.7968245e-05,1.229529e-05,3.3666797e-06,2.6227191e-05,9.528965e-06,3.3153851e-06,2.2542332e-05,2.8102635e-05,1.6782344e-05,6.3582775e-07,2.0228497e-05,1.33967205e-05,1.0326744e-05
1.48883655e-05,9.330064e-05,2.2775797e-05,7.935277e-06,2.2225267e-06,2.2844259e-05,1.1083308e-05,1.9233226e-05,9.34594e-06,1.6501685e-05,8.274425e-05,8.543487e-06,4.7939164e-05,1.8061954e-05,1.737343e-05,2.2741551e-07,7.272957e-06,5.753796e-06,1.9241985e-05,2.2429802e-05,8.821441e-06,2.4723144e-05,4.8007765e-05,1.3199091e-05,1.6410817e-05,3.1947457e-05,1.4346047e-05,1.8144736e-05,2.7611679e-05,9.076032e-06,2.9602745e-05,2.120991e-05,3.8051843e-05,7.511593e-06,2.4581654e-05,5.3084673e-06,3.8044582e-06,4.0961204e-05,3.4380573e-06,3.7199297e-05,1.09319935e-05,1.8615114e-05,3.7051514e-06,6.0596894e-06,2.407572e-06,4.4266577e-05,0.00013427706,1.1986553e-05,8.793352e-06,3.1221265e-05,1.762122e-05,1.0880557e-05,2.9665272e-05,1.5693753e-05,5.437233e-06,2.9731916e-06,8.611427e-06,5.4891616e-06,3.760591e-05,1.8402068e-07,2.5459798e-05,2.8102854e-06,9.548311e-06,1.06707785e-05,1.5980388e-05,5.9847457e-06,7.363278e-06,2.2215954e-05,1.09234e-05,3.1752902e-06,2.9575417e-06,1.0207645e-05,2.8756453e-05,6.411665e-05,1.2020557e-05,2.3772696e-05,1.7804508e-05,1.5193336e-07,4.2199044e-06,1.4033924e-06,7.803787e-06,2.720265e-06,2.6455007e-05,1.180396e-05,1.9271606e-06,4.600879e-07,8.337383e-06,7.099998e-06,2.9122532e-06,6.6329324e-07,3.066675e-05,5.76731e-05,9.03422e-06,1.0146464e-06,2.9302091e-06,2.1529471e-05,1.8347218e-05,1.6671933e-05,2.8447253e-06,6.692974e-06,1.4357873e-05,6.5814443e-06,1.1013142e-05,2.9653127e-06,8.378116e-06,7.707784e-06,9.174488e-06,4.0743334e-06,1.8309063e-05,1.1363501e-05,1.6022766e-05,3.4194665e-05,1.1774266e-05,7.341361e-06,1.7214155e-05,1.8751769e-05,1.2581666e-05,1.3856661e-05,5.9538297e-06,1.3938574e-05,2.8506793e-06,4.6609443e-06,5.953625e-06,1.0533647e-05,1.228636e-05,7.207974e-06,9.821895e-06,1.875394e-05,9.001238e-06,2.1323838e-05,1.1203736e-05,1.2227106e-06,3.9448655e-06,7.518747e-07,7.838429e-06,7.578472e-06,1.1612559e-05,1.343558e-05,4.723651e-06,7.18645e-06,5.179289e-06,2.5411497e-05,1.0963789e-05,5.2219084e-06,2.149451e-05,2.3363793e-05,4.7257927e-06,9.397561e-06,4.4724675e-07,1.8659786e-05,1.6926979e-05,2.9278128e-06,1.0006615e-06,3.390552e-06,2.213774e-05,5.409744e-06,5.3125545e-06,2.160395e-06,1.7199845e-06,1.1882289e-06,2.7076678e-06,2.0156017e-06,1.118341e-06,1.8914448e-05,1.2510938e-05,6.25547e-06,2.2386786e-05,2.6093267e-06,1.7528691e-07,1.848302e-05,3.6392344e-06,1.948328e-05,3.3168137e-05,2.602583e-05,2.1857528e-05,2.4500541e-05,3.953765e-05,2.335054e-05,8.802591e-06,2.4179677e-05,5.4649277e-06,5.779484e-06,3.6813842e-06,1.3333902e-05,1.1797257e-05,5.8157266e-06,9.535443e-06,6.505347e-07,5.568775e-06
1.38993625e-08,6.7400494e-09,5.7711333e-09,1.42046765e-08,1.8970483e-09,6.210092e-09,4.0259946e-09,1.4384081e-08,9.310874e-09,1.7959124e-08,5.832778e-09,8.528822e-09,1.2823859e-08,1.3261519e-09,5.147459e-09,9.211707e-09,9.041823e-09,1.7444414e-08,1.8267938e-09,2.9729568e-09,6.0054663e-09,1.146303e-08,6.619729e-09,3.92303e-09,4.1047374e-09,1.2018724e-09,4.181735e-09,6.7593944e-09,3.2977863e-09,3.856969e-09,6.339727e-10,1.2088583e-08,2.3618072e-09,7.195754e-09,4.2713624e-09,1.2448055e-09,7.0594e-09,1.3375843e-09,2.337492e-09,2.3077058e-09,7.884664e-09,2.137562e-09,1.3423141e-09,5.438464e-09,5.4120184e-09,1.1767608e-08,1.6956319e-08,7.1873307e-09,3.4449608e-09,1.7254104e-08,1.1860269e-08,1.3061805e-08,8.932035e-09,7.192684e-09,2.5000604e-09,7.231695e-09,8.698176e-09,1.6450628e-08,2.2371491e-09,5.107229e-09,1.4234674e-08,8.984882e-09,4.496576e-10,1.7865229e-09,1.3298154e-08,3.969514e-09,2.5323121e-09,1.0462089e-08,2.6440565e-09,7.72618e-09,5.908292e-09,4.7415067e-09,7.880578e-09,1.33275115e-08,1.4098518e-09,3.4349137e-09,1.3316811e-08,9.912968e-09,3.3432062e-09,1.1226005e-09,7.615058e-10,1.5785117e-09,8.082397e-10,2.496065e-09,6.770791e-09,2.7098968e-09,4.5785074e-09,4.8905053e-09,9.392029e-11,5.82837e-10,4.2543222e-09,6.5003145e-09,3.7129406e-09,1.20325945e-08,8.725405e-09,5.4126374e-09,4.838912e-09,1.1086122e-09,2.1079962e-09,1.469932e-09,3.389129e-09,1.0421053e-10,3.53771e-09,4.9062426e-10,4.015067e-09,6.8149015e-09,2.019024e-09,1.4779622e-09,7.119602e-09,9.298158e-09,1.0243884e-09,6.7468737e-09,1.6986174e-08,1.2597002e-08,7.832542e-09,5.347391e-09,1.0318438e-08,4.8109805e-10,2.5082834e-09,6.288799e-09,1.816866e-08,4.9405136e-10,1.4027808e-08,2.72477e-09,3.745133e-09,3.454296e-09,2.180022e-09,1.8632298e-09,1.8682553e-09,9.889948e-09,5.1392237e-09,8.093057e-09,1.2133152e-08,2.2518298e-09,3.674659e-09,5.522102e-09,3.1175325e-09,2.8688407e-10,5.2694524e-09,2.3242623e-09,5.364748e-09,5.1454694e-09,1.9563633e-09,1.4232221e-09,1.7373968e-09,4.10604e-10,8.770872e-09,6.102832e-09,9.59503e-09,6.3705237e-09,3.722692e-09,7.600045e-09,2.566475e-09,5.3814897e-10,3.343686e-09,2.634406e-09,4.6849955e-09,2.0908297e-09,1.6023809e-09,6.113318e-09,1.2492882e-09,3.6557016e-10,7.5669275e-09,4.240887e-09,4.3113535e-09,4.1704373e-09,3.7042165e-09,8.938077e-09,2.2512694e-09,3.4703849e-09,9.545257e-09,8.324468e-10,1.8012807e-08,5.2705897e-09,5.2114966e-09,4.1368775e-09,5.5991336e-09,5.9465077e-09,3.1423384e-09,9.793432e-10,2.2465283e-09,4.969041e-09,1.4651216e-09,1.87079e-09,7.463824e-09,1.00801865e-08,1.6133064e-09,2.2052522e-09,1.0589948e-09
0.00030182977,0.004814946,0.0017333406,0.00076842145,0.00079135987,0.00075510266,0.00061285833,0.0006354255,6.1589526e-05,0.00079358043,0.0037783505,0.0016418191,0.0031888543,0.00057130767,0.000104798724,3.7558522e-05,0.0012482271,0.0008865371,0.0013160291,0.0011926942,0.00025377807,0.00088239316,0.002120687,0.0016674995,0.0009023016,0.0010697478,0.0007200417,0.0007385959,0.0007362516,0.0005792612,0.0013976597,0.0008789445,0.0020935962,0.0004110228,0.0007633327,7.241914e-05,2.6842681e-05,0.0019437037,0.00044772605,0.001383449,0.0012886777,0.0014321518,3.039895e-08,0.0004957737,0.00037230362,0.001201253,0.008097896,0.0010518458,0.0006425496,0.00052863057,0.00020621072,0.000516682,0.000807365,0.00032020116,0.0007788732,0.0008051946,0.0004556058,0.00096309034,0.0007175225,0.0006507147,0.00038047286,0.0003090676,0.00024530198,0.0010550361,0.00040997734,0.00055859506,0.00057602307,0.0005810867,0.00056208496,0.00014295848,0.00025655417,0.00021491613,0.0011947734,0.0032479875,0.0006056971,0.0007842314,0.00095208257,0.0008591737,0.00024500798,0.00032037572,0.00018362032,0.00058708887,0.0017795058,0.00061376323,0.00020805624,2.4508736e-06,0.00038492365,0.00020055898,0.00021726146,0.00014013716,0.0015338716,0.0040042326,0.00021673282,0.0004006354,3.662512e-05,0.00085694785,0.00023022402,0.000911908,1.5974463e-05,0.0005352114,0.0011253394,0.00030053643,0.0004985487,0.00023440456,0.00031302977,0.00025533175,4.7670575e-05,3.2387426e-05,0.00089772977,0.0006702151,0.0010743628,0.0022373917,0.0006614739,0.0014807263,7.173029e-05,0.00011405665,0.00089477346,0.00046984392,6.49946e-05,0.00023746036,0.00031228716,0.00019542058,0.00035548367,0.00018820312,0.00057897903,3.3888587e-05,0.00026924402,0.0016299626,0.0007543061,0.00019146322,0.00013784683,0.00011020596,0.00012651301,0.000111034635,0.00042797506,0.000510381,0.00078728324,0.0008649069,0.00040467567,0.00039862306,0.00014974769,0.0012419256,0.00023191734,0.00037819566,0.0007092471,0.0014419991,0.00044300637,0.00011661188,0.00042445667,0.001244099,0.00041038857,3.7873004e-05,0.0007980722,0.00047484582,0.0012500035,0.0002958198,0.00021887234,0.0002454233,3.6563004e-05,8.1623075e-05,0.00035316462,0.00023846579,0.00017721989,0.0002118788,5.3083262e-05,0.0008397715,0.0009886649,0.00023698653,0.0003511061,0.0006466122,0.00050286006,0.00033902706,0.0019945758,4.5716413e-05,0.0011040907,0.0012616822,0.0009650292,0.00035397714,0.00010003355,0.0005890238,0.00032494823,6.893555e-06,0.0007057545,0.0006195452,0.0002791739,1.10838955e-05,0.0006259632,3.6868165e-05,0.0008408864
0.12950411,0.38888162,0.03705305,0.44778454,0.24224168,0.56396943,0.29318473,0.059541464,0.20674342,0.23051582,0.16321188,0.355256,0.7722026,0.8333852,0.72706896,0.062496863,0.07035092,0.029866368,0.2694543,0.11978197,0.2077338,0.14436668,0.07656604,0.10489313,0.016141223,0.08550213,0.19285113,0.17210792,0.15013605,0.06402322,0.18687037,0.44619212,0.31783476,0.109128684,0.117124185,0.22170925,0.044572018,0.28627586,0.10092649,0.04965535,0.18352672,0.25851175,0.069911964,0.25057542,0.038059417,0.22386025,1.0900197,0.18594982,0.26282442,0.22922704,0.5833201,0.045295965,0.25793907,0.06700819,0.107956976,0.45967278,0.07894071,0.17539129,0.20653868,0.0037515685,0.35355815,0.19222464,0.034679253,0.26933116,0.15442833,0.04825543,0.005816551,0.07179347,0.25157255,0.14807762,0.09392203,0.06624632,0.27465904,0.44773927,0.12553054,0.07023139,0.36257204,0.36039552,0.026197055,0.14030494,0.14236407,0.024507068,0.021987492,0.0018450776,0.00472935,0.04755469,0.19908558,0.04780566,0.05543461,0.07553318,0.11222789,0.053880855,0.35823467,0.11463668,0.5164223,0.40962914,0.040294454,0.052459233,0.15398899,0.033285227,0.020447059,0.027048917,0.038484916,0.09283137,0.20308876,0.09390238,0.08108425,0.011000883,0.19780523,0.56909764,0.13731796,0.26087913,0.2119739,0.40925416,0.55621076,0.2906494,0.34022835,0.34153986,0.24090481,0.12508675,0.09438275,0.16623591,0.0072256066,0.20485204,0.28231868,0.17532608,0.0011351183,0.03781168,0.051977728,0.22663625,0.15799797,0.26979885,0.0007233098,0.03204948,0.2505108,0.2819258,0.03208135,0.0046943426,0.14052072,0.0028651264,0.01956461,0.09765735,0.113336444,0.13826874,0.36255428,0.039948285,0.09874811,0.0508909,0.025785703,0.24017033,0.08722358,0.030306937,0.256948,0.07255658,0.017821401,0.03730954,0.05112605,0.10612327,0.25677148,0.039990284,0.102734156,0.046679832,0.22582346,0.1750496,0.03178873,0.051042132,0.27345452,0.012766179,0.16724825,0.4131478,0.08119351,0.15689799,0.43133512,0.28682154,0.12115256,0.11699263,0.5471725,0.09278011,0.028308146,0.12597926,0.06257518,0.021448754,0.28567958,0.028037887,0.16867396,0.009313075,0.15543142,0.04376792,0.007165447
0.010962181,0.025982343,0.0071936864,0.003182471,0.012748541,0.008431739,0.0019533313,0.017179746,0.0005449753,0.0127028385,0.0168776,0.0023480305,0.0017539735,0.019892944,0.0019412371,0.00085753493,0.008711822,0.0089789685,0.0029117763,0.0030372106,0.00036546355,0.002200583,0.006214907,0.006171569,0.0006139218,0.004452205,0.0033107686,0.004657593,0.011475188,0.0035923012,0.004200218,0.011358871,0.016929068,0.0036840502,0.0005991927,0.0046924073,0.002154613,0.010539582,0.0032376382,0.0012808568,0.0014212448,0.0022863261,0.0051102717,0.0022605157,0.0058889557,0.020933054,0.026384609,0.0046389955,0.007337262,0.015009045,0.017126817,0.0004199529,0.0043047937,0.0067337723,0.006357,0.009092579,0.004295915,0.00086306315,0.017308924,0.0017039895,0.009767832,0.010881379,0.011610494,0.000924589,0.0037205727,0.0049726684,0.00039747663,0.00015369378,0.0010350981,0.00030240964,0.001025656,0.0015465907,0.009623863,0.012890738,0.007350803,0.0064825527,0.007056898,0.0073739886,0.005062479,0.004551301,0.0076033426,0.0026210586,0.0060099913,0.0005750749,0.0014775494,0.010612265,0.0028804461,0.00064187334,0.0014882602,0.0021081436,0.0036741954,0.00260083,0.008766205,0.01317399,0.03465419,0.01695289,0.0078594405,0.0035687063,0.005875727,0.0014501457,0.0058345427,0.00082111073,0.00046589185,0.006798642,0.004275048,0.0005262927,0.0008696527,0.0032738706,0.006874793,0.013437902,0.008124896,0.0047538443,0.005147054,0.00026869378,0.00573759,0.004317878,0.0050458433,0.0031475613,0.0026113188,0.005803849,0.0050491663,0.008933564,0.005541967,7.151975e-05,0.005347172,0.0030696404,0.002100083,0.0009768379,0.0030413216,0.00090559246,0.015264322,0.0041397396,0.0041546435,0.0038167995,0.0023744581,0.00077932375,0.00753171,0.000676177,0.004897029,0.010994941,0.0010801915,0.0037222044,0.009973269,0.00017414615,0.001516134,0.008484881,0.0019593693,0.0032836702,0.003945481,0.0040810085,0.0019472721,0.00032087287,0.003886745,0.002827546,0.0060923034,0.0010639302,0.0011209636,0.009725133,0.0061806613,0.00028251536,0.0010447709,0.002654594,0.004133815,0.003436789,0.0029820576,0.00044494192,0.0019888305,0.00422163,0.0006947767,0.0067252168,0.0002446724,0.005708919,0.007945066,0.007087545,0.0021245235,0.01177,0.007926782,4.339963e-06,0.012454444,0.0025491854,0.0019026623,0.010601383,0.0012302303,0.0013351091,0.014403725,0.00038556184,0.0023420048,0.004725658,0.00071160117
0.0,0.0,0.0,0.0,0.0,0.0,0.0,0.0,0.0,0.0,0.0,0.0,0.0,0.0,0.0,0.0,0.0,0.0,0.0,0.0,0.0,0.0,0.0,0.0,0.0,0.0,0.0,0.0,0.0,0.0,0.0,0.0,0.0,0.0,0.0,0.0,0.0,0.0,0.0,0.0,0.0,0.0,0.0,0.0,0.0,0.0,0.0,0.0,0.0,0.0,0.0,0.0,0.0,0.0,0.0,0.0,0.0,0.0,0.0,0.0,0.0,0.0,0.0,0.0,0.0,0.0,0.0,0.0,0.0,0.0,0.0,0.0,0.0,0.0,0.0,0.0,0.0,0.0,0.0,0.0,0.0,0.0,0.0,0.0,0.0,0.0,0.0,0.0,0.0,0.0,0.0,0.0,0.0,0.0,0.0,0.0,0.0,0.0,0.0,0.0,0.0,0.0,0.0,0.0,0.0,0.0,0.0,0.0,0.0,0.0,0.0,0.0,0.0,0.0,0.0,0.0,0.0,0.0,0.0,0.0,0.0,0.0,0.0,0.0,0.0,0.0,0.0,0.0,0.0,0.0,0.0,0.0,0.0,0.0,0.0,0.0,0.0,0.0,0.0,0.0,0.0,0.0,0.0,0.0,0.0,0.0,0.0,0.0,0.0,0.0,0.0,0.0,0.0,0.0,0.0,0.0,0.0,0.0,0.0,0.0,0.0,0.0,0.0,0.0,0.0,0.0,0.0,0.0,0.0,0.0,0.0,0.0,0.0,0.0,0.0,0.0,0.0,0.0,0.0,0.0,0.0,0.0,0.0,0.0,0.0,0.0,0.0,0.0,0.0
0.0,0.0,0.0,0.0,0.0,0.0,0.0,0.0,0.0,0.0,0.0,0.0,0.0,0.0,0.0,0.0,0.0,0.0,0.0,0.0,0.0,0.0,0.0,0.0,0.0,0.0,0.0,0.0,0.0,0.0,0.0,0.0,0.0,0.0,0.0,0.0,0.0,0.0,0.0,0.0,0.0,0.0,0.0,0.0,0.0,0.0,0.0,0.0,0.0,0.0,0.0,0.0,0.0,0.0,0.0,0.0,0.0,0.0,0.0,0.0,0.0,0.0,0.0,0.0,0.0,0.0,0.0,0.0,0.0,0.0,0.0,0.0,0.0,0.0,0.0,0.0,0.0,0.0,0.0,0.0,0.0,0.0,0.0,0.0,0.0,0.0,0.0,0.0,0.0,0.0,0.0,0.0,0.0,0.0,0.0,0.0,0.0,0.0,0.0,0.0,0.0,0.0,0.0,0.0,0.0,0.0,0.0,0.0,0.0,0.0,0.0,0.0,0.0,0.0,0.0,0.0,0.0,0.0,0.0,0.0,0.0,0.0,0.0,0.0,0.0,0.0,0.0,0.0,0.0,0.0,0.0,0.0,0.0,0.0,0.0,0.0,0.0,0.0,0.0,0.0,0.0,0.0,0.0,0.0,0.0,0.0,0.0,0.0,0.0,0.0,0.0,0.0,0.0,0.0,0.0,0.0,0.0,0.0,0.0,0.0,0.0,0.0,0.0,0.0,0.0,0.0,0.0,0.0,0.0,0.0,0.0,0.0,0.0,0.0,0.0,0.0,0.0,0.0,0.0,0.0,0.0,0.0,0.0,0.0,0.0,0.0,0.0,0.0,0.0
0.0007898169,0.0015958325,0.00021427042,0.00014437735,0.00014784514,0.00070172845,0.0001994193,0.00024241522,0.00057402713,0.0006977221,0.0015645461,0.0005303574,0.0006286899,0.00030896912,0.000105306244,7.932837e-05,0.00074904587,0.00065739546,5.421473e-05,0.0006304707,0.00042235188,0.00026830417,0.0017598146,0.0003818854,0.00011705344,4.2921092e-05,0.00012986563,0.0006843749,0.00061242643,0.0006645996,0.0007286618,0.00062589685,0.00084877596,0.0007160871,0.00094434276,0.0001912496,0.00048034673,0.00029641038,0.000507705,0.0013103227,0.0010330238,0.00046058002,0.00030755973,2.2904496e-05,8.004945e-05,0.00132078,0.0031909582,0.0005507198,8.800202e-05,0.00076382986,0.0002396891,0.0001183134,0.00046649663,0.0005216473,7.168831e-05,0.00048090404,0.0001408592,0.00019959544,0.00052332855,0.00081591774,0.0003383485,0.00022539472,2.299386e-05,0.00055721134,0.0005576752,4.0621297e-05,0.00058445503,0.0004862404,0.00037282938,0.0003165363,7.4743424e-05,0.00018894288,0.000772241,0.0014996266,0.00061046326,0.000526758,0.0014278151,0.00029358396,0.00019785785,0.00047055073,3.4302338e-06,0.00010222319,0.0006652609,0.00010295637,0.00019446589,0.0003427919,8.567949e-06,8.3514395e-05,0.00011863271,0.00023119555,0.00047504622,0.0013581519,0.00027398227,0.00042602007,0.0012061266,0.00071117387,0.00041790027,0.00029805955,0.00016713029,0.00019024934,0.0003427465,6.785363e-05,0.00014991585,0.00011377265,5.707649e-05,7.2218514e-05,0.00013308662,9.3276816e-05,0.0007584976,0.0007872321,0.0005616991,0.0009940984,0.0011159484,0.00011065851,0.0002209776,0.00016816761,0.00032420686,0.0004918446,0.00013008769,0.00042471348,0.0008988662,0.00044615183,0.00030499272,2.3674642e-05,0.0008508408,0.00061743474,0.00018559326,0.00030443724,0.0004924707,0.00023978231,0.0004911707,0.00040481286,0.0006407068,0.000600277,1.4644378e-05,0.00033095054,0.00031697983,0.00018484022,0.0010569295,0.0003574909,0.00014986398,0.00048552075,0.000119520926,4.3307373e-06,0.0002912223,0.00044658102,0.0003349155,0.00020631285,0.00012250457,0.00038619584,0.0011221606,0.0003837586,0.00054738164,0.0001514538,0.00041503905,3.0692627e-05,0.00020439061,1.721608e-06,0.00014106891,0.00016555833,0.0003668411,0.00014052015,0.0004780619,0.0002309467,0.00011769304,0.0001972352,0.0011882072,0.0004985244,2.841375e-05,8.015374e-05,0.00033578323,0.0002821243,0.0013274645,0.0010622687,0.0010642397,0.00029461514,0.0016519311,2.7118713e-05,0.0010041755,0.00014920392,4.958365e-05,0.00018623285,0.00028525636,0.0005717413,0.00068442663,1.4751073e-05,0.00070344325,9.9070574e-05,0.00021830724
3.8541407e-07,2.211623e-05,4.9375008e-06,1.505638e-06,5.002221e-12,3.21601e-06,1.9774166e-06,2.9853215e-06,9.249583e-06,1.6341186e-06,2.3147164e-05,5.1577413e-06,1.1875603e-05,2.0451384e-06,2.4710816e-06,2.8045597e-06,2.2517145e-06,6.311652e-06,3.0617268e-06,4.072641e-06,1.5857362e-06,7.93715e-06,1.3226667e-05,3.488116e-06,2.2761576e-06,5.204395e-06,7.78262e-06,3.950139e-06,4.0162527e-06,3.5598268e-06,8.452839e-06,7.848625e-06,6.3749094e-06,1.8064442e-06,5.5250835e-06,2.0480417e-07,9.458473e-07,4.651547e-06,1.2521981e-06,8.972924e-06,6.253749e-06,2.504548e-06,2.3644793e-07,1.325343e-06,2.3404325e-06,9.528291e-06,3.5154746e-05,2.2127026e-06,8.227446e-07,1.6894996e-06,3.4149539e-06,6.1529454e-07,2.770518e-06,1.9297477e-06,2.4324495e-06,2.691882e-06,4.189638e-06,2.748739e-06,6.0735842e-06,5.2586975e-06,3.025913e-06,1.0502818e-06,1.972019e-06,1.2761873e-06,4.31811e-06,1.3714435e-06,4.823059e-06,4.116325e-06,4.5859247e-06,6.3966695e-08,2.9400547e-07,2.9742478e-06,6.2569634e-06,2.0623247e-05,2.1291748e-06,1.0815839e-05,6.745262e-06,8.029974e-08,1.5104315e-06,3.2978878e-06,5.1248294e-06,1.298643e-07,5.734467e-06,1.4363122e-06,6.739707e-07,1.08261474e-07,1.6641438e-06,9.332827e-07,7.22302e-07,6.223851e-07,7.552934e-06,1.6884265e-05,2.1030667e-06,3.5138387e-06,1.1359687e-06,1.06064035e-05,2.943385e-06,5.8743726e-06,2.9244998e-06,6.3612123e-07,3.0782628e-06,9.333144e-07,2.914856e-07,5.185179e-07,1.1230145e-06,1.2235533e-06,1.8415881e-06,1.602095e-06,1.0469854e-06,4.95598e-07,1.2079889e-06,8.267041e-06,1.9017283e-06,5.271183e-06,3.37779e-06,4.5039985e-07,5.5938863e-06,1.487289e-06,3.3239419e-06,4.1891252e-07,2.8174472e-06,2.189082e-06,9.286083e-07,2.2605773e-06,8.284326e-07,4.4457597e-06,6.8324795e-07,9.0879166e-07,1.2663794e-06,9.720485e-07,1.1730776e-07,2.7241003e-07,1.9879587e-06,1.584935e-06,2.1462704e-06,1.5724252e-07,3.9375136e-06,9.95366e-07,3.7506746e-07,1.4410537e-07,7.4080765e-07,1.6935916e-06,1.0432757e-06,3.9839284e-07,2.3513364e-06,6.3528223e-06,8.899799e-07,3.8790017e-07,3.853063e-08,3.6718604e-06,3.5971889e-06,2.1458711e-06,1.6649474e-07,2.3381602e-07,3.92504e-06,7.8946783e-07,2.6306014e-07,1.9366635e-06,1.126925e-06,1.9016966e-08,1.5637022e-07,6.063815e-07,1.6274523e-06,8.2685983e-07,7.461242e-07,1.7580937e-06,4.219064e-06,2.969312e-06,2.825696e-06,1.9823935e-06,1.2514087e-06,1.2104724e-06,1.1418238e-05,3.424692e-07,6.185417e-06,4.1325475e-06,1.3279158e-06,3.0627386e-06,4.3426286e-07,1.3279144e-06,6.864138e-07,9.552193e-07,1.8941697e-06,2.515917e-06,5.247171e-06,1.710509e-06,1.6681834e-06,2.3911596e-06,2.122588e-08
0.00014755246,0.00033924374,7.517973e-05,0.00015379794,8.011374e-05,0.00020613578,1.1079577e-05,3.0597025e-06,1.8688126e-05,8.896578e-05,0.00031203177,0.00021740493,6.754083e-05,0.000100759426,0.00018737002,4.3121934e-05,2.0806714e-05,2.609133e-06,3.7129823e-05,9.673514e-05,6.945181e-05,4.030617e-05,0.00023683553,7.133825e-05,0.00012928215,2.9588815e-05,4.8430193e-05,0.00015325098,5.220691e-05,0.00017294372,0.00022914032,0.00018439109,0.00024769083,0.00013794663,0.00020516079,0.00011952147,0.0001787755,3.8391652e-05,9.6777134e-05,0.00016530935,0.000221917,7.8427925e-05,4.662407e-05,4.5195284e-05,2.567101e-05,0.00022727042,0.00050651986,0.00011589845,0.00027669547,1.8589155e-05,0.00021157424,9.099498e-06,2.2064098e-05,2.0084786e-05,2.8243252e-05,1.9041352e-05,5.1015806e-05,3.796828e-05,0.00015620273,0.00015603605,3.3374206e-05,3.7134232e-06,6.363469e-05,6.916968e-05,9.984727e-05,2.13588e-06,0.00011746537,6.427368e-05,6.476146e-05,3.9191047e-05,1.1921555e-05,1.49428515e-05,0.00014240545,0.0002582464,0.00015770254,2.7169983e-05,0.00015110298,1.8723003e-05,2.1763168e-05,9.972079e-06,8.505129e-05,4.2267468e-05,0.00014320805,3.6461922e-06,2.0935859e-06,5.6050783e-05,8.552811e-06,6.7109086e-06,1.4480898e-05,1.5426758e-05,8.289993e-05,0.00021118931,2.4882238e-06,5.6453195e-05,6.931171e-05,0.00025991703,8.404774e-05,2.5786969e-05,4.7636382e-05,5.207831e-05,7.046439e-05,1.1794682e-06,1.1351075e-05,1.0356819e-05,1.4032597e-05,1.540995e-05,2.186769e-05,2.3238528e-05,0.00012353757,0.0001511796,8.6572305e-05,0.00023577984,2.9725794e-05,0.000118331925,2.3020933e-05,0.000106371284,0.00015493392,3.2144584e-05,8.858503e-05,4.722552e-05,0.00017273636,7.6083525e-05,3.979096e-05,6.013196e-05,3.2554002e-05,0.0002365499,9.613422e-05,0.000106174586,0.00013008721,4.2982334e-05,0.00018022828,0.00013823545,5.519006e-05,0.00015393918,1.9251966e-05,8.8086905e-05,8.211108e-05,4.949066e-05,0.00013800626,5.4587406e-05,7.199372e-06,1.0004333e-06,2.1708422e-05,3.417004e-05,4.020285e-05,7.548922e-05,3.135374e-05,0.00013648416,3.786172e-07,0.000101251746,0.00021191171,2.1053482e-05,0.00017178133,3.633495e-05,8.2080056e-05,2.8375161e-05,2.7663657e-07,5.9028534e-06,4.9264032e-05,1.012614e-05,4.2854415e-05,1.9497355e-05,8.166356e-05,0.00013584983,1.8062332e-05,2.7417347e-05,0.00028352826,0.00010584998,6.699605e-05,5.3040974e-05,1.4953228e-05,0.00013679286,0.00015600913,0.00037684405,5.7864327e-06,4.775021e-05,0.00034602472,0.00010800318,0.00015988314,6.7884714e-05,1.8175117e-05,3.399187e-05,2.828011e-06,0.00012476253,4.1349154e-05,1.857061e-05,6.213419e-05,3.73631e-05,0.000107483436
9.919983e-05,0.0006207461,5.0643124e-05,9.1893e-06,7.2732128e-06,0.0002465888,0.00015498974,0.00017332438,0.0004114013,4.2248503e-05,0.0007028005,2.1788772e-05,0.00034357575,0.0002560024,0.0003657335,9.838627e-05,0.00030601828,0.00031398862,2.9380186e-05,5.9045597e-06,7.044383e-05,0.00013215287,0.00036716915,0.00011078693,5.8551643e-05,4.400276e-05,1.3521958e-05,1.24893195e-05,0.00013528354,9.62133e-05,0.00011029179,8.4064224e-05,4.1131396e-05,8.2987535e-06,6.2335e-05,2.5276444e-05,1.7636878e-05,3.228296e-05,7.240362e-05,0.00012114046,0.00015201836,9.255078e-06,3.5142417e-05,9.784507e-05,7.370656e-06,0.00024453618,0.0010075642,5.8013684e-05,1.7521352e-05,0.00012384585,0.00029335756,5.7205816e-06,5.4309472e-05,0.00012761813,6.66236e-05,0.0002545889,6.305753e-05,0.00012796494,0.00019339491,0.00018166323,7.5965996e-05,8.726864e-05,5.294297e-05,7.6805794e-05,0.00021912839,2.1071464e-05,5.6569934e-05,0.00010220693,0.00012059848,0.00013211962,2.8603605e-05,0.00013012759,0.00013507916,0.00046451064,7.846205e-05,0.00030710403,0.00032890713,0.00023349849,1.2287606e-05,7.464623e-05,6.3084204e-05,1.7725766e-05,0.00018911215,6.826107e-06,3.536476e-05,7.070128e-05,8.4732405e-05,4.5226145e-05,1.270869e-05,0.00010762188,2.9756353e-05,0.00036891038,0.0001751618,0.00015017201,0.0004767816,9.604331e-05,7.977902e-05,8.24029e-05,9.4153314e-05,6.5764525e-06,0.000101910686,7.6021934e-06,2.6205187e-05,2.7815866e-05,0.00010160418,5.117184e-05,7.270914e-06,0.00011534428,3.6332858e-06,5.355702e-05,1.7826638e-05,8.1979575e-05,0.00018341727,0.00022661487,7.6322714e-05,6.9579546e-05,0.00011833164,8.148804e-05,0.00012184672,7.548299e-05,0.0001133764,0.00017900576,4.9397582e-05,0.00012852604,8.657756e-05,6.759288e-05,3.2733144e-05,4.4851902e-05,0.00010763341,8.6375905e-05,5.3994678e-05,0.00010047249,7.997041e-06,5.888284e-05,0.00010020395,2.833828e-05,0.000111002024,1.4552857e-05,1.9669382e-05,7.054767e-05,3.291925e-05,2.5139707e-05,2.4627374e-05,9.054591e-05,0.00010440275,0.00011517441,5.297965e-06,6.156165e-05,8.5444546e-05,0.00012102284,8.304996e-05,0.0001366056,2.4102914e-05,2.155525e-05,0.00013364805,8.9884325e-06,1.2576908e-05,2.793365e-05,0.000114049755,2.656355e-05,5.7604164e-05,8.7781795e-05,8.85516e-05,9.800274e-05,1.672129e-05,7.3790274e-05,7.621759e-05,5.8178433e-05,1.8445262e-06,5.5469874e-05,0.00020790682,0.0002199364,0.00040948958,6.178301e-05,0.000433021,1.8724713e-05,2.529228e-05,1.0738404e-06,1.2337681e-05,1.9994131e-05,5.9449834e-05,1.6345566e-05,0.00011832347,1.539789e-05,0.00015380803,9.196898e-05,6.596648e-05,1.7804208e-05,1.6799813e-05
6.30945e-05,0.00033134854,8.419455e-05,5.5260134e-06,8.654563e-05,0.00013521254,4.6884717e-05,9.095931e-06,0.00011951369,4.9528335e-05,0.00033407868,8.3029736e-05,0.00020955144,0.00011320432,0.00013074209,3.5156893e-06,3.7001377e-05,0.000120146724,5.0241666e-05,7.651783e-05,4.492251e-05,7.316691e-05,0.00018787454,2.4526944e-05,5.1335483e-06,3.343355e-05,5.2156633e-05,6.9926165e-05,9.209466e-05,6.882764e-05,0.0001433969,0.00012318035,3.3640783e-05,5.339387e-05,7.502285e-05,1.305234e-05,4.0543917e-05,6.858941e-05,2.2686983e-05,0.00011542201,0.00011658504,4.2402313e-05,3.4368062e-05,3.7670998e-06,2.381092e-05,0.00018334165,0.0005795536,2.6973887e-05,4.8615515e-05,8.4360305e-05,9.8586774e-05,2.4936582e-05,1.837873e-05,4.4819724e-05,9.1310885e-06,7.390318e-05,4.2241467e-05,4.2741947e-05,0.00012194835,2.8494916e-05,1.2846846e-05,2.3484079e-05,6.579271e-06,5.5144552e-05,7.448041e-05,3.163563e-05,8.205535e-05,3.3844473e-05,3.818536e-05,2.8793536e-05,4.858925e-06,4.925688e-05,0.000112689435,0.0003196908,4.5581117e-05,0.0001803025,0.0001760583,4.811197e-05,2.7694114e-07,2.6577402e-05,5.862467e-05,2.0127283e-05,7.8722085e-05,2.1198846e-05,2.3982151e-05,2.1189964e-05,4.987543e-05,1.5029927e-06,2.9551943e-06,1.2298251e-05,6.199554e-05,0.00026146715,8.021072e-06,0.00014221118,0.00015972748,7.174846e-05,5.481302e-05,6.2037907e-06,3.1486194e-05,8.127169e-06,4.2320786e-05,1.7841838e-05,9.855155e-06,2.771064e-06,4.914435e-05,1.4661659e-05,6.576639e-06,2.4936784e-05,1.340235e-05,3.6340716e-05,2.5643663e-05,7.231103e-05,7.416894e-05,5.782664e-05,1.7514863e-05,1.5099753e-05,4.4915025e-05,7.7308294e-05,1.9339306e-05,1.7184182e-05,8.452579e-05,5.298723e-05,7.612861e-06,2.7476628e-05,2.2084872e-05,5.0263552e-05,1.1874861e-05,1.7753393e-05,2.546389e-05,3.1273416e-05,1.4611292e-05,1.6412434e-05,3.978955e-05,5.804739e-05,1.8901192e-05,1.3255178e-05,5.2832132e-05,2.4544903e-05,2.6873186e-05,2.0595851e-05,2.8530452e-05,9.110947e-06,1.840379e-05,2.2468976e-07,5.522776e-05,7.3017436e-05,5.372688e-06,1.6795937e-05,3.941896e-05,2.774836e-05,5.919338e-05,1.5182028e-05,1.58547e-05,1.8645997e-05,6.267242e-05,1.0734254e-05,7.434707e-06,2.955113e-06,5.645721e-05,2.790609e-06,1.0257294e-05,2.0612008e-05,4.213937e-05,4.3919106e-05,2.9557512e-05,8.320495e-06,1.8121309e-05,4.1306164e-05,9.352754e-06,6.941207e-06,1.3019238e-05,7.424424e-05,0.00021431419,1.3340006e-05,0.00014868351,3.629659e-05,1.0382284e-05,1.4236546e-05,1.5982889e-05,2.604308e-06,1.5183249e-05,4.6803194e-05,3.7155423e-05,2.8017617e-05,4.9495335e-05,2.4481902e-05,2.1966864e-05,2.6863829e-05,1.7683738e-05
0.0097052455,0.023757165,0.0019152373,0.0086357845,0.00040530117,0.0059311925,0.00637613,0.0069277594,0.009367477,0.007407997,0.027384656,0.0044682887,0.017740933,0.0014352377,0.0066307858,0.016955435,0.008314455,0.00757857,0.00076032884,0.00010314983,0.00017960268,0.0036347925,0.006712184,0.0033905157,0.0012771098,3.9428007e-05,0.0022683684,0.009411266,0.011571989,0.00014063925,0.004987173,0.0015365998,0.0062753265,0.0059296074,0.0001669352,0.0018132786,0.0024688656,0.0047550877,0.0020226792,0.0046369936,0.0013072786,0.0034144951,0.0016204468,0.0027527926,0.0012879318,0.0021406962,0.027088115,0.00067428057,0.004375961,0.010061657,0.0070187263,0.0031540468,4.2818632e-05,0.002770294,0.005505239,0.0033207373,0.0003785193,0.0002933105,0.010295006,0.0056095347,0.0040561478,0.004116027,0.0026154532,0.0031074793,0.002857516,0.0011690382,0.001203147,0.0060791336,0.0012502663,0.0013724446,0.0016357914,0.0023917865,0.0064694397,0.019543009,0.0019934308,0.008073101,0.0031776715,0.005027212,0.0055404594,0.0008050479,0.0011184622,0.0030270002,0.00784765,8.686898e-05,0.0012601757,0.0006343475,0.0015920668,7.470965e-05,0.0015624297,0.0011028501,0.0046140105,0.011579134,0.0023588,0.0026167147,0.004302593,0.008838106,0.006542401,0.0017462596,0.0028087045,0.0017959126,0.0044066245,2.1856249e-05,0.002987274,0.001212584,0.0018305671,0.0003604365,0.0018028213,0.0010936436,0.006545836,0.008113641,0.0012507883,0.013671333,0.0003165304,0.003257682,0.0062526707,0.0017695708,0.003960235,0.0048984136,0.0057879975,0.0005842309,0.0035072025,0.0018528146,0.0014150797,0.004866004,0.004090238,0.002480942,0.0015660059,0.012541057,0.004873733,0.0005214453,0.003228372,0.001667236,0.0072100693,0.009772576,0.00074902724,0.0031813509,0.0020561162,0.00072755595,0.0024766754,0.00054306834,0.0011528868,0.0024944001,0.001368995,0.00088812725,0.0012472367,0.00014629975,0.0017074605,0.0065853912,0.002460353,0.003027753,0.0031397932,0.00020460202,0.0017458729,0.0030416786,0.007461547,0.0008225396,0.0018423861,0.0007597596,0.001504876,0.00051628344,0.0026434232,0.00095984066,0.0011029134,0.0022148835,0.0010779952,0.0007721897,0.006356552,0.0003340587,0.0033577902,0.005741035,0.00040840532,0.0081896875,0.0070577697,0.003220236,0.00054163416,0.000647862,0.006192453,0.011365587,0.0018883054,0.0012423148,0.00014413995,0.0029537193,0.00055040594,0.0006885014,0.0019318475,0.0004339072,0.0049586585,0.004341727,0.00012478612
0.0010940621,0.003194868,0.00017247436,0.0002453455,0.00050256215,0.0017713984,0.00091256807,0.0006758149,0.0021131379,0.00096635736,0.0037672753,4.0590527e-05,0.0021511284,0.0013752341,0.0027222629,0.0005981214,0.0009377652,0.0018918657,5.552068e-05,0.00011364384,0.00034130845,0.0009235438,0.0018915609,0.0004723103,0.00042001624,0.00051197654,0.00014352692,0.00012631156,0.00089396193,0.0006392083,0.000522197,0.0004069739,3.1219835e-05,0.00014993007,0.00024321854,0.00024034955,1.5109748e-05,0.00019714888,0.00021203433,0.0008872401,0.0008028321,0.00018493412,0.00014559092,0.00047510688,0.00019024823,0.0015708104,0.0048512914,6.203045e-05,0.00026426354,0.0010153163,0.0021842082,4.373622e-05,0.000202489,0.0005550539,0.00013860193,0.0007523254,0.00035487878,0.0010537225,0.00086715625,0.00088196824,0.00042123543,0.0004221944,0.00050423894,0.0007943823,0.0011206073,0.00014496702,0.00033852618,0.0005044152,0.00035021632,0.00086565217,0.00027013937,0.0005126966,0.00090318464,0.0026889956,0.00028797012,0.0020663515,0.0023983568,0.0016090261,0.00012894411,0.00048280178,0.00045902672,0.00023402774,0.0008089763,4.6989007e-05,0.0002336662,0.00046460752,0.0005706229,0.00028473616,5.0568167e-05,0.0005263402,0.00015261694,0.0020818138,0.00022806405,0.0005233633,0.0026600782,0.00031210764,0.00040119077,8.2967905e-05,0.00020568617,1.4896519e-05,0.0003851743,1.822154e-05,0.00011106326,0.00012749524,0.00060354086,0.00033019905,4.3626562e-05,0.0005806367,0.00015061564,0.00023517787,0.00026609696,0.00023699211,0.0012312849,0.00090477953,0.00038887834,0.0005165938,0.00023863028,0.0006499573,0.0005428428,0.00049820985,0.00079336006,0.0011121605,0.00050304126,0.00081309373,0.00057255046,0.00047080737,0.00038138815,2.4736712e-05,0.00034973465,0.000120828314,0.00016680174,0.00038385316,5.641584e-05,0.0005861163,0.00063578837,0.00034799468,0.00042744743,6.723855e-05,0.00022821588,0.00055988546,0.00022499061,0.00026141352,2.1980377e-05,0.0005190122,0.0004460096,0.0005926282,6.672636e-05,0.00016344982,0.00049061194,0.00038581464,0.0006773005,0.0006878588,0.00027295487,0.00017685207,0.00070024875,0.00015234279,4.0361894e-05,9.8118275e-05,0.0007262154,0.00014748235,0.0002653046,0.0003761081,0.0005360612,0.00055536325,0.00022939687,0.00047768292,0.0003209777,1.41860655e-05,0.00020827653,0.0006450498,0.00094765297,0.0014038186,0.0026142146,0.00015574759,0.0026261765,0.00010509917,0.00010390747,2.7675458e-05,0.000119958495,0.00020924915,0.00047381344,9.7987795e-05,0.0005534627,7.4378884e-05,0.00075420976,0.00041811334,0.00038867845,0.0004814869,2.4640845e-05
2.8735922e-05,0.00020600637,9.2208666e-07,4.218585e-05,7.7326054e-05,1.457006e-05,3.301861e-05,3.940196e-05,1.1354056e-05,2.6747459e-05,0.0002092375,2.5965704e-05,9.608184e-05,4.3702163e-05,1.9535692e-05,2.6271115e-05,3.2560634e-05,2.3668676e-06,2.8858241e-05,6.67373e-05,7.201719e-06,1.0748317e-05,7.3522366e-05,2.1069109e-06,5.0058534e-06,8.660032e-06,4.7704543e-07,3.2602922e-05,6.255983e-05,2.9908004e-05,9.9078876e-05,1.7925842e-05,7.647378e-05,1.18517255e-05,5.0064853e-05,1.0787875e-05,1.3240739e-05,5.382564e-05,3.7230042e-05,6.049176e-05,7.556082e-07,2.2915408e-05,8.262042e-06,7.153638e-06,3.3180863e-06,4.8274585e-05,0.00027132095,2.021336e-05,2.4210593e-05,1.1184817e-05,3.2209067e-05,2.7931583e-05,1.3814966e-05,1.7140432e-05,3.5925514e-05,1.1861837e-05,4.0176303e-05,1.3795713e-05,8.8091176e-05,4.8534082e-05,2.5248384e-05,8.5521115e-06,1.5894859e-05,1.0405349e-05,2.7516035e-05,3.4762346e-05,4.827931e-05,2.5454992e-06,1.1966194e-05,1.2150184e-06,8.819276e-06,2.7310774e-05,5.5550878e-05,0.0001467013,3.8625603e-06,6.98927e-05,5.994025e-08,1.6687487e-05,1.7215305e-05,1.5165565e-05,1.2662087e-05,8.557208e-06,5.76628e-05,2.0727794e-06,1.8546947e-05,3.0605872e-05,2.0917909e-05,3.3600697e-06,3.8747476e-07,1.3083049e-05,5.6708137e-05,8.231218e-05,7.76158e-05,2.9102683e-05,6.345971e-05,0.00011893304,8.638684e-06,3.822812e-05,4.8878837e-06,6.394698e-06,4.1415828e-05,4.035072e-06,2.0911839e-05,4.203319e-05,4.8415086e-06,1.7001526e-05,5.4712195e-06,1.8480122e-06,7.5781e-05,3.928768e-06,1.4664729e-06,4.6806792e-05,2.855367e-05,3.531918e-05,3.289497e-05,2.3074808e-05,3.0356925e-05,6.124693e-05,3.3756896e-05,1.0466739e-05,5.193879e-05,7.1292074e-05,2.44747e-05,1.1267643e-05,6.503371e-06,6.650838e-06,1.9170126e-05,8.3625084e-05,5.734966e-05,2.451865e-05,1.4284624e-06,4.2457223e-06,4.035452e-06,3.4358185e-05,3.398098e-05,1.547314e-05,1.1861478e-05,2.3591463e-05,1.3429146e-05,1.8180903e-05,1.4061972e-05,4.2818365e-06,1.9552637e-05,2.1812139e-06,1.28881875e-05,7.5777834e-06,2.7436308e-05,7.1431587e-06,2.7684737e-05,2.815128e-05,4.6196128e-05,2.0411057e-05,4.7835374e-06,7.860382e-06,7.010852e-05,9.835003e-06,1.8405839e-05,3.5634705e-05,8.555353e-06,8.82476e-06,1.3946974e-06,3.8484877e-06,3.436005e-05,3.144968e-05,4.33323e-06,2.9028839e-05,5.3645505e-05,1.51157565e-05,2.1059986e-07,2.1629763e-05,4.569813e-05,1.652029e-05,6.04309e-05,3.5730198e-05,2.0418975e-07,2.4868164e-05,0.00010714118,1.5285521e-05,5.9568538e-05,2.5263951e-05,2.9548915e-05,1.0022779e-05,2.1174701e-05,1.5756724e-06,4.1029813e-05,4.7215262e-06,6.3347816e-06,1.6812897e-05,3.1198302e-05
1.2053699e-06,4.1688796e-05,1.3282414e-05,1.0636026e-05,2.1586247e-06,6.8185943e-07,6.020714e-06,5.3636136e-06,3.3814486e-06,3.677203e-06,3.9306422e-05,1.3446827e-05,2.1567737e-05,3.942795e-06,1.660287e-05,5.1594293e-07,7.050749e-06,3.6842494e-06,4.03826e-06,8.4255935e-06,1.3242038e-06,9.185865e-07,2.9828225e-06,1.7522061e-06,2.6851594e-06,5.3702806e-06,2.9741165e-07,8.23205e-06,9.596367e-06,4.835935e-06,1.4245671e-05,1.3417625e-06,1.6026883e-05,3.1325928e-06,8.898485e-06,3.0404458e-06,7.232999e-06,1.0919851e-05,2.0260698e-06,7.7815e-06,4.18787e-06,5.500413e-06,2.2700845e-06,5.177657e-06,5.102702e-07,1.056711e-05,3.2032527e-05,1.6934395e-06,3.843056e-06,1.2740697e-05,1.8003527e-06,1.5750459e-06,5.304738e-06,2.600491e-06,1.744336e-06,3.9736797e-06,8.588912e-06,9.832213e-06,1.1663244e-05,2.7810509e-06,5.300877e-06,8.221476e-07,1.4807871e-06,1.3645226e-06,1.1479957e-06,3.7470209e-06,5.563647e-06,1.0861693e-05,5.721106e-06,4.57332e-06,1.9780282e-07,1.7902275e-07,1.00624275e-05,2.561669e-05,1.4328389e-06,2.8256495e-06,3.835222e-06,1.2574494e-06,8.8027036e-08,2.7140359e-06,3.2106873e-06,3.4786315e-06,1.5009888e-05,2.8308687e-06,3.1083664e-06,2.059395e-07,1.0175262e-06,1.8067847e-06,1.3855719e-06,2.6895298e-06,1.0712283e-05,2.4108282e-05,2.0865002e-05,1.9752315e-06,7.5081143e-06,2.1389253e-05,7.222372e-06,2.8815698e-06,2.3037628e-06,1.6597471e-07,1.369517e-05,7.640114e-07,4.305661e-06,2.6230298e-06,2.9735327e-07,2.25138e-06,1.823465e-06,1.931291e-06,4.499666e-06,3.156804e-06,1.5273756e-05,7.245805e-06,1.13965325e-05,8.67607e-06,5.858221e-06,5.178633e-06,6.3876814e-06,5.8547243e-06,9.032361e-06,3.904591e-06,2.2469017e-06,1.2901616e-05,1.4648992e-06,1.995888e-06,4.62583e-06,6.233627e-06,3.2207495e-06,9.961704e-06,7.852538e-06,2.6147266e-06,1.0426667e-05,1.0733133e-05,2.1237802e-06,4.4754934e-06,7.9697775e-06,4.1317703e-06,1.0260159e-05,6.090828e-06,6.311084e-06,3.7567488e-06,9.212488e-08,1.7608335e-06,5.6089493e-06,3.8606195e-06,3.289377e-07,1.5902942e-05,1.2058214e-05,2.3242933e-06,1.0806088e-05,1.17567615e-05,6.13649e-06,8.179398e-06,1.7483848e-06,1.4815237e-06,1.720248e-05,3.4689046e-07,3.5505293e-06,1.5063574e-07,9.376404e-07,1.828736e-06,1.3865955e-06,3.5141002e-06,4.6395885e-06,3.4277941e-06,5.8226954e-07,1.3771601e-06,1.8351524e-05,4.090276e-06,1.8232561e-06,1.2184167e-06,4.986684e-06,8.986343e-06,4.201479e-08,4.901621e-06,2.9429466e-06,2.6055286e-06,3.844889e-05,7.2744315e-06,1.0348494e-05,2.1224423e-08,3.442134e-06,1.1436134e-06,1.0012484e-06,2.3839918e-06,3.99993e-07,1.9473823e-06,3.0003066e-06,2.6578919e-06,1.976002e-06
0.00030569654,0.0009243289,0.0003963662,0.00013912286,8.6144966e-05,0.0009748057,9.278757e-05,4.4955232e-07,0.0002971696,0.00038407336,0.0011150176,0.00042254495,0.00029721393,0.0002217184,0.0011800148,3.143787e-05,0.00014707215,0.00026039052,7.923508e-05,2.1736781e-05,0.00014692204,0.00027802258,0.00039539553,6.2528714e-05,0.00015139725,7.6467e-05,8.923262e-05,6.349481e-05,0.00022468434,0.00022849833,0.0002477478,6.903212e-05,0.00013159751,5.7376878e-05,8.434028e-05,9.7008015e-06,3.3310134e-05,0.00011223394,6.0082122e-05,0.00020254776,0.00010183364,0.00015220368,2.048765e-06,0.00010317326,2.1676105e-05,0.00034357884,0.0010840729,4.33252e-06,4.5806413e-05,0.00045293634,0.0008286095,0.000132715,0.00014327545,9.656034e-05,0.00010997598,4.8882757e-05,0.00018602851,0.00018877332,0.000100692705,2.5882802e-05,0.00010194284,1.3477791e-05,7.00233e-05,0.00030353628,0.00035020337,5.736578e-05,0.00010825365,6.0520084e-05,6.922489e-05,0.00013770803,0.00013588338,1.09535395e-05,0.00020974038,0.000664611,0.00019294742,0.00045263086,0.0006056778,0.00045922297,6.238347e-05,2.9502517e-05,7.862339e-05,8.9736786e-05,0.00019597363,1.1458068e-05,6.845193e-05,3.423528e-05,0.00024808137,6.806549e-07,1.3126364e-05,0.00012557722,5.1784227e-05,0.0005221488,0.0001353565,2.8895362e-05,0.0007220926,2.506328e-05,6.198365e-05,0.00016297458,0.00011268631,3.2021097e-05,0.00011243586,3.7628895e-05,3.076059e-05,1.3790533e-05,0.0002859011,2.3192311e-05,3.923325e-05,0.00010148749,3.2374006e-05,8.529762e-05,0.000120046876,9.992071e-06,9.502888e-05,0.0002033118,6.330763e-05,5.8854515e-05,4.274588e-05,0.00015905876,0.00011733656,6.5656786e-05,0.00020763517,7.817547e-05,0.00023769953,0.00017492246,2.0827278e-05,0.00023765146,7.756604e-05,1.31277575e-05,0.00017729486,1.7409024e-05,7.1976065e-05,0.00015431659,5.3250005e-05,4.2247782e-05,0.00013692409,7.8536046e-05,9.026776e-05,1.7929668e-05,4.576247e-05,9.365514e-05,0.00014483267,0.00012965297,1.3405928e-05,9.883296e-05,9.414181e-05,0.000138859,0.00011010988,2.6771617e-05,2.492855e-05,0.000110334324,0.00017614721,0.000121033256,3.9120223e-05,7.946692e-05,0.0002183554,1.1833408e-06,1.2307373e-05,2.1171003e-05,0.0003307858,7.914041e-06,4.2901185e-05,7.3049545e-05,0.00010391274,0.00016839235,7.390228e-05,0.00012910059,3.786247e-05,3.488968e-05,9.623653e-05,7.6277334e-05,9.296699e-05,0.0004104139,0.00034655805,0.000364973,0.000369326,0.00024387358,5.424573e-05,0.0001168374,0.000130998,2.6015805e-05,0.00013291903,3.1364387e-05,0.00013012011,6.06193e-05,0.00012613162,0.00025180128,1.2547589e-05,4.6464906e-05,3.111739e-05
0.0008437406,0.0030631532,0.0014252394,0.00036710792,0.0009200092,0.0016104463,0.00078635715,0.00050942966,0.00091698405,0.0001921872,0.0036342966,0.000693018,0.0024746903,0.0017235011,0.0015833224,0.0004865889,0.0012421748,0.00030802767,0.00016195944,0.000471718,7.7765624e-05,0.0010102352,0.0014980098,2.4334739e-05,0.00014508764,0.00027658805,0.00045237152,0.0002762937,0.0007926853,1.7126702e-05,0.0010248952,0.0008636822,0.0012965535,0.00022415434,0.00073262875,8.164846e-05,0.00033342492,0.0008732748,1.2543958e-05,0.001078463,0.00050116464,0.000512806,0.00013112507,0.00038003974,1.859705e-05,0.0017995384,0.005118776,0.00085497,0.00019440979,0.0011626076,0.001677991,0.00035072136,0.00018747943,0.0005007602,0.0009819107,0.00055570994,0.00023081631,0.00041715102,0.0008727349,0.00030798986,0.00038897112,0.00063548586,0.00017674733,0.0005637068,0.0012766306,6.144127e-05,0.0009895614,0.0005368724,0.00037592015,0.0001004638,0.00043315598,0.00021055064,0.0010709567,0.0031146056,0.0006378465,0.0017568902,0.0016385297,9.308196e-05,1.1203752e-05,0.0002221701,0.00046446003,0.00029002226,0.0007878485,0.00014980497,0.0004323728,0.0002514274,0.0006538345,6.744966e-05,0.00015276442,7.923569e-05,0.0009442496,0.00237414,0.00024077689,0.0011165413,0.0011725192,0.00092701823,0.00040684518,0.0006401327,0.0001743732,0.00030848075,0.00021715231,0.00013542824,0.0003482806,2.8832837e-05,0.00039685334,6.6765e-05,0.00034009208,0.0003066266,0.0009774031,4.1781168e-05,1.2027478e-05,0.0005740246,0.000106152314,8.091808e-05,0.00015073677,6.346781e-05,0.00073476596,0.00040081583,0.0003917039,5.6178018e-05,0.00043003718,0.00021045237,0.0003747326,7.176205e-05,0.00015610715,3.0955212e-05,6.188346e-05,0.0003378703,0.000335904,0.00014769204,9.286196e-06,0.0003829599,0.00038328298,2.5669113e-05,0.0001207296,0.00080610684,0.00034162082,8.481293e-07,0.00010800435,0.00015659575,9.666606e-05,0.00032119424,5.0980205e-05,0.00016581826,0.0002611612,0.00026906747,0.00015480517,0.0004884237,0.00032847244,4.3372715e-05,0.0005159796,6.872747e-05,0.00054864865,0.00041722134,0.0006200812,0.00013666585,0.000117421514,8.3084946e-05,0.0007193388,0.00025112554,0.000111411704,8.432257e-05,0.0004535678,0.0005893102,0.00063034584,0.000104832805,0.00020659891,0.0007591703,0.00037124698,0.00016191415,0.00015723241,0.00059139787,0.00093922263,0.0014503701,0.0007594261,0.0011308363,0.00067590456,5.1399453e-05,0.00018151812,0.0002899794,0.00089598785,0.00030805462,0.00016568798,0.00039417553,0.0003435339,0.0004691673,2.9947507e-05,0.0002389583,0.00022300835
0.0,0.0,0.0,0.0,0.0,0.0,0.0,0.0,0.0,0.0,0.0,0.0,0.0,0.0,0.0,0.0,0.0,0.0,0.0,0.0,0.0,0.0,0.0,0.0,0.0,0.0,0.0,0.0,0.0,0.0,0.0,0.0,0.0,0.0,0.0,0.0,0.0,0.0,0.0,0.0,0.0,0.0,0.0,0.0,0.0,0.0,0.0,0.0,0.0,0.0,0.0,0.0,0.0,0.0,0.0,0.0,0.0,0.0,0.0,0.0,0.0,0.0,0.0,0.0,0.0,0.0,0.0,0.0,0.0,0.0,0.0,0.0,0.0,0.0,0.0,0.0,0.0,0.0,0.0,0.0,0.0,0.0,0.0,0.0,0.0,0.0,0.0,0.0,0.0,0.0,0.0,0.0,0.0,0.0,0.0,0.0,0.0,0.0,0.0,0.0,0.0,0.0,0.0,0.0,0.0,0.0,0.0,0.0,0.0,0.0,0.0,0.0,0.0,0.0,0.0,0.0,0.0,0.0,0.0,0.0,0.0,0.0,0.0,0.0,0.0,0.0,0.0,0.0,0.0,0.0,0.0,0.0,0.0,0.0,0.0,0.0,0.0,0.0,0.0,0.0,0.0,0.0,0.0,0.0,0.0,0.0,0.0,0.0,0.0,0.0,0.0,0.0,0.0,0.0,0.0,0.0,0.0,0.0,0.0,0.0,0.0,0.0,0.0,0.0,0.0,0.0,0.0,0.0,0.0,0.0,0.0,0.0,0.0,0.0,0.0,0.0,0.0,0.0,0.0,0.0,0.0,0.0,0.0,0.0,0.0,0.0,0.0,0.0,0.0
0.0,0.0,0.0,0.0,0.0,0.0,0.0,0.0,0.0,0.0,0.0,0.0,0.0,0.0,0.0,0.0,0.0,0.0,0.0,0.0,0.0,0.0,0.0,0.0,0.0,0.0,0.0,0.0,0.0,0.0,0.0,0.0,0.0,0.0,0.0,0.0,0.0,0.0,0.0,0.0,0.0,0.0,0.0,0.0,0.0,0.0,0.0,0.0,0.0,0.0,0.0,0.0,0.0,0.0,0.0,0.0,0.0,0.0,0.0,0.0,0.0,0.0,0.0,0.0,0.0,0.0,0.0,0.0,0.0,0.0,0.0,0.0,0.0,0.0,0.0,0.0,0.0,0.0,0.0,0.0,0.0,0.0,0.0,0.0,0.0,0.0,0.0,0.0,0.0,0.0,0.0,0.0,0.0,0.0,0.0,0.0,0.0,0.0,0.0,0.0,0.0,0.0,0.0,0.0,0.0,0.0,0.0,0.0,0.0,0.0,0.0,0.0,0.0,0.0,0.0,0.0,0.0,0.0,0.0,0.0,0.0,0.0,0.0,0.0,0.0,0.0,0.0,0.0,0.0,0.0,0.0,0.0,0.0,0.0,0.0,0.0,0.0,0.0,0.0,0.0,0.0,0.0,0.0,0.0,0.0,0.0,0.0,0.0,0.0,0.0,0.0,0.0,0.0,0.0,0.0,0.0,0.0,0.0,0.0,0.0,0.0,0.0,0.0,0.0,0.0,0.0,0.0,0.0,0.0,0.0,0.0,0.0,0.0,0.0,0.0,0.0,0.0,0.0,0.0,0.0,0.0,0.0,0.0,0.0,0.0,0.0,0.0,0.0,0.0
6.524402e-06,6.504658e-05,3.2242104e-05,7.323782e-06,1.4358628e-05,3.0164796e-05,3.2446462e-06,6.083019e-06,4.954929e-06,3.9955125e-07,7.5215175e-05,4.0527677e-05,2.923647e-05,1.4372543e-05,3.2673554e-05,1.570905e-05,7.2756648e-06,7.36628e-07,2.4456185e-06,8.372466e-06,1.1589884e-07,2.4851277e-05,2.069111e-05,9.960981e-06,3.0868725e-06,3.6428955e-06,3.6036197e-06,1.1701495e-06,1.3928227e-05,1.4479655e-05,1.3656652e-05,2.1798911e-07,1.4164819e-05,2.7538636e-06,7.3647134e-06,9.547608e-07,1.4548623e-06,9.072883e-06,1.637716e-06,1.3718509e-05,6.7024703e-06,3.5851194e-06,6.7954234e-06,1.2357526e-06,4.83551e-06,1.8234108e-05,5.9527883e-05,3.202563e-06,7.547621e-06,1.1049313e-05,1.6631055e-05,1.2185901e-05,6.5552526e-06,9.390026e-06,4.5529264e-06,1.52261655e-05,5.1284574e-06,9.4723555e-07,3.2275213e-06,8.761145e-06,1.3243431e-05,2.406436e-06,2.084451e-06,1.3793828e-05,1.0863974e-05,8.058501e-06,1.2287672e-05,3.1841844e-06,7.5771623e-06,1.3553807e-06,2.5505128e-06,4.1218927e-06,8.803618e-06,3.8285707e-05,5.303831e-06,3.0707284e-05,1.34627235e-05,1.3147451e-05,1.3195355e-05,9.100895e-06,8.4419037e-07,2.4638928e-06,1.8732466e-05,2.574253e-06,4.080793e-06,3.426554e-06,1.0132594e-05,1.273844e-06,9.527181e-07,3.1554719e-06,1.8062943e-05,3.6325375e-05,2.1412932e-05,2.9574815e-06,1.09383245e-05,2.0408443e-05,9.282928e-06,9.358646e-06,5.179189e-06,2.7366843e-06,1.2874665e-05,3.8389185e-06,1.843094e-06,8.638783e-06,1.0236236e-05,8.03846e-07,1.8536381e-06,3.1517814e-06,6.850375e-06,8.37898e-06,5.761746e-06,7.642008e-06,6.8154504e-06,8.382196e-06,1.2302029e-05,1.2857512e-05,2.1459227e-06,4.2868937e-06,1.3537092e-05,4.1389512e-08,5.0787476e-06,4.0531067e-06,4.1109083e-06,3.5507028e-06,7.236385e-06,1.3153319e-05,4.762668e-06,1.0041032e-06,2.432125e-06,1.0674887e-05,5.313794e-06,2.7522747e-06,4.4063745e-07,4.5929964e-06,8.073845e-06,2.7707918e-06,9.537833e-06,3.5794192e-06,5.332481e-08,5.433534e-06,5.9445456e-06,3.1697832e-06,7.186527e-06,3.6860272e-06,4.9531227e-06,1.6426415e-05,6.8439304e-06,3.3930828e-06,1.1734211e-05,1.7636718e-05,9.6400045e-06,4.2787434e-07,1.1558426e-06,8.4544445e-07,1.879327e-05,2.1680609e-07,8.5194256e-07,1.0779383e-05,1.1803391e-05,3.3956242e-06,2.1630326e-06,1.6318252e-06,5.964555e-06,5.3986614e-06,3.6514607e-06,1.7684758e-06,6.0792145e-06,4.493055e-06,3.0331498e-06,9.319725e-07,3.81041e-06,2.9162056e-05,1.6081993e-05,2.3223972e-06,6.5300237e-06,1.5312007e-05,3.548219e-06,1.2006226e-06,6.4148003e-06,5.539554e-06,6.4049677e-06,1.6603105e-06,8.519756e-06,9.157813e-06,3.0463564e-06,7.5489615e-06,1.1315431e-06,1.0900589e-05,1.2675112e-06
0.1534335,0.124493666,0.0021970868,0.102210335,0.12768297,0.21588622,0.060657058,0.012937528,0.031236526,0.18613887,0.17533825,0.009538522,0.05059194,0.2554378,0.23914246,0.07061111,0.028261203,0.02731386,0.0034299255,0.024921205,0.0062567834,0.063164525,0.05988324,0.085825555,0.039556723,0.05183356,0.007481446,0.041206487,0.06439745,0.0009469562,0.022762269,0.014144713,0.06734947,0.05911885,0.029725999,0.03414798,0.04018148,0.061484315,0.0025983574,0.0076687355,0.042087592,0.09658913,0.03870584,0.036443066,0.040507585,0.028863331,0.17292362,0.05595821,0.102879226,0.14463821,0.2532166,0.042400107,0.05016972,0.023454832,0.005802024,0.03614176,0.0011779834,0.017492782,0.04151598,0.033102483,0.086537905,0.07786855,0.011012704,0.032419205,0.054397695,0.026339395,0.03404894,0.06075418,0.09701609,0.051924877,0.021416873,0.0014974196,0.029637314,0.06705687,0.040952235,0.06336845,0.11207138,0.1444822,0.0143333785,0.032405674,0.0031258836,0.017904155,0.0032588635,0.0040195724,0.0032658558,0.06288663,0.07324977,0.020325743,0.0014748538,0.017838502,0.06895643,0.052017428,0.027098723,0.06885855,0.15907755,0.07440144,0.05528648,0.10775024,0.0051909294,0.022064146,0.0043591536,0.025648683,0.016065063,0.037021007,0.029945644,0.033116564,0.0019356429,0.02666205,0.12821442,0.0284612,0.009015564,0.0098858345,0.095113076,0.12326409,0.038676165,0.11013841,0.118032,0.038853403,0.05479602,0.07312023,0.013579011,0.09982677,0.055794097,0.07766863,0.011587703,0.010179805,0.05059665,0.0033864526,0.086915776,0.034813434,0.03477779,0.06209675,0.029719489,0.01276188,0.055892996,0.03034422,0.02136388,0.010360161,0.025161102,0.114534475,0.06877854,0.008729322,0.037988335,0.026225595,0.03913226,0.0052168327,0.05059337,0.047446568,0.081550434,0.022862298,0.0471441,0.010573383,0.024888871,0.02017904,0.0039202045,0.010178697,0.0063763573,0.04202712,0.053403806,0.009444658,0.02074835,0.017197764,0.050096583,0.10482821,0.047883883,0.018941045,0.02582345,0.06863908,0.044448007,0.011340598,0.013869451,0.023203636,0.18309045,0.046935555,0.054280706,0.043431062,0.11760757,0.013312254,0.052766718,0.054363556,0.018036071,0.008629508,0.024654277,0.0010833163,0.010500556,0.0970452,0.028583424,0.053646445,0.015753828
1.8963507e-05,0.00014599338,0.00035125675,1.3026904e-05,0.0001890939,0.00044804678,0.00013324601,5.974011e-05,0.00016182839,2.572104e-05,6.585426e-05,0.0003253093,0.00016447828,0.000510262,0.00047947423,4.1771753e-05,1.3717945e-05,6.279803e-05,5.6093748e-05,4.8969006e-05,0.00013180696,4.5609777e-06,1.1096821e-05,7.748915e-05,5.7139077e-06,2.9221299e-05,3.997544e-05,0.0002096317,3.452951e-05,1.9210533e-05,1.3093941e-06,6.3225285e-05,0.00016268101,8.215086e-05,2.8825561e-05,0.000101105135,5.851925e-05,2.6775022e-05,9.8860946e-05,2.2040877e-07,0.00014605446,0.00014513468,4.5898552e-05,6.463587e-05,1.2483815e-05,0.00013799476,0.00020914676,0.00032784103,0.0001376275,0.00025175564,6.917627e-05,0.00014846171,5.6265602e-05,9.1653455e-05,4.187547e-05,1.2827784e-05,2.3155815e-05,0.00011241324,0.00013564598,0.00027311785,0.0001466335,3.0259602e-05,6.659626e-05,2.6670383e-05,5.761528e-06,1.7379429e-05,7.2942596e-05,3.2087148e-05,5.2617153e-05,2.5070207e-05,1.713811e-06,7.8332014e-05,2.0947777e-05,9.007707e-06,0.00014350358,0.00021177437,0.00017315868,0.000114566654,3.9746403e-05,5.345027e-05,7.40589e-05,1.3035247e-05,1.38933465e-05,1.5120676e-05,7.666872e-06,9.7048556e-05,0.00013176269,1.967372e-05,5.800127e-05,9.747476e-06,2.1401302e-06,0.00018235302,4.2770138e-05,0.0005797546,0.00046496993,7.1521885e-05,6.796517e-05,6.519521e-05,6.0673603e-05,1.5179638e-05,7.024365e-05,1.438967e-05,7.3038686e-06,5.9001053e-05,0.00010305575,6.515028e-05,3.8006267e-05,1.7841245e-05,0.00017718914,2.8903485e-05,0.0002411857,0.00024286442,0.00011801913,0.00011508897,6.764122e-05,0.00020967858,8.2745784e-05,0.00014577148,1.7581642e-05,5.1535848e-05,3.211334e-05,0.000102280595,7.719493e-05,2.7198548e-05,7.518111e-05,2.8827235e-06,0.00017024027,6.234591e-05,2.3941899e-05,8.030044e-05,7.2415874e-05,1.13347905e-05,9.3872804e-05,4.750392e-05,0.00014796059,0.00014743612,8.8144356e-05,1.994743e-05,5.1716477e-05,0.00017736136,0.00014113807,8.4095256e-05,6.340459e-05,3.8208625e-05,0.00016507086,0.00011674226,0.00016717029,1.5429432e-06,6.6546316e-05,0.0001477065,0.00015910773,8.0595775e-05,7.7387434e-05,1.200788e-05,6.9874564e-05,4.563231e-05,2.7396683e-05,9.034487e-05,0.00012545247,4.8907914e-05,1.8858807e-05,9.507942e-06,0.00010608841,1.2597355e-05,6.916227e-05,0.00012336382,5.2666906e-05,4.150939e-05,5.55187e-05,4.5780536e-05,5.482062e-05,7.210609e-05,0.0001866768,0.00013891309,0.00026983142,0.00022585253,7.5937714e-05,7.6800294e-05,4.5966124e-05,3.694814e-05,4.470325e-05,8.2022205e-05,1.2489337e-05,9.086872e-05,0.00013056782,0.00022715222,4.3510947e-05,0.00010016986,1.3751102e-05
4.8817174e-06,4.3826626e-06,3.1022491e-06,3.6937763e-07,8.064532e-06,3.9072333e-06,5.5382793e-07,4.0552227e-06,7.0204233e-06,8.06403e-07,1.2072743e-05,1.5367856e-06,2.412184e-06,3.6794393e-07,7.6381804e-07,2.5477677e-06,7.05784e-06,4.3420896e-06,4.2449773e-07,1.0191909e-06,2.3187504e-06,2.6251107e-07,1.8258108e-06,6.0588997e-07,5.391195e-07,2.7260687e-06,8.9777916e-07,6.583242e-06,1.1665259e-05,1.2514384e-06,4.756982e-07,5.104436e-06,3.691912e-06,2.123043e-06,6.9705325e-06,7.6573485e-07,1.8073263e-06,3.4724603e-06,7.0083604e-07,1.710452e-07,1.0550009e-07,3.950975e-06,1.5500749e-06,4.5114034e-06,2.981969e-06,5.6326116e-06,5.4175202e-06,9.025289e-06,9.784841e-06,1.3820196e-06,9.0633705e-08,5.19617e-06,7.7929435e-06,9.879727e-07,2.3776693e-07,6.999614e-06,1.4083643e-06,9.1524544e-07,3.8880885e-06,1.0198153e-06,1.7721443e-06,1.2553042e-05,1.8733351e-06,3.6424674e-06,1.3065928e-06,3.0290537e-06,2.9744642e-06,4.149353e-06,1.839027e-06,6.577826e-07,1.5761829e-06,2.4829735e-06,5.5321398e-06,2.1785631e-06,4.4612148e-06,8.2424265e-08,6.8374056e-06,2.2763752e-06,1.0044555e-06,6.1536102e-06,3.0580486e-07,1.6055748e-06,3.5703526e-06,1.2198102e-06,9.510033e-07,2.3053092e-06,1.0427163e-06,8.22786e-07,1.113923e-06,1.6428548e-06,5.1768548e-06,8.4343355e-06,3.850052e-06,4.414323e-06,3.8396943e-06,5.650864e-06,4.4783883e-07,8.630271e-06,9.273681e-07,1.721153e-06,1.0016421e-06,2.8847245e-07,5.3435656e-09,3.655543e-06,8.819594e-07,8.484492e-07,2.0153336e-06,9.576429e-07,6.068429e-06,9.282137e-06,3.209849e-06,5.6803574e-06,8.923009e-06,2.0435762e-06,4.0983537e-06,2.1364758e-06,8.296655e-07,4.4309545e-06,2.2790607e-06,3.1566792e-06,7.594193e-08,1.6605138e-06,7.47464e-07,5.475389e-07,1.268817e-06,3.65262e-06,1.0809607e-06,1.0819089e-05,1.0303687e-06,4.7430666e-07,5.3030585e-06,2.9373277e-06,1.6836137e-06,9.202189e-07,3.285644e-07,2.711743e-06,7.3499305e-06,5.211612e-07,2.2419838e-06,1.8416847e-07,1.5413009e-06,1.2809448e-07,1.925338e-06,3.4920022e-06,1.5550761e-06,4.114679e-06,2.6717169e-07,9.390225e-07,9.877655e-08,4.0438536e-06,8.0979265e-07,2.5181607e-06,1.5987908e-06,2.0787625e-06,2.2867434e-06,2.9237856e-07,7.0766595e-07,2.564857e-06,5.8736777e-07,5.215529e-07,1.1206457e-06,1.4989337e-06,3.9013105e-07,2.7496726e-06,1.9523352e-06,5.4038196e-09,6.916552e-07,4.3811966e-07,5.4603447e-07,2.1979624e-06,3.7403536e-06,4.339425e-07,7.656121e-06,1.762761e-07,1.3019496e-06,5.762961e-07,5.567508e-07,6.284928e-06,1.0489531e-05,2.5247118e-06,1.5775603e-06,3.9558895e-06,4.136661e-06,4.9307387e-06,1.9689428e-06,2.3458883e-06,1.7678211e-06,2.0299196e-06,8.4048304e-07
0.0,0.0,0.0,0.0,0.0,0.0,0.0,0.0,0.0,0.0,0.0,0.0,0.0,0.0,0.0,0.0,0.0,0.0,0.0,0.0,0.0,0.0,0.0,0.0,0.0,0.0,0.0,0.0,0.0,0.0,0.0,0.0,0.0,0.0,0.0,0.0,0.0,0.0,0.0,0.0,0.0,0.0,0.0,0.0,0.0,0.0,0.0,0.0,0.0,0.0,0.0,0.0,0.0,0.0,0.0,0.0,0.0,0.0,0.0,0.0,0.0,0.0,0.0,0.0,0.0,0.0,0.0,0.0,0.0,0.0,0.0,0.0,0.0,0.0,0.0,0.0,0.0,0.0,0.0,0.0,0.0,0.0,0.0,0.0,0.0,0.0,0.0,0.0,0.0,0.0,0.0,0.0,0.0,0.0,0.0,0.0,0.0,0.0,0.0,0.0,0.0,0.0,0.0,0.0,0.0,0.0,0.0,0.0,0.0,0.0,0.0,0.0,0.0,0.0,0.0,0.0,0.0,0.0,0.0,0.0,0.0,0.0,0.0,0.0,0.0,0.0,0.0,0.0,0.0,0.0,0.0,0.0,0.0,0.0,0.0,0.0,0.0,0.0,0.0,0.0,0.0,0.0,0.0,0.0,0.0,0.0,0.0,0.0,0.0,0.0,0.0,0.0,0.0,0.0,0.0,0.0,0.0,0.0,0.0,0.0,0.0,0.0,0.0,0.0,0.0,0.0,0.0,0.0,0.0,0.0,0.0,0.0,0.0,0.0,0.0,0.0,0.0,0.0,0.0,0.0,0.0,0.0,0.0,0.0,0.0,0.0,0.0,0.0,0.0
0.00010493756,0.00033110025,0.0010357826,0.00015266295,9.786717e-05,0.0001722415,0.00021556093,0.00021333531,0.00043784222,0.0002732787,6.42373e-05,0.0008803417,0.0001439681,0.0005403754,0.00012983901,0.0001927885,0.00037474866,0.00040237914,5.8162426e-05,0.00011431261,0.000349353,0.00049075024,0.00030994063,0.00012856963,0.00017757041,0.00023138494,7.954722e-05,2.4660018e-05,0.00031370556,0.00019423956,0.00018300598,0.00037781696,0.00039190523,0.0004891239,1.8175258e-05,7.460662e-05,0.00016311141,0.00012555803,0.00032387572,0.00041702768,0.00043610175,0.00019156856,0.00010224685,0.00020323541,0.00011544062,0.00092660426,0.0006757514,0.0011566608,0.00022280947,2.5198766e-05,0.00014807857,0.00030211575,0.00032914407,0.00034413498,0.00027850491,0.00035328325,0.00010484581,0.0009114592,2.8859999e-05,0.00010266768,0.00021028769,0.00024774394,0.0001669977,3.8659713e-05,0.00013898454,0.00011526134,0.00060474826,0.00030118352,0.00014192556,5.0843133e-05,2.1207767e-05,8.73509e-05,0.00017547514,0.00028796878,0.0010879482,0.0003502849,0.00045013195,7.7884106e-05,3.6239377e-05,0.00010252901,0.0003214522,0.00010374327,0.00022846131,0.00034754555,7.480958e-05,2.8819217e-05,5.629019e-05,0.00015892906,9.950301e-05,4.166913e-05,7.908947e-05,0.0010122648,0.00094102946,0.0005488157,5.2661795e-05,8.8504974e-05,0.00046049114,0.00023262044,0.000115374605,2.366464e-05,0.000108445696,0.00025745804,9.7988894e-05,2.3874385e-05,5.6086537e-05,0.00020705734,4.1549956e-05,4.5485434e-05,0.00036129385,0.00015746192,0.0002762741,1.7174818e-05,0.00011618072,0.00013747408,0.00028998975,9.304479e-05,0.00018247656,2.0595267e-05,0.00014004513,0.0003194859,9.453732e-05,0.0001046698,4.1324263e-05,0.00018804804,8.393635e-05,0.00011051622,0.00016083645,0.0002824263,0.0004867124,1.1992379e-06,0.0008351188,0.00027055226,0.00033860945,8.427621e-05,9.659445e-05,0.00014905584,8.802461e-06,0.00016437318,0.0001890726,0.00027219803,0.00011327349,0.00026280666,0.00010306678,2.267008e-05,0.000121535784,4.2266656e-05,3.0414638e-05,4.8614937e-05,6.280321e-05,5.4988537e-05,8.170018e-05,6.6976274e-05,0.00013579908,0.00015892534,0.00010219493,0.0003108924,2.2615828e-05,4.8621903e-05,0.00013589389,0.00015276515,8.770043e-05,5.6634235e-07,0.00022662093,6.9853966e-05,0.00013099314,2.8192835e-05,0.00023343123,9.0709305e-05,0.00010644421,2.727499e-05,0.00020067122,0.00013975966,0.00028172164,0.00070391496,0.0002904606,7.577379e-05,0.0002495598,0.00029826513,0.00018830264,0.00013731516,0.00024044112,0.0001608575,2.3886583e-05,0.0003888632,0.00033568087,0.00029404214,0.00020254063,8.501629e-05,7.521075e-05
0.20171008,0.1838912,0.18226077,0.0026071146,0.23401049,0.31838906,0.020623699,0.051884573,0.1072599,0.16304831,0.06617741,0.010976022,0.14941707,0.06291605,0.350304,0.07358091,0.040120754,0.043754574,0.05138978,0.24748401,0.010298992,0.026846781,0.009679525,0.014097457,0.017623728,0.012429931,0.10591642,0.033001427,0.16605757,0.014068469,0.023032114,0.077335656,0.14078462,0.043893218,0.1820459,0.0753729,0.018443119,0.2137389,0.0014789216,0.13251927,0.07146818,0.08221209,0.042888287,0.062266488,0.092992395,0.019541323,0.39137813,0.0019003036,0.10246849,0.20056917,0.055011354,0.009754278,0.0011861213,0.0646217,0.14078768,0.12937136,0.0725513,0.09812729,0.27825266,0.084927104,0.062760495,0.13969839,0.068981424,0.06018872,0.091450915,0.06025213,0.1296831,0.019989675,0.04613892,0.037878994,0.017853575,0.06565496,0.03093275,0.27647346,0.014066219,0.11401271,0.057204753,0.06875077,0.028293326,0.03502475,0.16580354,0.012146126,0.07339616,0.007326909,0.025924515,0.04779016,0.06786165,0.055899896,1.966441e-05,0.021930266,0.07131023,0.16830039,0.0756115,0.2704714,0.38885733,0.27029264,0.04595528,0.10428129,0.0031047016,0.023173308,0.05325669,0.013406498,0.02293015,0.029394537,0.026440324,0.044215992,0.014504386,0.026148476,0.07864068,0.1367978,0.08155808,0.14365226,0.029514689,0.068507105,0.020595152,0.07242038,0.27789843,0.077252775,0.051024195,0.04906649,0.028850041,0.04667301,0.035465956,0.04861638,0.029612774,0.04522882,0.027254004,0.051388867,0.020390578,0.08066137,0.053126156,0.100596786,0.12385252,0.096500024,0.14663447,0.016909152,0.03567018,0.026585497,0.025527332,0.18724616,0.0023528994,0.017672785,0.04283988,0.0060648303,0.00017584069,0.028437007,0.0706217,0.09380124,0.005200631,0.063204475,0.12203467,0.08254325,0.04385017,0.005373382,0.055026077,0.018785795,0.009248165,0.04935128,0.061215978,0.042623222,0.027135773,0.0050513,0.011550516,0.07992918,0.03815977,0.062274918,0.0953406,0.012953991,0.039012883,0.0014897925,0.06509851,0.034959547,0.29075393,0.019818319,0.1887169,0.005297944,0.0720056,0.024944909,0.13523774,0.05108214,0.00041150488,0.030911982,0.04477312,0.011109697,0.005985237,0.040366326,0.050637096,0.037404854,0.01744916
0.07376525,0.4899387,0.07073214,0.3282053,0.12332738,0.57532895,0.114710554,0.12475654,0.14311388,0.12464488,0.48602414,0.0053815814,0.25253582,0.28336835,0.52334434,0.2226093,0.19389951,0.13764787,0.08145791,0.019998768,0.06547716,0.08251585,0.05933081,0.09318691,0.09892382,0.0114514725,0.06784895,0.01808004,0.22351107,0.12925886,0.035201766,0.004430521,0.19763583,0.018202243,0.08950266,0.017566655,0.05366139,0.094917834,0.020279147,0.15331705,0.02336951,0.11766007,0.043928325,0.023459516,0.0431095,0.09479943,0.42636755,0.20874311,0.33540446,0.084144466,0.19820783,0.122914836,0.09655601,0.054688536,0.123226866,0.053508457,0.025952945,0.17461123,0.3113062,0.35590282,0.06638773,0.0438322,0.042625315,0.003815833,0.029770676,0.007338439,0.19031669,0.22830665,0.01994932,0.015564342,0.07283882,0.03984246,0.09615171,0.15220341,0.015217945,0.40872484,0.12513389,0.13230623,0.01250303,0.07859303,0.016286287,0.009766448,0.14184912,0.020022482,0.07264325,0.07170465,0.19716756,0.05449792,0.0036221228,0.04248766,0.28138006,0.026420105,0.17877257,0.19508919,0.2115531,0.27830327,0.043760724,0.08954024,0.1388689,0.022603694,0.13014758,0.01059446,0.08292572,0.064962976,0.19454873,0.049560815,0.06525099,0.04990542,0.08672122,0.41002464,0.22166103,0.21061115,0.18192665,0.0909291,0.115495905,0.008522363,0.06083714,0.008495815,0.075952366,0.049610265,0.123773396,0.016180236,0.07348791,0.045289613,0.065204546,0.039535604,0.13812661,0.058599375,0.10016778,0.20604452,0.05957593,0.03891477,0.056631852,0.012438552,0.060022116,0.047894124,0.05311701,0.008543689,0.1737023,0.013751283,0.12824224,0.04014696,0.09124439,0.041976776,0.017375402,0.13506478,0.08877257,0.25619453,0.03356071,0.16726127,0.07791946,0.067736804,0.09027127,0.029777702,0.14991283,0.011958093,0.093831606,0.025341311,0.18791975,0.095767304,0.030206334,0.053832866,0.14387363,0.168227,0.06538539,0.14180046,0.021430336,0.089075886,0.09036115,0.033476986,0.063158944,0.2954628,0.16643445,0.20053354,0.20435517,0.3232662,0.089616075,0.15361843,0.09927006,0.006827359,0.003875522,0.048583403,0.0012942255,0.11059657,0.32184443,0.11017611,0.07587366,0.08541086,0.040158678
0.0008437406,0.0030631532,0.0014252394,0.00036710792,0.0009200092,0.0016104463,0.00078635715,0.00050942966,0.00091698405,0.0001921872,0.0036342966,0.000693018,0.0024746903,0.0017235011,0.0015833224,0.0004865889,0.0012421748,0.00030802767,0.00016195944,0.000471718,7.7765624e-05,0.0010102352,0.0014980098,2.4334739e-05,0.00014508764,0.00027658805,0.00045237152,0.0002762937,0.0007926853,1.7126702e-05,0.0010248952,0.0008636822,0.0012965535,0.00022415434,0.00073262875,8.164846e-05,0.00033342492,0.0008732748,1.2543958e-05,0.001078463,0.00050116464,0.000512806,0.00013112507,0.00038003974,1.859705e-05,0.0017995384,0.005118776,0.00085497,0.00019440979,0.0011626076,0.001677991,0.00035072136,0.00018747943,0.0005007602,0.0009819107,0.00055570994,0.00023081631,0.00041715102,0.0008727349,0.00030798986,0.00038897112,0.00063548586,0.00017674733,0.0005637068,0.0012766306,6.144127e-05,0.0009895614,0.0005368724,0.00037592015,0.0001004638,0.00043315598,0.00021055064,0.0010709567,0.0031146056,0.0006378465,0.0017568902,0.0016385297,9.308196e-05,1.1203752e-05,0.0002221701,0.00046446003,0.00029002226,0.0007878485,0.00014980497,0.0004323728,0.0002514274,0.0006538345,6.744966e-05,0.00015276442,7.923569e-05,0.0009442496,0.00237414,0.00024077689,0.0011165413,0.0011725192,0.00092701823,0.00040684518,0.0006401327,0.0001743732,0.00030848075,0.00021715231,0.00013542824,0.0003482806,2.8832837e-05,0.00039685334,6.6765e-05,0.00034009208,0.0003066266,0.0009774031,4.1781168e-05,1.2027478e-05,0.0005740246,0.000106152314,8.091808e-05,0.00015073677,6.346781e-05,0.00073476596,0.00040081583,0.0003917039,5.6178018e-05,0.00043003718,0.00021045237,0.0003747326,7.176205e-05,0.00015610715,3.0955212e-05,6.188346e-05,0.0003378703,0.000335904,0.00014769204,9.286196e-06,0.0003829599,0.00038328298,2.5669113e-05,0.0001207296,0.00080610684,0.00034162082,8.481293e-07,0.00010800435,0.00015659575,9.666606e-05,0.00032119424,5.0980205e-05,0.00016581826,0.0002611612,0.00026906747,0.00015480517,0.0004884237,0.00032847244,4.3372715e-05,0.0005159796,6.872747e-05,0.00054864865,0.00041722134,0.0006200812,0.00013666585,0.000117421514,8.3084946e-05,0.0007193388,0.00025112554,0.000111411704,8.432257e-05,0.0004535678,0.0005893102,0.00063034584,0.000104832805,0.00020659891,0.0007591703,0.00037124698,0.00016191415,0.00015723241,0.00059139787,0.00093922263,0.0014503701,0.0007594261,0.0011308363,0.00067590456,5.1399453e-05,0.00018151812,0.0002899794,0.00089598785,0.00030805462,0.00016568798,0.00039417553,0.0003435339,0.0004691673,2.9947507e-05,0.0002389583,0.00022300835
0.0,0.0,0.0,0.0,0.0,0.0,0.0,0.0,0.0,0.0,0.0,0.0,0.0,0.0,0.0,0.0,0.0,0.0,0.0,0.0,0.0,0.0,0.0,0.0,0.0,0.0,0.0,0.0,0.0,0.0,0.0,0.0,0.0,0.0,0.0,0.0,0.0,0.0,0.0,0.0,0.0,0.0,0.0,0.0,0.0,0.0,0.0,0.0,0.0,0.0,0.0,0.0,0.0,0.0,0.0,0.0,0.0,0.0,0.0,0.0,0.0,0.0,0.0,0.0,0.0,0.0,0.0,0.0,0.0,0.0,0.0,0.0,0.0,0.0,0.0,0.0,0.0,0.0,0.0,0.0,0.0,0.0,0.0,0.0,0.0,0.0,0.0,0.0,0.0,0.0,0.0,0.0,0.0,0.0,0.0,0.0,0.0,0.0,0.0,0.0,0.0,0.0,0.0,0.0,0.0,0.0,0.0,0.0,0.0,0.0,0.0,0.0,0.0,0.0,0.0,0.0,0.0,0.0,0.0,0.0,0.0,0.0,0.0,0.0,0.0,0.0,0.0,0.0,0.0,0.0,0.0,0.0,0.0,0.0,0.0,0.0,0.0,0.0,0.0,0.0,0.0,0.0,0.0,0.0,0.0,0.0,0.0,0.0,0.0,0.0,0.0,0.0,0.0,0.0,0.0,0.0,0.0,0.0,0.0,0.0,0.0,0.0,0.0,0.0,0.0,0.0,0.0,0.0,0.0,0.0,0.0,0.0,0.0,0.0,0.0,0.0,0.0,0.0,0.0,0.0,0.0,0.0,0.0,0.0,0.0,0.0,0.0,0.0,0.0
0.0,0.0,0.0,0.0,0.0,0.0,0.0,0.0,0.0,0.0,0.0,0.0,0.0,0.0,0.0,0.0,0.0,0.0,0.0,0.0,0.0,0.0,0.0,0.0,0.0,0.0,0.0,0.0,0.0,0.0,0.0,0.0,0.0,0.0,0.0,0.0,0.0,0.0,0.0,0.0,0.0,0.0,0.0,0.0,0.0,0.0,0.0,0.0,0.0,0.0,0.0,0.0,0.0,0.0,0.0,0.0,0.0,0.0,0.0,0.0,0.0,0.0,0.0,0.0,0.0,0.0,0.0,0.0,0.0,0.0,0.0,0.0,0.0,0.0,0.0,0.0,0.0,0.0,0.0,0.0,0.0,0.0,0.0,0.0,0.0,0.0,0.0,0.0,0.0,0.0,0.0,0.0,0.0,0.0,0.0,0.0,0.0,0.0,0.0,0.0,0.0,0.0,0.0,0.0,0.0,0.0,0.0,0.0,0.0,0.0,0.0,0.0,0.0,0.0,0.0,0.0,0.0,0.0,0.0,0.0,0.0,0.0,0.0,0.0,0.0,0.0,0.0,0.0,0.0,0.0,0.0,0.0,0.0,0.0,0.0,0.0,0.0,0.0,0.0,0.0,0.0,0.0,0.0,0.0,0.0,0.0,0.0,0.0,0.0,0.0,0.0,0.0,0.0,0.0,0.0,0.0,0.0,0.0,0.0,0.0,0.0,0.0,0.0,0.0,0.0,0.0,0.0,0.0,0.0,0.0,0.0,0.0,0.0,0.0,0.0,0.0,0.0,0.0,0.0,0.0,0.0,0.0,0.0,0.0,0.0,0.0,0.0,0.0,0.0
6.524402e-06,6.504658e-05,3.2242104e-05,7.323782e-06,1.4358628e-05,3.0164796e-05,3.2446462e-06,6.083019e-06,4.954929e-06,3.9955125e-07,7.5215175e-05,4.0527677e-05,2.923647e-05,1.4372543e-05,3.2673554e-05,1.570905e-05,7.2756648e-06,7.36628e-07,2.4456185e-06,8.372466e-06,1.1589884e-07,2.4851277e-05,2.069111e-05,9.960981e-06,3.0868725e-06,3.6428955e-06,3.6036197e-06,1.1701495e-06,1.3928227e-05,1.4479655e-05,1.3656652e-05,2.1798911e-07,1.4164819e-05,2.7538636e-06,7.3647134e-06,9.547608e-07,1.4548623e-06,9.072883e-06,1.637716e-06,1.3718509e-05,6.7024703e-06,3.5851194e-06,6.7954234e-06,1.2357526e-06,4.83551e-06,1.8234108e-05,5.9527883e-05,3.202563e-06,7.547621e-06,1.1049313e-05,1.6631055e-05,1.2185901e-05,6.5552526e-06,9.390026e-06,4.5529264e-06,1.52261655e-05,5.1284574e-06,9.4723555e-07,3.2275213e-06,8.761145e-06,1.3243431e-05,2.406436e-06,2.084451e-06,1.3793828e-05,1.0863974e-05,8.058501e-06,1.2287672e-05,3.1841844e-06,7.5771623e-06,1.3553807e-06,2.5505128e-06,4.1218927e-06,8.803618e-06,3.8285707e-05,5.303831e-06,3.0707284e-05,1.34627235e-05,1.3147451e-05,1.3195355e-05,9.100895e-06,8.4419037e-07,2.4638928e-06,1.8732466e-05,2.574253e-06,4.080793e-06,3.426554e-06,1.0132594e-05,1.273844e-06,9.527181e-07,3.1554719e-06,1.8062943e-05,3.6325375e-05,2.1412932e-05,2.9574815e-06,1.09383245e-05,2.0408443e-05,9.282928e-06,9.358646e-06,5.179189e-06,2.7366843e-06,1.2874665e-05,3.8389185e-06,1.843094e-06,8.638783e-06,1.0236236e-05,8.03846e-07,1.8536381e-06,3.1517814e-06,6.850375e-06,8.37898e-06,5.761746e-06,7.642008e-06,6.8154504e-06,8.382196e-06,1.2302029e-05,1.2857512e-05,2.1459227e-06,4.2868937e-06,1.3537092e-05,4.1389512e-08,5.0787476e-06,4.0531067e-06,4.1109083e-06,3.5507028e-06,7.236385e-06,1.3153319e-05,4.762668e-06,1.0041032e-06,2.432125e-06,1.0674887e-05,5.313794e-06,2.7522747e-06,4.4063745e-07,4.5929964e-06,8.073845e-06,2.7707918e-06,9.537833e-06,3.5794192e-06,5.332481e-08,5.433534e-06,5.9445456e-06,3.1697832e-06,7.186527e-06,3.6860272e-06,4.9531227e-06,1.6426415e-05,6.8439304e-06,3.3930828e-06,1.1734211e-05,1.7636718e-05,9.6400045e-06,4.2787434e-07,1.1558426e-06,8.4544445e-07,1.879327e-05,2.1680609e-07,8.5194256e-07,1.0779383e-05,1.1803391e-05,3.3956242e-06,2.1630326e-06,1.6318252e-06,5.964555e-06,5.3986614e-06,3.6514607e-06,1.7684758e-06,6.0792145e-06,4.493055e-06,3.0331498e-06,9.319725e-07,3.81041e-06,2.9162056e-05,1.6081993e-05,2.3223972e-06,6.5300237e-06,1.5312007e-05,3.548219e-06,1.2006226e-06,6.4148003e-06,5.539554e-06,6.4049677e-06,1.6603105e-06,8.519756e-06,9.157813e-06,3.0463564e-06,7.5489615e-06,1.1315431e-06,1.0900589e-05,1.2675112e-06
0.1534335,0.124493666,0.0021970868,0.102210335,0.12768297,0.21588622,0.060657058,0.012937528,0.031236526,0.18613887,0.17533825,0.009538522,0.05059194,0.2554378,0.23914246,0.07061111,0.028261203,0.02731386,0.0034299255,0.024921205,0.0062567834,0.063164525,0.05988324,0.085825555,0.039556723,0.05183356,0.007481446,0.041206487,0.06439745,0.0009469562,0.022762269,0.014144713,0.06734947,0.05911885,0.029725999,0.03414798,0.04018148,0.061484315,0.0025983574,0.0076687355,0.042087592,0.09658913,0.03870584,0.036443066,0.040507585,0.028863331,0.17292362,0.05595821,0.102879226,0.14463821,0.2532166,0.042400107,0.05016972,0.023454832,0.005802024,0.03614176,0.0011779834,0.017492782,0.04151598,0.033102483,0.086537905,0.07786855,0.011012704,0.032419205,0.054397695,0.026339395,0.03404894,0.06075418,0.09701609,0.051924877,0.021416873,0.0014974196,0.029637314,0.06705687,0.040952235,0.06336845,0.11207138,0.1444822,0.0143333785,0.032405674,0.0031258836,0.017904155,0.0032588635,0.0040195724,0.0032658558,0.06288663,0.07324977,0.020325743,0.0014748538,0.017838502,0.06895643,0.052017428,0.027098723,0.06885855,0.15907755,0.07440144,0.05528648,0.10775024,0.0051909294,0.022064146,0.0043591536,0.025648683,0.016065063,0.037021007,0.029945644,0.033116564,0.0019356429,0.02666205,0.12821442,0.0284612,0.009015564,0.0098858345,0.095113076,0.12326409,0.038676165,0.11013841,0.118032,0.038853403,0.05479602,0.07312023,0.013579011,0.09982677,0.055794097,0.07766863,0.011587703,0.010179805,0.05059665,0.0033864526,0.086915776,0.034813434,0.03477779,0.06209675,0.029719489,0.01276188,0.055892996,0.03034422,0.02136388,0.010360161,0.025161102,0.114534475,0.06877854,0.008729322,0.037988335,0.026225595,0.03913226,0.0052168327,0.05059337,0.047446568,0.081550434,0.022862298,0.0471441,0.010573383,0.024888871,0.02017904,0.0039202045,0.010178697,0.0063763573,0.04202712,0.053403806,0.009444658,0.02074835,0.017197764,0.050096583,0.10482821,0.047883883,0.018941045,0.02582345,0.06863908,0.044448007,0.011340598,0.013869451,0.023203636,0.18309045,0.046935555,0.054280706,0.043431062,0.11760757,0.013312254,0.052766718,0.054363556,0.018036071,0.008629508,0.024654277,0.0010833163,0.010500556,0.0970452,0.028583424,0.053646445,0.015753828
1.8963507e-05,0.00014599338,0.00035125675,1.3026904e-05,0.0001890939,0.00044804678,0.00013324601,5.974011e-05,0.00016182839,2.572104e-05,6.585426e-05,0.0003253093,0.00016447828,0.000510262,0.00047947423,4.1771753e-05,1.3717945e-05,6.279803e-05,5.6093748e-05,4.8969006e-05,0.00013180696,4.5609777e-06,1.1096821e-05,7.748915e-05,5.7139077e-06,2.9221299e-05,3.997544e-05,0.0002096317,3.452951e-05,1.9210533e-05,1.3093941e-06,6.3225285e-05,0.00016268101,8.215086e-05,2.8825561e-05,0.000101105135,5.851925e-05,2.6775022e-05,9.8860946e-05,2.2040877e-07,0.00014605446,0.00014513468,4.5898552e-05,6.463587e-05,1.2483815e-05,0.00013799476,0.00020914676,0.00032784103,0.0001376275,0.00025175564,6.917627e-05,0.00014846171,5.6265602e-05,9.1653455e-05,4.187547e-05,1.2827784e-05,2.3155815e-05,0.00011241324,0.00013564598,0.00027311785,0.0001466335,3.0259602e-05,6.659626e-05,2.6670383e-05,5.761528e-06,1.7379429e-05,7.2942596e-05,3.2087148e-05,5.2617153e-05,2.5070207e-05,1.713811e-06,7.8332014e-05,2.0947777e-05,9.007707e-06,0.00014350358,0.00021177437,0.00017315868,0.000114566654,3.9746403e-05,5.345027e-05,7.40589e-05,1.3035247e-05,1.38933465e-05,1.5120676e-05,7.666872e-06,9.7048556e-05,0.00013176269,1.967372e-05,5.800127e-05,9.747476e-06,2.1401302e-06,0.00018235302,4.2770138e-05,0.0005797546,0.00046496993,7.1521885e-05,6.796517e-05,6.519521e-05,6.0673603e-05,1.5179638e-05,7.024365e-05,1.438967e-05,7.3038686e-06,5.9001053e-05,0.00010305575,6.515028e-05,3.8006267e-05,1.7841245e-05,0.00017718914,2.8903485e-05,0.0002411857,0.00024286442,0.00011801913,0.00011508897,6.764122e-05,0.00020967858,8.2745784e-05,0.00014577148,1.7581642e-05,5.1535848e-05,3.211334e-05,0.000102280595,7.719493e-05,2.7198548e-05,7.518111e-05,2.8827235e-06,0.00017024027,6.234591e-05,2.3941899e-05,8.030044e-05,7.2415874e-05,1.13347905e-05,9.3872804e-05,4.750392e-05,0.00014796059,0.00014743612,8.8144356e-05,1.994743e-05,5.1716477e-05,0.00017736136,0.00014113807,8.4095256e-05,6.340459e-05,3.8208625e-05,0.00016507086,0.00011674226,0.00016717029,1.5429432e-06,6.6546316e-05,0.0001477065,0.00015910773,8.0595775e-05,7.7387434e-05,1.200788e-05,6.9874564e-05,4.563231e-05,2.7396683e-05,9.034487e-05,0.00012545247,4.8907914e-05,1.8858807e-05,9.507942e-06,0.00010608841,1.2597355e-05,6.916227e-05,0.00012336382,5.2666906e-05,4.150939e-05,5.55187e-05,4.5780536e-05,5.482062e-05,7.210609e-05,0.0001866768,0.00013891309,0.00026983142,0.00022585253,7.5937714e-05,7.6800294e-05,4.5966124e-05,3.694814e-05,4.470325e-05,8.2022205e-05,1.2489337e-05,9.086872e-05,0.00013056782,0.00022715222,4.3510947e-05,0.00010016986,1.3751102e-05
4.8817174e-06,4.3826626e-06,3.1022491e-06,3.6937763e-07,8.064532e-06,3.9072333e-06,5.5382793e-07,4.0552227e-06,7.0204233e-06,8.06403e-07,1.2072743e-05,1.5367856e-06,2.412184e-06,3.6794393e-07,7.6381804e-07,2.5477677e-06,7.05784e-06,4.3420896e-06,4.2449773e-07,1.0191909e-06,2.3187504e-06,2.6251107e-07,1.8258108e-06,6.0588997e-07,5.391195e-07,2.7260687e-06,8.9777916e-07,6.583242e-06,1.1665259e-05,1.2514384e-06,4.756982e-07,5.104436e-06,3.691912e-06,2.123043e-06,6.9705325e-06,7.6573485e-07,1.8073263e-06,3.4724603e-06,7.0083604e-07,1.710452e-07,1.0550009e-07,3.950975e-06,1.5500749e-06,4.5114034e-06,2.981969e-06,5.6326116e-06,5.4175202e-06,9.025289e-06,9.784841e-06,1.3820196e-06,9.0633705e-08,5.19617e-06,7.7929435e-06,9.879727e-07,2.3776693e-07,6.999614e-06,1.4083643e-06,9.1524544e-07,3.8880885e-06,1.0198153e-06,1.7721443e-06,1.2553042e-05,1.8733351e-06,3.6424674e-06,1.3065928e-06,3.0290537e-06,2.9744642e-06,4.149353e-06,1.839027e-06,6.577826e-07,1.5761829e-06,2.4829735e-06,5.5321398e-06,2.1785631e-06,4.4612148e-06,8.2424265e-08,6.8374056e-06,2.2763752e-06,1.0044555e-06,6.1536102e-06,3.0580486e-07,1.6055748e-06,3.5703526e-06,1.2198102e-06,9.510033e-07,2.3053092e-06,1.0427163e-06,8.22786e-07,1.113923e-06,1.6428548e-06,5.1768548e-06,8.4343355e-06,3.850052e-06,4.414323e-06,3.8396943e-06,5.650864e-06,4.4783883e-07,8.630271e-06,9.273681e-07,1.721153e-06,1.0016421e-06,2.8847245e-07,5.3435656e-09,3.655543e-06,8.819594e-07,8.484492e-07,2.0153336e-06,9.576429e-07,6.068429e-06,9.282137e-06,3.209849e-06,5.6803574e-06,8.923009e-06,2.0435762e-06,4.0983537e-06,2.1364758e-06,8.296655e-07,4.4309545e-06,2.2790607e-06,3.1566792e-06,7.594193e-08,1.6605138e-06,7.47464e-07,5.475389e-07,1.268817e-06,3.65262e-06,1.0809607e-06,1.0819089e-05,1.0303687e-06,4.7430666e-07,5.3030585e-06,2.9373277e-06,1.6836137e-06,9.202189e-07,3.285644e-07,2.711743e-06,7.3499305e-06,5.211612e-07,2.2419838e-06,1.8416847e-07,1.5413009e-06,1.2809448e-07,1.925338e-06,3.4920022e-06,1.5550761e-06,4.114679e-06,2.6717169e-07,9.390225e-07,9.877655e-08,4.0438536e-06,8.0979265e-07,2.5181607e-06,1.5987908e-06,2.0787625e-06,2.2867434e-06,2.9237856e-07,7.0766595e-07,2.564857e-06,5.8736777e-07,5.215529e-07,1.1206457e-06,1.4989337e-06,3.9013105e-07,2.7496726e-06,1.9523352e-06,5.4038196e-09,6.916552e-07,4.3811966e-07,5.4603447e-07,2.1979624e-06,3.7403536e-06,4.339425e-07,7.656121e-06,1.762761e-07,1.3019496e-06,5.762961e-07,5.567508e-07,6.284928e-06,1.0489531e-05,2.5247118e-06,1.5775603e-06,3.9558895e-06,4.136661e-06,4.9307387e-06,1.9689428e-06,2.3458883e-06,1.7678211e-06,2.0299196e-06,8.4048304e-07
0.0,0.0,0.0,0.0,0.0,0.0,0.0,0.0,0.0,0.0,0.0,0.0,0.0,0.0,0.0,0.0,0.0,0.0,0.0,0.0,0.0,0.0,0.0,0.0,0.0,0.0,0.0,0.0,0.0,0.0,0.0,0.0,0.0,0.0,0.0,0.0,0.0,0.0,0.0,0.0,0.0,0.0,0.0,0.0,0.0,0.0,0.0,0.0,0.0,0.0,0.0,0.0,0.0,0.0,0.0,0.0,0.0,0.0,0.0,0.0,0.0,0.0,0.0,0.0,0.0,0.0,0.0,0.0,0.0,0.0,0.0,0.0,0.0,0.0,0.0,0.0,0.0,0.0,0.0,0.0,0.0,0.0,0.0,0.0,0.0,0.0,0.0,0.0,0.0,0.0,0.0,0.0,0.0,0.0,0.0,0.0,0.0,0.0,0.0,0.0,0.0,0.0,0.0,0.0,0.0,0.0,0.0,0.0,0.0,0.0,0.0,0.0,0.0,0.0,0.0,0.0,0.0,0.0,0.0,0.0,0.0,0.0,0.0,0.0,0.0,0.0,0.0,0.0,0.0,0.0,0.0,0.0,0.0,0.0,0.0,0.0,0.0,0.0,0.0,0.0,0.0,0.0,0.0,0.0,0.0,0.0,0.0,0.0,0.0,0.0,0.0,0.0,0.0,0.0,0.0,0.0,0.0,0.0,0.0,0.0,0.0,0.0,0.0,0.0,0.0,0.0,0.0,0.0,0.0,0.0,0.0,0.0,0.0,0.0,0.0,0.0,0.0,0.0,0.0,0.0,0.0,0.0,0.0,0.0,0.0,0.0,0.0,0.0,0.0
0.00010493756,0.00033110025,0.0010357826,0.00015266295,9.786717e-05,0.0001722415,0.00021556093,0.00021333531,0.00043784222,0.0002732787,6.42373e-05,0.0008803417,0.0001439681,0.0005403754,0.00012983901,0.0001927885,0.00037474866,0.00040237914,5.8162426e-05,0.00011431261,0.000349353,0.00049075024,0.00030994063,0.00012856963,0.00017757041,0.00023138494,7.954722e-05,2.4660018e-05,0.00031370556,0.00019423956,0.00018300598,0.00037781696,0.00039190523,0.0004891239,1.8175258e-05,7.460662e-05,0.00016311141,0.00012555803,0.00032387572,0.00041702768,0.00043610175,0.00019156856,0.00010224685,0.00020323541,0.00011544062,0.00092660426,0.0006757514,0.0011566608,0.00022280947,2.5198766e-05,0.00014807857,0.00030211575,0.00032914407,0.00034413498,0.00027850491,0.00035328325,0.00010484581,0.0009114592,2.8859999e-05,0.00010266768,0.00021028769,0.00024774394,0.0001669977,3.8659713e-05,0.00013898454,0.00011526134,0.00060474826,0.00030118352,0.00014192556,5.0843133e-05,2.1207767e-05,8.73509e-05,0.00017547514,0.00028796878,0.0010879482,0.0003502849,0.00045013195,7.7884106e-05,3.6239377e-05,0.00010252901,0.0003214522,0.00010374327,0.00022846131,0.00034754555,7.480958e-05,2.8819217e-05,5.629019e-05,0.00015892906,9.950301e-05,4.166913e-05,7.908947e-05,0.0010122648,0.00094102946,0.0005488157,5.2661795e-05,8.8504974e-05,0.00046049114,0.00023262044,0.000115374605,2.366464e-05,0.000108445696,0.00025745804,9.7988894e-05,2.3874385e-05,5.6086537e-05,0.00020705734,4.1549956e-05,4.5485434e-05,0.00036129385,0.00015746192,0.0002762741,1.7174818e-05,0.00011618072,0.00013747408,0.00028998975,9.304479e-05,0.00018247656,2.0595267e-05,0.00014004513,0.0003194859,9.453732e-05,0.0001046698,4.1324263e-05,0.00018804804,8.393635e-05,0.00011051622,0.00016083645,0.0002824263,0.0004867124,1.1992379e-06,0.0008351188,0.00027055226,0.00033860945,8.427621e-05,9.659445e-05,0.00014905584,8.802461e-06,0.00016437318,0.0001890726,0.00027219803,0.00011327349,0.00026280666,0.00010306678,2.267008e-05,0.000121535784,4.2266656e-05,3.0414638e-05,4.8614937e-05,6.280321e-05,5.4988537e-05,8.170018e-05,6.6976274e-05,0.00013579908,0.00015892534,0.00010219493,0.0003108924,2.2615828e-05,4.8621903e-05,0.00013589389,0.00015276515,8.770043e-05,5.6634235e-07,0.00022662093,6.9853966e-05,0.00013099314,2.8192835e-05,0.00023343123,9.0709305e-05,0.00010644421,2.727499e-05,0.00020067122,0.00013975966,0.00028172164,0.00070391496,0.0002904606,7.577379e-05,0.0002495598,0.00029826513,0.00018830264,0.00013731516,0.00024044112,0.0001608575,2.3886583e-05,0.0003888632,0.00033568087,0.00029404214,0.00020254063,8.501629e-05,7.521075e-05
0.20171008,0.1838912,0.18226077,0.0026071146,0.23401049,0.31838906,0.020623699,0.051884573,0.1072599,0.16304831,0.06617741,0.010976022,0.14941707,0.06291605,0.350304,0.07358091,0.040120754,0.043754574,0.05138978,0.24748401,0.010298992,0.026846781,0.009679525,0.014097457,0.017623728,0.012429931,0.10591642,0.033001427,0.16605757,0.014068469,0.023032114,0.077335656,0.14078462,0.043893218,0.1820459,0.0753729,0.018443119,0.2137389,0.0014789216,0.13251927,0.07146818,0.08221209,0.042888287,0.062266488,0.092992395,0.019541323,0.39137813,0.0019003036,0.10246849,0.20056917,0.055011354,0.009754278,0.0011861213,0.0646217,0.14078768,0.12937136,0.0725513,0.09812729,0.27825266,0.084927104,0.062760495,0.13969839,0.068981424,0.06018872,0.091450915,0.06025213,0.1296831,0.019989675,0.04613892,0.037878994,0.017853575,0.06565496,0.03093275,0.27647346,0.014066219,0.11401271,0.057204753,0.06875077,0.028293326,0.03502475,0.16580354,0.012146126,0.07339616,0.007326909,0.025924515,0.04779016,0.06786165,0.055899896,1.966441e-05,0.021930266,0.07131023,0.16830039,0.0756115,0.2704714,0.38885733,0.27029264,0.04595528,0.10428129,0.0031047016,0.023173308,0.05325669,0.013406498,0.02293015,0.029394537,0.026440324,0.044215992,0.014504386,0.026148476,0.07864068,0.1367978,0.08155808,0.14365226,0.029514689,0.068507105,0.020595152,0.07242038,0.27789843,0.077252775,0.051024195,0.04906649,0.028850041,0.04667301,0.035465956,0.04861638,0.029612774,0.04522882,0.027254004,0.051388867,0.020390578,0.08066137,0.053126156,0.100596786,0.12385252,0.096500024,0.14663447,0.016909152,0.03567018,0.026585497,0.025527332,0.18724616,0.0023528994,0.017672785,0.04283988,0.0060648303,0.00017584069,0.028437007,0.0706217,0.09380124,0.005200631,0.063204475,0.12203467,0.08254325,0.04385017,0.005373382,0.055026077,0.018785795,0.009248165,0.04935128,0.061215978,0.042623222,0.027135773,0.0050513,0.011550516,0.07992918,0.03815977,0.062274918,0.0953406,0.012953991,0.039012883,0.0014897925,0.06509851,0.034959547,0.29075393,0.019818319,0.1887169,0.005297944,0.0720056,0.024944909,0.13523774,0.05108214,0.00041150488,0.030911982,0.04477312,0.011109697,0.005985237,0.040366326,0.050637096,0.037404854,0.01744916
0.07376525,0.4899387,0.07073214,0.3282053,0.12332738,0.57532895,0.114710554,0.12475654,0.14311388,0.12464488,0.48602414,0.0053815814,0.25253582,0.28336835,0.52334434,0.2226093,0.19389951,0.13764787,0.08145791,0.019998768,0.06547716,0.08251585,0.05933081,0.09318691,0.09892382,0.0114514725,0.06784895,0.01808004,0.22351107,0.12925886,0.035201766,0.004430521,0.19763583,0.018202243,0.08950266,0.017566655,0.05366139,0.094917834,0.020279147,0.15331705,0.02336951,0.11766007,0.043928325,0.023459516,0.0431095,0.09479943,0.42636755,0.20874311,0.33540446,0.084144466,0.19820783,0.122914836,0.09655601,0.054688536,0.123226866,0.053508457,0.025952945,0.17461123,0.3113062,0.35590282,0.06638773,0.0438322,0.042625315,0.003815833,0.029770676,0.007338439,0.19031669,0.22830665,0.01994932,0.015564342,0.07283882,0.03984246,0.09615171,0.15220341,0.015217945,0.40872484,0.12513389,0.13230623,0.01250303,0.07859303,0.016286287,0.009766448,0.14184912,0.020022482,0.07264325,0.07170465,0.19716756,0.05449792,0.0036221228,0.04248766,0.28138006,0.026420105,0.17877257,0.19508919,0.2115531,0.27830327,0.043760724,0.08954024,0.1388689,0.022603694,0.13014758,0.01059446,0.08292572,0.064962976,0.19454873,0.049560815,0.06525099,0.04990542,0.08672122,0.41002464,0.22166103,0.21061115,0.18192665,0.0909291,0.115495905,0.008522363,0.06083714,0.008495815,0.075952366,0.049610265,0.123773396,0.016180236,0.07348791,0.045289613,0.065204546,0.039535604,0.13812661,0.058599375,0.10016778,0.20604452,0.05957593,0.03891477,0.056631852,0.012438552,0.060022116,0.047894124,0.05311701,0.008543689,0.1737023,0.013751283,0.12824224,0.04014696,0.09124439,0.041976776,0.017375402,0.13506478,0.08877257,0.25619453,0.03356071,0.16726127,0.07791946,0.067736804,0.09027127,0.029777702,0.14991283,0.011958093,0.093831606,0.025341311,0.18791975,0.095767304,0.030206334,0.053832866,0.14387363,0.168227,0.06538539,0.14180046,0.021430336,0.089075886,0.09036115,0.033476986,0.063158944,0.2954628,0.16643445,0.20053354,0.20435517,0.3232662,0.089616075,0.15361843,0.09927006,0.006827359,0.003875522,0.048583403,0.0012942255,0.11059657,0.32184443,0.11017611,0.07587366,0.08541086,0.040158678
0.0008437406,0.0030631532,0.0014252394,0.00036710792,0.0009200092,0.0016104463,0.00078635715,0.00050942966,0.00091698405,0.0001921872,0.0036342966,0.000693018,0.0024746903,0.0017235011,0.0015833224,0.0004865889,0.0012421748,0.00030802767,0.00016195944,0.000471718,7.7765624e-05,0.0010102352,0.0014980098,2.4334739e-05,0.00014508764,0.00027658805,0.00045237152,0.0002762937,0.0007926853,1.7126702e-05,0.0010248952,0.0008636822,0.0012965535,0.00022415434,0.00073262875,8.164846e-05,0.00033342492,0.0008732748,1.2543958e-05,0.001078463,0.00050116464,0.000512806,0.00013112507,0.00038003974,1.859705e-05,0.0017995384,0.005118776,0.00085497,0.00019440979,0.0011626076,0.001677991,0.00035072136,0.00018747943,0.0005007602,0.0009819107,0.00055570994,0.00023081631,0.00041715102,0.0008727349,0.00030798986,0.00038897112,0.00063548586,0.00017674733,0.0005637068,0.0012766306,6.144127e-05,0.0009895614,0.0005368724,0.00037592015,0.0001004638,0.00043315598,0.00021055064,0.0010709567,0.0031146056,0.0006378465,0.0017568902,0.0016385297,9.308196e-05,1.1203752e-05,0.0002221701,0.00046446003,0.00029002226,0.0007878485,0.00014980497,0.0004323728,0.0002514274,0.0006538345,6.744966e-05,0.00015276442,7.923569e-05,0.0009442496,0.00237414,0.00024077689,0.0011165413,0.0011725192,0.00092701823,0.00040684518,0.0006401327,0.0001743732,0.00030848075,0.00021715231,0.00013542824,0.0003482806,2.8832837e-05,0.00039685334,6.6765e-05,0.00034009208,0.0003066266,0.0009774031,4.1781168e-05,1.2027478e-05,0.0005740246,0.000106152314,8.091808e-05,0.00015073677,6.346781e-05,0.00073476596,0.00040081583,0.0003917039,5.6178018e-05,0.00043003718,0.00021045237,0.0003747326,7.176205e-05,0.00015610715,3.0955212e-05,6.188346e-05,0.0003378703,0.000335904,0.00014769204,9.286196e-06,0.0003829599,0.00038328298,2.5669113e-05,0.0001207296,0.00080610684,0.00034162082,8.481293e-07,0.00010800435,0.00015659575,9.666606e-05,0.00032119424,5.0980205e-05,0.00016581826,0.0002611612,0.00026906747,0.00015480517,0.0004884237,0.00032847244,4.3372715e-05,0.0005159796,6.872747e-05,0.00054864865,0.00041722134,0.0006200812,0.00013666585,0.000117421514,8.3084946e-05,0.0007193388,0.00025112554,0.000111411704,8.432257e-05,0.0004535678,0.0005893102,0.00063034584,0.000104832805,0.00020659891,0.0007591703,0.00037124698,0.00016191415,0.00015723241,0.00059139787,0.00093922263,0.0014503701,0.0007594261,0.0011308363,0.00067590456,5.1399453e-05,0.00018151812,0.0002899794,0.00089598785,0.00030805462,0.00016568798,0.00039417553,0.0003435339,0.0004691673,2.9947507e-05,0.0002389583,0.00022300835
0.0,0.0,0.0,0.0,0.0,0.0,0.0,0.0,0.0,0.0,0.0,0.0,0.0,0.0,0.0,0.0,0.0,0.0,0.0,0.0,0.0,0.0,0.0,0.0,0.0,0.0,0.0,0.0,0.0,0.0,0.0,0.0,0.0,0.0,0.0,0.0,0.0,0.0,0.0,0.0,0.0,0.0,0.0,0.0,0.0,0.0,0.0,0.0,0.0,0.0,0.0,0.0,0.0,0.0,0.0,0.0,0.0,0.0,0.0,0.0,0.0,0.0,0.0,0.0,0.0,0.0,0.0,0.0,0.0,0.0,0.0,0.0,0.0,0.0,0.0,0.0,0.0,0.0,0.0,0.0,0.0,0.0,0.0,0.0,0.0,0.0,0.0,0.0,0.0,0.0,0.0,0.0,0.0,0.0,0.0,0.0,0.0,0.0,0.0,0.0,0.0,0.0,0.0,0.0,0.0,0.0,0.0,0.0,0.0,0.0,0.0,0.0,0.0,0.0,0.0,0.0,0.0,0.0,0.0,0.0,0.0,0.0,0.0,0.0,0.0,0.0,0.0,0.0,0.0,0.0,0.0,0.0,0.0,0.0,0.0,0.0,0.0,0.0,0.0,0.0,0.0,0.0,0.0,0.0,0.0,0.0,0.0,0.0,0.0,0.0,0.0,0.0,0.0,0.0,0.0,0.0,0.0,0.0,0.0,0.0,0.0,0.0,0.0,0.0,0.0,0.0,0.0,0.0,0.0,0.0,0.0,0.0,0.0,0.0,0.0,0.0,0.0,0.0,0.0,0.0,0.0,0.0,0.0,0.0,0.0,0.0,0.0,0.0,0.0
0.0,0.0,0.0,0.0,0.0,0.0,0.0,0.0,0.0,0.0,0.0,0.0,0.0,0.0,0.0,0.0,0.0,0.0,0.0,0.0,0.0,0.0,0.0,0.0,0.0,0.0,0.0,0.0,0.0,0.0,0.0,0.0,0.0,0.0,0.0,0.0,0.0,0.0,0.0,0.0,0.0,0.0,0.0,0.0,0.0,0.0,0.0,0.0,0.0,0.0,0.0,0.0,0.0,0.0,0.0,0.0,0.0,0.0,0.0,0.0,0.0,0.0,0.0,0.0,0.0,0.0,0.0,0.0,0.0,0.0,0.0,0.0,0.0,0.0,0.0,0.0,0.0,0.0,0.0,0.0,0.0,0.0,0.0,0.0,0.0,0.0,0.0,0.0,0.0,0.0,0.0,0.0,0.0,0.0,0.0,0.0,0.0,0.0,0.0,0.0,0.0,0.0,0.0,0.0,0.0,0.0,0.0,0.0,0.0,0.0,0.0,0.0,0.0,0.0,0.0,0.0,0.0,0.0,0.0,0.0,0.0,0.0,0.0,0.0,0.0,0.0,0.0,0.0,0.0,0.0,0.0,0.0,0.0,0.0,0.0,0.0,0.0,0.0,0.0,0.0,0.0,0.0,0.0,0.0,0.0,0.0,0.0,0.0,0.0,0.0,0.0,0.0,0.0,0.0,0.0,0.0,0.0,0.0,0.0,0.0,0.0,0.0,0.0,0.0,0.0,0.0,0.0,0.0,0.0,0.0,0.0,0.0,0.0,0.0,0.0,0.0,0.0,0.0,0.0,0.0,0.0,0.0,0.0,0.0,0.0,0.0,0.0,0.0,0.0
