0,1,2,3,4,5,6,7,8,9,10,11,12,13,14,15,16,17,18,19,20,21,22,23,24,25,26,27,28,29,30,31,32,33,34,35,36,37,38,39,40,41,42,43,44,45,46,47,48,49,50,51,52,53,54,55,56,57,58,59,60,61,62,63,64,65,66,67,68,69,70,71,72,73,74,75,76,77,78,79,80,81,82,83,84,85,86,87,88,89,90,91,92,93,94,95,96,97,98,99,100,101,102,103,104,105,106,107,108,109,110,111,112,113,114,115,116,117,118,119,120,121,122,123,124,125,126,127,128,129,130,131,132,133,134,135,136,137,138,139,140,141,142,143,144,145,146,147,148,149,150,151,152,153,154,155,156,157,158,159,160,161,162,163,164,165,166,167,168,169,170,171,172,173,174,175,176,177,178,179,180,181,182,183,184,185,186,187,188
0.0,0.0,0.0,0.0,0.0,0.0,0.0,0.0,0.0,0.0,0.0,0.0,0.0,0.0,0.0,0.0,0.0,0.0,0.0,0.0,0.0,0.0,0.0,0.0,0.0,0.0,0.0,0.0,0.0,0.0,0.0,0.0,0.0,0.0,0.0,0.0,0.0,0.0,0.0,0.0,0.0,0.0,0.0,0.0,0.0,0.0,0.0,0.0,0.0,0.0,0.0,0.0,0.0,0.0,0.0,0.0,0.0,0.0,0.0,0.0,0.0,0.0,0.0,0.0,0.0,0.0,0.0,0.0,0.0,0.0,0.0,0.0,0.0,0.0,0.0,0.0,0.0,0.0,0.0,0.0,0.0,0.0,0.0,0.0,0.0,0.0,0.0,0.0,0.0,0.0,0.0,0.0,0.0,0.0,0.0,0.0,0.0,0.0,0.0,0.0,0.0,0.0,0.0,0.0,0.0,0.0,0.0,0.0,0.0,0.0,0.0,0.0,0.0,0.0,0.0,0.0,0.0,0.0,0.0,0.0,0.0,0.0,0.0,0.0,0.0,0.0,0.0,0.0,0.0,0.0,0.0,0.0,0.0,0.0,0.0,0.0,0.0,0.0,0.0,0.0,0.0,0.0,0.0,0.0,0.0,0.0,0.0,0.0,0.0,0.0,0.0,0.0,0.0,0.0,0.0,0.0,0.0,0.0,0.0,0.0,0.0,0.0,0.0,0.0,0.0,0.0,0.0,0.0,0.0,0.0,0.0,0.0,0.0,0.0,0.0,0.0,0.0,0.0,0.0,0.0,0.0,0.0,0.0,0.0,0.0,0.0,0.0,0.0,0.0
1.4970599e-05,3.976693e-06,8.804593e-06,6.275873e-06,4.8791217e-06,2.3298483e-06,2.5926724e-06,4.3603507e-07,1.2625242e-07,1.5072599e-05,1.5529474e-07,7.550253e-06,1.7404601e-06,7.042564e-06,4.699739e-07,2.6860566e-06,1.17631544e-07,1.7971631e-06,2.5573167e-06,2.383015e-06,2.3527662e-06,2.518418e-07,1.3933917e-06,2.2385473e-06,6.7034966e-07,1.6119444e-06,2.685999e-07,2.144515e-08,8.4886284e-07,2.4028452e-06,5.220619e-06,4.3660493e-06,6.798837e-06,9.4989787e-07,1.1842365e-06,9.437516e-07,1.5235515e-06,3.8215053e-06,3.6678543e-06,5.0387544e-06,2.3095541e-07,6.400653e-08,2.2997122e-07,8.462751e-07,8.6739703e-07,7.032871e-06,1.9385238e-06,3.6763113e-06,2.8286877e-06,4.276145e-06,2.5221148e-06,5.113936e-07,2.9760892e-07,1.3779538e-06,5.019018e-06,1.9052268e-06,2.9203818e-06,2.8390539e-06,3.7779614e-06,7.658036e-08,1.8542087e-06,2.4402198e-06,2.9893872e-06,4.570143e-06,2.3099235e-06,3.1181654e-07,2.7627668e-06,7.049519e-07,1.4648722e-07,1.558484e-07,6.214353e-08,1.1199638e-06,2.5889062e-06,1.9009747e-06,5.776986e-06,1.2213413e-07,2.9052642e-06,8.0230666e-07,1.746948e-07,2.4071167e-06,1.8909907e-06,3.580716e-06,2.4447922e-07,1.4227188e-06,1.786611e-06,2.3793851e-07,2.7305026e-07,1.4149828e-06,4.3087746e-07,2.9277996e-07,3.579698e-06,5.111606e-06,2.5888132e-06,7.529324e-07,3.948246e-06,3.0820634e-06,2.9450919e-06,2.195938e-06,1.2332738e-06,3.101539e-06,1.3556812e-06,2.275469e-06,1.8966834e-06,1.5282912e-06,1.4086584e-07,7.071949e-07,4.6272902e-08,3.2371338e-07,2.743418e-06,1.30601875e-05,3.1481782e-06,6.832327e-06,1.4272712e-06,6.2190015e-06,2.0811258e-06,3.4348127e-06,2.2099487e-06,3.6948172e-06,2.3364794e-06,2.872834e-06,2.0083216e-06,4.260315e-06,1.3926789e-06,3.1122164e-07,2.374745e-06,1.6582949e-07,3.914959e-07,1.1514707e-06,6.693038e-06,1.8818951e-06,6.7314945e-06,6.7292046e-07,1.9165764e-06,3.0745973e-06,2.388077e-06,4.3356918e-06,2.4691649e-06,6.2798983e-07,2.548438e-06,2.7615804e-06,8.790509e-07,9.95516e-07,1.2199234e-07,7.6645966e-07,3.1360655e-06,2.946784e-06,2.1164149e-07,7.87663e-07,2.0575708e-06,3.9348074e-06,1.0164848e-06,1.6551485e-07,1.816524e-06,3.0399644e-06,2.0127752e-06,2.338576e-06,1.3982306e-06,1.3285519e-06,1.3999984e-06,1.7336796e-06,1.37193155e-08,1.8724435e-07,5.740945e-06,1.2953208e-06,1.4175023e-07,1.4331891e-06,2.0005652e-06,5.000236e-06,4.0981703e-07,8.4145245e-07,1.2340595e-06,2.3768766e-06,4.2566938e-07,5.5181345e-06,1.0555923e-05,3.081187e-06,1.5925204e-06,4.1176236e-08,5.879262e-07,8.075179e-07,5.019788e-06,7.752361e-07,1.1400324e-06,9.981352e-07,8.340164e-06,4.7014254e-08,1.5742985e-06,7.979202e-06,1.0224218e-06
0.00012555532,0.0012736162,3.441125e-05,0.0012142325,0.00017268315,0.0002828783,0.00037230764,0.00030766547,6.122976e-05,0.00024602897,0.0012394512,0.00020621075,0.0015952861,0.00029715474,0.00019272964,0.0004842522,2.76243e-05,3.8534927e-07,3.4911347e-05,1.9372546e-06,6.542505e-05,4.123605e-05,0.00014812996,0.00019439943,0.0001021303,0.0002739537,0.00018986051,3.994562e-05,2.673926e-05,3.1782096e-05,0.00018474294,5.191812e-05,0.0001287416,0.00010784522,5.6346846e-05,4.8099893e-05,5.378259e-05,0.0003145208,0.00012615399,0.00024429156,9.0070695e-05,0.0002311739,0.00011453918,0.00010608495,4.29062e-05,8.5268606e-05,0.00068430905,5.1803592e-05,0.00059824926,0.0006863141,9.874821e-05,6.6286884e-07,0.00013100947,0.00010287172,0.00013853377,0.00012358143,0.00012575273,1.0072828e-05,0.00032982905,0.0001945506,1.6088503e-05,0.00041796046,0.00021069251,4.5989735e-05,0.00013240804,5.135908e-05,7.4176896e-05,0.00012519916,0.00010464546,1.160602e-05,6.265682e-05,4.677883e-06,4.3027478e-05,0.00042437753,3.372844e-05,0.0004269249,0.00011511768,0.00017315875,0.00017015522,8.770632e-05,0.000119183016,3.1056912e-05,0.00037466516,3.0825384e-05,0.00039590924,1.3582217e-05,9.975951e-06,1.5846254e-05,6.863552e-06,5.1188625e-05,3.4404176e-05,0.00035005924,0.00023709121,0.00050115155,4.0989726e-05,7.151076e-05,0.00014483076,0.00025002315,0.000104331615,3.7758477e-05,0.00038667762,4.7689282e-05,0.00040957457,6.409909e-05,3.8872768e-06,3.835139e-05,7.0199035e-06,6.272431e-05,0.0002247746,0.0003185913,0.00015624664,0.00035295018,0.00019919008,0.00023195808,0.00016331805,0.0003644024,7.7209676e-05,5.082519e-05,0.00019757511,2.3689174e-05,0.00031561402,4.7504524e-05,9.958918e-05,0.0002557804,0.00013987055,0.00039064925,2.0691185e-05,4.3851374e-05,4.720919e-05,0.00025943381,7.67884e-05,0.00023316113,4.1695264e-05,0.0006152202,0.00027817333,0.00018411603,0.00023319923,8.871054e-05,0.00032011612,0.000101383106,2.2379914e-05,3.401182e-05,2.6820098e-06,5.339749e-06,8.506657e-05,0.00039515345,2.3041375e-05,8.2335864e-05,4.3381435e-05,0.00015867189,0.00013693437,6.3269836e-05,0.00025150843,8.790679e-06,0.00038482476,1.1004633e-05,0.0004382901,2.8679946e-05,5.2858427e-06,5.4982225e-05,7.541978e-05,7.351281e-05,1.4651887e-05,0.00015033394,0.0001321675,0.00016049534,7.6144235e-05,0.00014257422,0.00012867487,0.00030909918,0.00014757377,0.00010496414,0.00027237722,7.555429e-05,0.0004729647,7.4138756e-05,0.0003334635,2.8149183e-05,2.0989026e-05,0.00043910352,0.00013275542,0.00018753854,5.236735e-05,0.00036766025,0.0004894864,5.4004173e-05,0.0004126093,0.000102887905,5.2000018e-05
0.0011968676,0.0019347941,0.0004877962,0.00080830953,0.00019733405,0.002232989,0.00087604695,0.0009820592,0.00046404317,0.0011377132,0.0025561685,0.0007058811,0.00047018644,0.00063331367,0.0021882968,0.00060084945,0.00028614426,0.0009332688,2.419556e-06,0.00028516876,0.0005670008,0.0005918258,0.00028232767,0.00029169617,0.0002058913,0.0007657085,0.00040274026,1.7231665e-05,0.00040766504,0.0001165438,0.000666589,0.00075876084,0.00027251962,0.00011140405,0.0012193774,0.00010849774,0.00021662808,0.00028011587,0.0005790007,0.00052675745,5.172752e-05,0.00022522233,0.00010966838,0.0004990612,0.0004518445,0.00064070756,0.0017670061,0.0004750659,6.797789e-05,0.00021771016,0.0011426226,8.444011e-06,0.00035113722,0.00036441247,4.431327e-05,0.00013381375,0.00046946955,0.00035522264,4.404343e-05,0.0005116165,5.7163274e-05,0.00095621555,0.00029264617,0.0001041412,0.0005333435,3.1627067e-05,0.00025257684,0.00034402258,0.0004770309,0.00095955445,0.0001278401,0.0006110118,0.00023823866,0.0012488499,0.00041926547,0.0005898697,5.988199e-05,0.0008692384,0.00016688659,0.00016897716,0.00046639075,0.00049919676,0.00058786664,8.433628e-05,0.00040214395,0.0002792791,0.0005598475,0.0003858903,7.549416e-05,0.00013393676,0.0001842234,0.0008925791,0.00037966153,0.00016163144,0.00038112293,0.00017416869,0.000696208,0.00049473334,0.00027370715,0.00040747778,0.0005059366,6.195065e-05,0.0003550328,0.00018702744,0.00054107246,0.0002807923,0.00012507127,0.00012267445,0.00012000653,0.0005798478,0.0004231889,0.00016628965,0.0006821132,0.00055525755,3.604e-05,0.0006059147,8.269824e-05,6.34719e-05,0.0003341135,0.0002914792,0.00034388085,0.0004133938,0.00064535113,0.00032271532,0.0006707784,0.0003111222,0.00021247033,0.00012448078,5.605779e-05,6.240702e-05,0.0005604356,0.00078481855,0.000114353716,0.00012840057,0.0006477085,0.00055500487,3.5712066e-05,0.00029590214,0.00047250174,0.0003549879,0.0002578935,0.00017621194,8.153263e-05,0.00018641929,0.00028530485,0.00032972533,8.396538e-05,0.0006257844,0.000710541,0.0005309018,7.081908e-06,0.00020234889,0.00040786143,0.0004756975,0.00062628626,1.1005475e-05,0.00032936563,0.00032484514,0.00050157256,0.0003634257,0.00011496347,6.930419e-05,0.0003349348,0.0008381849,0.00028792888,0.00043466818,0.00015003743,0.0008493096,0.00038543288,0.001301669,0.00036488308,0.0003589298,0.00025941094,0.000888787,0.0004310923,0.00025360158,0.00020567447,0.00042845952,0.0006676222,0.000506736,0.0005075504,0.00038220233,0.0003168942,0.00053341186,0.0008783734,0.0006200898,6.2448424e-05,0.00021252921,0.00083701476
0.0,0.0,0.0,0.0,0.0,0.0,0.0,0.0,0.0,0.0,0.0,0.0,0.0,0.0,0.0,0.0,0.0,0.0,0.0,0.0,0.0,0.0,0.0,0.0,0.0,0.0,0.0,0.0,0.0,0.0,0.0,0.0,0.0,0.0,0.0,0.0,0.0,0.0,0.0,0.0,0.0,0.0,0.0,0.0,0.0,0.0,0.0,0.0,0.0,0.0,0.0,0.0,0.0,0.0,0.0,0.0,0.0,0.0,0.0,0.0,0.0,0.0,0.0,0.0,0.0,0.0,0.0,0.0,0.0,0.0,0.0,0.0,0.0,0.0,0.0,0.0,0.0,0.0,0.0,0.0,0.0,0.0,0.0,0.0,0.0,0.0,0.0,0.0,0.0,0.0,0.0,0.0,0.0,0.0,0.0,0.0,0.0,0.0,0.0,0.0,0.0,0.0,0.0,0.0,0.0,0.0,0.0,0.0,0.0,0.0,0.0,0.0,0.0,0.0,0.0,0.0,0.0,0.0,0.0,0.0,0.0,0.0,0.0,0.0,0.0,0.0,0.0,0.0,0.0,0.0,0.0,0.0,0.0,0.0,0.0,0.0,0.0,0.0,0.0,0.0,0.0,0.0,0.0,0.0,0.0,0.0,0.0,0.0,0.0,0.0,0.0,0.0,0.0,0.0,0.0,0.0,0.0,0.0,0.0,0.0,0.0,0.0,0.0,0.0,0.0,0.0,0.0,0.0,0.0,0.0,0.0,0.0,0.0,0.0,0.0,0.0,0.0,0.0,0.0,0.0,0.0,0.0,0.0,0.0,0.0,0.0,0.0,0.0,0.0
5.9723978e-05,0.004274742,0.00036295422,0.0035203535,0.0008069546,0.00096589094,0.0012967857,0.00100015,6.8572044e-06,0.00036655896,0.004456842,0.0008590721,0.004877479,0.001476316,0.000601933,0.001411798,0.000116286275,1.8738938e-05,8.5376116e-05,0.0001262093,0.0001557639,8.5248364e-05,0.00041652596,0.00058838335,0.0005688741,0.0007729831,0.0008489428,2.7800219e-05,3.9456267e-05,0.0003225169,0.0007863532,0.00047072824,0.0008280192,0.0003916396,0.00013704164,8.846028e-05,7.166968e-05,0.0010441813,0.0005074836,0.0007629629,0.00037107852,0.0007970985,0.000234243,0.0003369916,5.6819536e-05,3.4912562e-05,0.0021536392,4.550627e-05,0.0016410857,0.002649984,0.0005553071,0.00014940742,0.0003466674,0.00034260293,0.00039253422,0.00042931386,0.0007200632,0.00026475842,0.0010757038,0.000402269,0.000358511,0.0010763421,0.00039483554,1.6725615e-05,0.00032034563,4.1310603e-05,0.00061719824,0.00037706085,0.00025581798,6.054015e-05,0.00023957295,8.845747e-05,4.077289e-05,0.0013596545,0.00028878034,0.001298399,0.0005094523,0.0007407577,0.00069846556,0.00010067882,0.00051930174,5.962138e-05,0.001344322,0.00016805435,0.0012181854,0.00019634854,8.84764e-05,5.6572448e-05,1.870629e-05,0.00010875028,0.00031786237,0.0011369064,0.0012756712,0.0013724756,0.00016629953,0.0004652238,0.00028282485,0.0004347118,0.000367312,6.845163e-05,0.0013684789,0.00020817491,0.001300406,0.00037570993,0.00011701951,2.9702642e-07,8.920288e-06,0.00023832438,0.0005613418,0.00086183497,0.00032588124,0.0010736305,0.0004089815,0.0015013139,0.00032228377,0.0013827116,0.00061179197,0.00019048643,0.00075115764,0.00023891286,0.00081551634,3.675505e-05,0.00038564537,0.0009029296,0.0003171211,0.0014751015,0.00010598055,0.00029592143,0.00013654976,0.00070841826,0.00038054565,0.0010900883,9.933843e-06,0.0018673966,0.0012549141,0.0005599522,0.0008195451,0.0003988194,0.0011129659,0.00031921768,3.305314e-05,0.00019066944,0.00011076162,0.00016895309,0.00022950425,0.0012907739,2.4828405e-05,0.000656606,0.00041912866,0.00029619524,0.000545212,0.00024406138,0.0008392283,3.1605377e-06,0.00142288,0.00012753703,0.0013674163,0.00023091618,0.00017839465,0.00010317878,0.000118109965,0.00027722525,0.00013086469,0.00039689365,0.00040301046,0.00041386715,0.00041018424,0.00066997274,0.00029983453,0.000957407,0.00021411653,0.0009785851,0.0011476823,0.000100480975,0.0011530707,0.0011315024,0.0010156076,0.00041893555,0.00023137016,0.0012434642,0.00035898064,0.00047642924,3.1946925e-05,0.0011813841,0.0009791924,0.00035862188,0.0013125567,4.2184423e-05,0.0002268264
0.0,0.0,0.0,0.0,0.0,0.0,0.0,0.0,0.0,0.0,0.0,0.0,0.0,0.0,0.0,0.0,0.0,0.0,0.0,0.0,0.0,0.0,0.0,0.0,0.0,0.0,0.0,0.0,0.0,0.0,0.0,0.0,0.0,0.0,0.0,0.0,0.0,0.0,0.0,0.0,0.0,0.0,0.0,0.0,0.0,0.0,0.0,0.0,0.0,0.0,0.0,0.0,0.0,0.0,0.0,0.0,0.0,0.0,0.0,0.0,0.0,0.0,0.0,0.0,0.0,0.0,0.0,0.0,0.0,0.0,0.0,0.0,0.0,0.0,0.0,0.0,0.0,0.0,0.0,0.0,0.0,0.0,0.0,0.0,0.0,0.0,0.0,0.0,0.0,0.0,0.0,0.0,0.0,0.0,0.0,0.0,0.0,0.0,0.0,0.0,0.0,0.0,0.0,0.0,0.0,0.0,0.0,0.0,0.0,0.0,0.0,0.0,0.0,0.0,0.0,0.0,0.0,0.0,0.0,0.0,0.0,0.0,0.0,0.0,0.0,0.0,0.0,0.0,0.0,0.0,0.0,0.0,0.0,0.0,0.0,0.0,0.0,0.0,0.0,0.0,0.0,0.0,0.0,0.0,0.0,0.0,0.0,0.0,0.0,0.0,0.0,0.0,0.0,0.0,0.0,0.0,0.0,0.0,0.0,0.0,0.0,0.0,0.0,0.0,0.0,0.0,0.0,0.0,0.0,0.0,0.0,0.0,0.0,0.0,0.0,0.0,0.0,0.0,0.0,0.0,0.0,0.0,0.0,0.0,0.0,0.0,0.0,0.0,0.0
0.0062508658,0.10672794,0.03118578,0.013024746,0.01649532,0.05086607,0.079034396,0.044940956,0.009717578,0.02433414,0.07053091,0.04727087,0.03788113,0.03840311,0.07328351,0.08566143,0.0014240211,0.05233696,0.020224582,0.08020263,0.0031360844,0.0077343537,0.06081699,0.030374125,0.014477128,0.025294447,0.0038183779,0.015743192,0.011455188,0.0024526939,0.029629676,0.017197574,0.08221431,0.008759573,0.08927286,0.023040539,0.010426622,0.046382975,0.0051969495,0.0054593384,0.053240635,0.012634334,0.0048691565,0.07930801,0.021097539,0.0052548144,0.08259213,0.022333749,0.020727448,0.0028022504,0.09887153,0.017057884,0.08155225,0.011366741,0.0037924382,0.024687542,0.05187466,0.02278592,0.04309071,0.033892177,0.028301578,0.026900258,0.015739424,0.007076512,0.0016020536,0.025975382,0.02481791,0.010663989,0.0087247025,0.025227293,0.0062212264,0.031406082,0.012702842,0.14123186,0.02123158,0.020767601,0.057452157,0.0021788022,0.023656897,0.019907506,0.0053946692,0.012449283,0.04755966,0.011086455,0.0031580133,0.015553237,0.011290698,0.010305693,0.004101333,0.0064834272,0.010902586,0.05310344,0.021259915,0.04349374,0.008608063,0.029345496,0.0409576,0.028085694,0.029204667,0.0063111074,0.043076154,0.012772864,0.009980531,0.005154142,0.015792554,0.001184375,0.0026585497,0.0055305734,0.024838818,0.10670317,0.08001878,0.03773767,0.0413969,0.13036,0.02011409,0.06799738,0.0396846,0.0068281554,0.021332052,0.02293572,0.011069644,0.0043174746,0.039373428,0.024981357,0.03195524,0.0068096304,0.019500105,0.022917869,0.012794461,0.00015221396,0.008351762,0.00031073298,0.019136894,0.041474182,0.082746826,0.0155423675,0.0017449176,0.015034881,0.03459438,0.012210971,0.006511426,0.0025439635,0.035673406,0.0047530783,0.011136718,0.049802512,0.0049247183,0.04147917,0.07230379,0.0042966474,0.03144474,0.039891824,0.0010051047,0.016678197,0.050927922,0.005486761,0.012621707,0.011098616,0.014808334,0.004513673,0.009067576,0.0028139998,0.05138897,0.024080053,0.005445134,0.019437073,0.017168388,0.08502394,0.009348719,0.06368276,0.08455858,0.03678558,0.0197828,0.05534689,0.00551477,0.07675931,0.08772124,0.013955722,0.072053194,0.0064013144,0.028674725,0.022669474,0.020837955,0.0026523676,0.054939285,0.031283524,0.007817552,0.021150207,0.045025535
0.00076895073,0.00580121,0.0011007276,0.003919553,0.0009248438,0.0035045093,0.0020128968,0.0020936376,0.00039147082,0.00091073115,0.005508756,0.00197516,0.005599319,0.0022238663,0.0030966173,0.0024362525,0.00077114906,0.0006510766,0.0005146959,0.00029600124,0.00032747994,0.00015049383,0.0005722838,0.0014145022,0.000283227,0.00080800866,0.00091970625,0.00040770308,0.0006695882,0.00100817,0.00019704536,0.0007765292,0.002368691,8.7968045e-05,0.0011814112,0.00044084148,0.00058126374,0.0020042914,0.0011535361,0.00086516916,0.00067570194,0.0011297087,0.00072064076,0.00016562273,0.00035521976,0.00045311148,0.0033006272,0.0011416104,0.0018654306,0.0037531261,0.0026892645,0.00010060893,7.1200106e-05,0.00041738845,0.00056785665,0.000108743145,0.001076717,0.0003221799,0.0010833795,0.00039488816,0.0006409869,0.0010552291,0.0006460501,0.0003033851,0.0001260183,5.517328e-05,0.0006969252,0.00022462127,0.00016493356,9.614111e-05,0.00045777025,0.00021616276,0.00032113882,0.002526361,0.0006904883,0.0022731584,0.00070868013,0.0018105921,0.00046953472,0.00012718179,0.0007529553,2.8430331e-06,0.0018914526,0.00015506436,0.0015365656,3.24823e-05,0.0007048643,0.00013855558,0.00036642162,2.8966919e-05,0.000100096804,0.0010438835,0.0022031763,0.002524912,0.0004986265,0.00065868406,0.0003468024,0.0005545795,0.00026549687,3.0168332e-05,0.0017913827,0.00036908552,0.0016014385,0.00046166783,0.00079842476,0.00022997937,0.00030273932,0.00012185106,0.00031427073,0.0016916986,0.00032179526,0.0013303147,4.665111e-05,0.003373453,0.0004893949,0.0027373713,0.0010806194,0.0003461681,0.0009738399,0.00018896244,0.0003000829,3.0359086e-05,0.0005770833,0.0006011025,0.0009794693,0.0021459062,5.0308678e-05,8.3062594e-05,0.0011314438,0.00069067755,1.6411097e-05,0.0016788145,0.00021846489,0.002400241,0.0024297955,0.000886073,0.0013146097,0.0010068018,0.0015508075,0.00019614003,0.00052352576,2.185956e-05,5.2272197e-05,0.0001997932,0.00045256197,0.001965843,3.1332893e-05,0.0012089584,0.0003243927,0.00020919838,0.00050771964,0.00064348057,0.0012932625,6.322793e-05,0.0020225206,0.0001967401,0.0017559512,6.412155e-05,0.00075819914,0.00027258316,0.0004257975,0.00037588226,2.601427e-05,0.0009358774,0.00012793207,0.00089479866,0.00028535514,8.8952715e-05,0.00029544428,0.00017085485,0.00042263238,0.00061164144,0.0022884428,0.0012664814,0.001704992,0.0019936827,0.00075342995,3.182869e-05,0.002258114,0.0010348802,0.0007976081,0.00051049516,0.00060267013,0.0015228449,0.0001234384,0.0012346238,0.0009381452,0.00079557655,0.0005718999
0.0,0.0,0.0,0.0,0.0,0.0,0.0,0.0,0.0,0.0,0.0,0.0,0.0,0.0,0.0,0.0,0.0,0.0,0.0,0.0,0.0,0.0,0.0,0.0,0.0,0.0,0.0,0.0,0.0,0.0,0.0,0.0,0.0,0.0,0.0,0.0,0.0,0.0,0.0,0.0,0.0,0.0,0.0,0.0,0.0,0.0,0.0,0.0,0.0,0.0,0.0,0.0,0.0,0.0,0.0,0.0,0.0,0.0,0.0,0.0,0.0,0.0,0.0,0.0,0.0,0.0,0.0,0.0,0.0,0.0,0.0,0.0,0.0,0.0,0.0,0.0,0.0,0.0,0.0,0.0,0.0,0.0,0.0,0.0,0.0,0.0,0.0,0.0,0.0,0.0,0.0,0.0,0.0,0.0,0.0,0.0,0.0,0.0,0.0,0.0,0.0,0.0,0.0,0.0,0.0,0.0,0.0,0.0,0.0,0.0,0.0,0.0,0.0,0.0,0.0,0.0,0.0,0.0,0.0,0.0,0.0,0.0,0.0,0.0,0.0,0.0,0.0,0.0,0.0,0.0,0.0,0.0,0.0,0.0,0.0,0.0,0.0,0.0,0.0,0.0,0.0,0.0,0.0,0.0,0.0,0.0,0.0,0.0,0.0,0.0,0.0,0.0,0.0,0.0,0.0,0.0,0.0,0.0,0.0,0.0,0.0,0.0,0.0,0.0,0.0,0.0,0.0,0.0,0.0,0.0,0.0,0.0,0.0,0.0,0.0,0.0,0.0,0.0,0.0,0.0,0.0,0.0,0.0,0.0,0.0,0.0,0.0,0.0,0.0
1.7157461e-08,1.2992263e-07,2.6737446e-08,3.189416e-08,2.5234586e-08,4.9240498e-08,8.939684e-09,2.2511152e-08,1.464499e-08,8.010928e-09,1.4503686e-07,4.6254634e-08,5.5177296e-08,5.3958622e-08,4.7640917e-08,3.2858325e-09,5.2277978e-09,2.896273e-08,2.3788602e-09,1.3556026e-08,2.0336728e-08,1.3382422e-09,1.2564418e-08,1.6612063e-08,2.903898e-08,1.5265138e-08,1.8967583e-08,1.3416875e-09,1.9126329e-08,8.983194e-09,3.4787615e-08,2.6469635e-08,5.1497896e-08,6.9161445e-09,3.1608433e-08,5.1806732e-09,1.5059229e-09,3.3731148e-08,2.7628776e-08,1.8750622e-08,8.785438e-09,1.43333825e-08,1.5293187e-08,6.5197936e-09,1.2617358e-09,8.348327e-10,9.8354114e-08,3.6605808e-08,5.416451e-09,7.245539e-08,5.8908796e-08,1.8182285e-09,1.4846693e-08,4.013747e-09,1.2900225e-08,2.3131458e-08,2.0117083e-08,1.802137e-09,4.997978e-08,5.6780927e-09,7.188385e-09,2.9564294e-08,9.6870325e-09,1.9880242e-09,3.4477095e-09,1.2228099e-08,4.3736006e-09,3.2627305e-08,3.409022e-09,7.2756534e-09,1.3179648e-08,4.270519e-09,4.0676498e-10,5.6844378e-08,2.7863546e-08,1.0607646e-08,3.6331067e-09,3.3591373e-08,2.6608543e-08,7.7505655e-09,1.7731388e-08,6.500457e-10,4.6633552e-08,1.40431e-09,1.0054551e-08,1.1702377e-08,1.6336855e-08,5.8703704e-09,3.7214352e-09,1.8873474e-09,3.4286e-08,7.070726e-08,5.5051736e-08,9.4351e-09,1.5353585e-08,2.8511007e-08,1.8447729e-08,5.30428e-10,3.3349892e-09,1.2545501e-09,4.3245564e-08,6.031172e-09,1.2913354e-08,1.755333e-08,1.5440163e-08,8.193959e-09,3.742842e-09,7.503818e-09,7.911604e-09,1.1815945e-08,8.455174e-09,1.4765203e-08,1.0383672e-09,6.220507e-08,9.178135e-09,3.4960067e-08,1.4113579e-08,7.50808e-09,2.6182406e-08,4.5112065e-09,5.9569825e-09,7.288432e-09,7.1662236e-09,2.3594549e-08,2.2062308e-09,1.6865748e-08,8.262655e-10,1.5517568e-08,1.9695733e-08,5.2888334e-09,2.884061e-08,3.1533556e-08,1.3071428e-09,3.856981e-08,4.7014453e-08,1.6274884e-09,1.8797781e-08,2.130951e-08,1.0143384e-08,1.4047755e-08,1.4656852e-08,1.3437017e-08,4.9341398e-09,1.5311773e-08,9.205932e-09,3.684898e-08,1.0701213e-08,2.352168e-09,6.643985e-09,1.1114757e-08,3.2343523e-09,1.9711712e-09,1.8861932e-08,1.9849783e-10,4.804222e-08,5.105368e-09,1.2244289e-08,8.8044105e-09,1.4035e-08,4.2119824e-10,2.966922e-09,1.2847254e-08,6.844303e-09,1.4935946e-08,3.5738705e-09,1.503999e-08,2.4274747e-09,1.9889285e-08,1.4061276e-08,1.8899389e-08,3.1984342e-08,2.3123993e-08,5.4292304e-08,2.2558007e-08,1.2629408e-08,5.38451e-08,1.7894633e-08,1.9366134e-08,1.3438816e-08,1.1266215e-08,2.3173075e-09,1.0017281e-08,9.230654e-09,1.8819327e-08,3.536777e-09,3.1883495e-08,3.3279836e-08,2.5153395e-09,2.2038988e-08
0.0014890524,0.018518485,0.005467832,5.883613e-05,0.006428905,0.017712545,0.0009911023,0.011352951,0.004495072,0.0011764489,0.03152004,0.0032166606,0.0030266603,0.014895763,0.018822879,0.007096168,0.0012525183,0.007908942,0.0041022347,0.0018835395,0.0012834237,0.0037252135,0.00450645,0.0045610582,0.0041221133,0.00988698,0.0021939008,0.008465266,0.000696264,0.0042999075,0.0029040994,0.01252922,0.0036480452,0.006023749,0.011364189,0.0006745596,0.0027339798,0.0029526658,0.0027434276,0.002226747,0.0035945128,0.0014528572,0.0033968568,0.008526883,0.0026062208,0.0020733764,0.025160108,0.0003510462,0.0026727377,0.010649125,0.0125731155,0.0010020339,0.0021787658,0.0018493845,0.006066947,0.0013917836,0.0010295729,0.0023184584,0.00010495575,0.00044138703,0.0024894616,0.010095777,0.0012980853,0.002964499,0.00860293,0.0015889297,0.004018703,0.00551857,0.0034537115,0.0040500867,0.0047039744,0.0013640642,0.0014381937,0.014131949,0.0010908451,0.006863392,0.003116432,0.0051808427,0.0023899295,0.0042607295,0.0014211211,0.0042949026,0.0061711418,0.0024952036,0.0012252815,0.0022520805,0.005532868,0.001408658,1.6372593e-05,0.0005824325,0.0030380543,0.012679027,0.0038921852,0.008062204,0.000310621,0.0022259208,0.0018167242,0.0007302901,0.0009628028,0.0033054,0.0056901854,0.0014899244,0.002734749,0.0012654669,0.006147202,0.00027421126,0.00078978244,0.00097388873,0.0029827012,0.0042468137,0.0075382413,0.0035384805,0.0075089834,0.0053209793,0.004832373,0.0022994394,0.0018376192,0.0020479793,0.0055060396,0.001069249,0.0040222625,0.005966539,0.0016452994,0.0009372975,0.009416522,0.001083678,0.005536691,0.0028993832,0.00037417724,0.00048058352,0.00048005563,0.0069576954,0.00082974415,0.0024336707,0.0075858906,0.0022274572,0.0004887261,0.0035215756,0.0022060743,0.0026657456,0.006587828,0.0010930033,0.002592403,0.0012601354,0.0035078893,0.0017071614,0.0021375436,0.0054149143,0.0042278785,0.0017161318,0.0036248853,0.0014144132,0.0026315183,0.004135842,0.006933634,0.001971384,0.0012576759,0.00043042976,0.005328686,0.0015908282,0.00036274607,0.0017151356,0.00233464,0.003433114,0.0012846799,0.0052989786,0.0024467553,0.0030980243,0.0048460914,0.008323331,0.00048939674,0.0025149528,0.003914218,0.0062307725,0.0050826264,0.0024263416,0.0021896365,0.0020511001,0.005407205,0.006416661,0.0063757403,0.0028103301,0.0043875645,0.0010565242,0.009732267,0.004185376,0.0002926479,0.0048662545,0.00682194
1.5301912e-05,7.566008e-05,0.00026723702,0.00026109643,8.541545e-05,0.0001270585,3.2166965e-05,8.136569e-05,0.00015448789,4.128968e-05,8.648017e-05,0.00033220398,0.00033739337,3.390818e-05,0.000116241354,5.0712326e-05,0.00021533927,4.832119e-05,3.1133914e-06,5.6600584e-08,5.9756974e-05,6.157131e-05,4.3141757e-05,7.039719e-05,2.8815184e-05,9.5347605e-06,6.982208e-05,3.3320335e-05,5.3579784e-05,2.2865115e-05,0.0001565766,5.525937e-06,2.4571726e-05,2.4201028e-05,0.00010134975,6.350658e-05,3.830228e-05,1.8227722e-05,5.9625763e-05,6.3821804e-05,0.00011089721,1.2464661e-05,4.3831067e-05,3.7667567e-05,7.198206e-05,0.0001148953,4.9244383e-05,0.00029778443,0.00024210633,3.3731336e-05,0.0001715238,0.00017657218,8.897625e-05,0.00013728284,0.000105810715,3.2922355e-05,3.4120643e-05,7.720326e-05,1.13336755e-05,9.971699e-05,0.00013238068,7.919852e-05,9.1095906e-05,7.591674e-05,9.007203e-05,2.0865224e-05,4.909274e-05,9.442492e-05,8.895332e-06,3.9070073e-06,0.00015066814,3.5824083e-05,2.7123893e-05,2.0213876e-05,0.00018020696,0.00024905833,3.1394e-05,6.3963984e-05,5.314276e-05,3.1613425e-05,6.5224514e-05,7.0947685e-06,1.4444904e-05,9.433326e-05,0.0001061297,1.384417e-05,4.5272882e-05,3.3923395e-06,2.72023e-05,2.0463212e-05,6.144839e-06,4.1651856e-06,9.7637334e-05,0.0002259977,7.688792e-05,5.255112e-05,1.4087273e-05,3.123876e-05,7.075909e-05,1.2377357e-05,4.180291e-05,7.678166e-05,9.74977e-05,2.4865985e-05,6.7436624e-05,5.264345e-06,2.0101466e-05,1.8890223e-05,0.0001119755,6.6764645e-05,2.4946146e-05,4.5973793e-05,8.463851e-05,9.801806e-05,0.00011905237,0.00011377723,5.5680917e-05,4.321082e-05,8.326531e-06,3.424895e-05,5.841338e-05,7.7058554e-05,3.263387e-06,2.7265225e-05,6.609298e-06,4.931213e-05,0.0001290804,6.738522e-05,2.9545306e-05,1.3195131e-06,4.2126696e-05,0.000104175815,6.512527e-05,6.601636e-05,6.5504355e-05,6.212358e-05,4.458333e-05,4.5284312e-05,0.00012909259,4.753949e-05,1.90221e-05,3.1233135e-06,6.9991092e-06,2.8429677e-06,2.7769502e-05,2.289282e-05,5.7474295e-05,5.8888967e-05,1.9066487e-05,0.0001021302,1.3438394e-05,8.170468e-05,2.6223686e-05,2.0049622e-06,1.7973704e-05,8.822267e-05,0.00013280392,1.4564748e-05,5.891806e-05,5.336509e-06,4.9720526e-05,2.1591186e-05,3.9282328e-05,6.4683176e-05,2.5395293e-05,6.726821e-05,2.1994234e-05,5.5261222e-05,2.3109107e-05,1.6320842e-05,7.6238543e-06,0.00019215156,3.2456377e-05,2.5535448e-05,4.4334647e-05,0.00015873392,6.549943e-05,0.0001267319,5.89082e-05,3.5611258e-05,5.7123892e-05,3.5708235e-05,2.9366185e-05,0.0001514089,2.4298883e-05,8.3153325e-05,2.4272296e-05,3.1750635e-05,6.7644396e-05
8.424241e-05,0.0014949766,3.0495707e-05,0.0005573733,0.0001891006,0.0006204614,0.00018986057,0.0003381073,0.00022273259,0.00048039434,0.0017601509,0.00011773266,0.0009323046,0.00064449594,0.00047611614,0.0002164355,6.3187574e-05,0.00043130075,0.00013623654,0.0003224643,8.752006e-05,0.00014039062,5.5249693e-05,7.9844576e-05,0.00016801359,4.5911424e-05,0.00010611664,0.000121544406,0.00013282752,1.7751976e-05,8.138608e-05,0.00039807206,0.00015119782,5.8424965e-05,0.00026151803,3.876425e-05,8.577795e-05,0.0002894504,3.9133578e-05,6.475819e-05,0.000114251976,0.00028531102,0.00017660794,0.0003190623,9.0098954e-05,0.00010106535,0.0014545238,4.007097e-05,0.000117555406,0.00031441922,0.00043992803,3.2194243e-05,3.9757077e-05,0.00014828346,0.00018868968,0.00010955601,8.188455e-05,0.00022883776,0.00017106651,0.00014380612,0.00019859505,0.00019469521,0.0002939183,0.00010768468,9.018799e-05,7.016428e-05,0.00022812163,0.0004769376,0.00015442257,0.00012689822,2.1161866e-05,0.00018368338,0.0002202102,0.0009563195,4.464958e-05,0.00024163903,5.114991e-05,0.00013202615,0.00021350148,2.5748413e-06,6.2661544e-05,4.4153836e-05,0.00036328146,3.3257755e-05,0.0001390464,5.4770077e-05,8.821903e-05,2.3019733e-05,4.9501432e-05,2.374504e-05,0.00018932916,0.0005129284,1.9005893e-05,0.000208203,2.8276107e-05,5.313704e-05,6.685998e-05,2.4741952e-05,3.755991e-05,5.277803e-05,0.000377994,1.5124915e-05,0.00013614977,4.2153235e-05,0.00012760595,8.9011024e-05,6.311338e-05,1.9666906e-05,7.815287e-05,0.0005625153,0.00036750195,6.0115497e-05,0.00025850692,0.0005555832,9.732336e-05,0.00020506664,2.0872587e-05,3.0143263e-05,0.0002527981,2.373445e-05,0.00021394218,0.00012382149,8.88695e-05,2.6076304e-06,4.8315123e-05,0.00013735506,0.00019189293,3.3877586e-07,5.0203496e-05,4.2488202e-05,0.00025570008,1.1442848e-05,7.257741e-05,0.00037613077,0.00024470798,8.9046334e-05,0.00019191005,4.4734137e-05,0.0004954596,1.8407609e-05,2.266068e-06,4.2620086e-06,7.477219e-05,8.384868e-05,8.3830455e-05,0.00023333165,9.388501e-05,0.000117674164,0.00033637523,0.00022760287,0.00017614469,2.7517466e-05,8.713159e-06,4.3212392e-05,0.00042389942,4.5472232e-05,0.00013999516,1.6048307e-06,7.101096e-05,6.1946193e-06,3.0707393e-05,5.148112e-05,9.3800845e-05,0.0003032156,2.7000853e-05,6.890218e-05,0.00023742073,8.329844e-05,0.000117362695,1.1206789e-06,0.0003564084,6.811742e-05,0.00016524328,1.5122889e-05,0.0006096517,0.00028495488,0.00032435337,0.000470331,0.0004965825,6.2847816e-05,0.00033094935,0.00029571267,1.4606403e-05,6.997087e-05,0.00027421888,0.00011069076,0.00016405915,0.00017148213,0.00012952839
0.0,0.0,0.0,0.0,0.0,0.0,0.0,0.0,0.0,0.0,0.0,0.0,0.0,0.0,0.0,0.0,0.0,0.0,0.0,0.0,0.0,0.0,0.0,0.0,0.0,0.0,0.0,0.0,0.0,0.0,0.0,0.0,0.0,0.0,0.0,0.0,0.0,0.0,0.0,0.0,0.0,0.0,0.0,0.0,0.0,0.0,0.0,0.0,0.0,0.0,0.0,0.0,0.0,0.0,0.0,0.0,0.0,0.0,0.0,0.0,0.0,0.0,0.0,0.0,0.0,0.0,0.0,0.0,0.0,0.0,0.0,0.0,0.0,0.0,0.0,0.0,0.0,0.0,0.0,0.0,0.0,0.0,0.0,0.0,0.0,0.0,0.0,0.0,0.0,0.0,0.0,0.0,0.0,0.0,0.0,0.0,0.0,0.0,0.0,0.0,0.0,0.0,0.0,0.0,0.0,0.0,0.0,0.0,0.0,0.0,0.0,0.0,0.0,0.0,0.0,0.0,0.0,0.0,0.0,0.0,0.0,0.0,0.0,0.0,0.0,0.0,0.0,0.0,0.0,0.0,0.0,0.0,0.0,0.0,0.0,0.0,0.0,0.0,0.0,0.0,0.0,0.0,0.0,0.0,0.0,0.0,0.0,0.0,0.0,0.0,0.0,0.0,0.0,0.0,0.0,0.0,0.0,0.0,0.0,0.0,0.0,0.0,0.0,0.0,0.0,0.0,0.0,0.0,0.0,0.0,0.0,0.0,0.0,0.0,0.0,0.0,0.0,0.0,0.0,0.0,0.0,0.0,0.0,0.0,0.0,0.0,0.0,0.0,0.0
0.012240283,0.117326,0.2956988,0.062093034,0.12075491,0.27742136,0.03657289,0.21798176,0.16630545,0.043580417,0.24249664,0.2800424,0.06502953,0.051064562,0.25851464,0.10379555,0.24054721,0.061502233,0.031142762,0.0046590343,0.011247744,0.06572878,0.01612509,0.01204446,0.048736736,0.0037972634,0.03418646,0.08593546,0.028978622,0.006442003,0.13356544,0.05180769,0.03245725,0.035762988,0.103204444,0.10712202,0.044168092,0.09917548,0.03881201,0.071437895,0.1633068,0.13799332,0.05059357,0.021951206,0.024677813,0.07415902,0.054058775,0.13358565,0.10595133,0.01965904,0.15737851,0.16105998,0.10930643,0.030264657,0.08830069,0.11221427,0.12970942,0.15721074,0.27631894,0.086703494,0.08437441,0.037478674,0.03929622,0.0072394176,0.0030129924,0.12784436,0.017838271,0.0014614491,0.04199796,0.0721017,0.02019234,0.022083888,0.040194087,0.08964138,0.0442765,0.31039762,0.04306025,0.036385536,0.106560305,0.033068717,0.06403338,0.01906639,0.09353852,0.07223973,0.04782888,0.030556917,0.037522774,0.029964022,0.043660644,0.037386432,0.02135513,0.0020714253,0.0348868,0.042634897,0.08844133,0.11096417,0.07952213,0.0013862597,0.12712525,0.0006661385,0.073145546,0.08349207,0.03514544,0.004831087,0.06539905,0.017503966,0.03202903,0.03773719,0.045414187,0.09414174,0.10889894,0.19219261,0.01343751,0.010650033,0.11907013,0.0018272279,0.15832871,0.03625819,0.015402926,0.052196927,0.030114532,0.04903188,0.02829077,0.16238324,0.03250768,0.05242991,0.052766934,0.18041375,0.076762795,0.03467256,0.040351056,0.11444957,0.055499263,0.06261309,0.013361039,0.00857504,0.013862573,0.053771067,0.006925609,0.04236438,0.023220737,0.0115333935,0.035483975,0.0068812445,0.012276059,0.15228221,0.06359732,0.08502309,0.032946125,0.06445301,0.09279795,0.024280375,0.021905594,0.008771659,0.09643681,0.06794575,0.043781415,0.020544618,0.06809037,0.021352135,0.034717288,0.034760743,0.035551317,0.12093037,0.15246812,0.009058089,0.1800002,0.017289892,0.0435571,0.0025762143,0.04393948,0.016515365,0.24439164,0.14274068,0.045830943,0.37022254,0.0053225085,0.092975274,0.084328845,0.16791743,0.009621304,0.14879084,0.08233809,0.033248737,0.013121433,0.00994093,0.030354349,0.15118104,0.014314946
0.2106265,0.9430363,0.4353407,0.043977633,0.04643026,1.1641351,0.11124371,0.31751448,0.15893409,0.0065884143,0.97173923,0.5916765,0.21675026,0.28276992,1.2083755,0.1571156,0.4491858,0.22271793,0.11389235,0.27428475,0.059613854,0.20711996,0.14513145,0.3029399,0.00738143,0.15456223,0.092186704,0.033659548,0.037256606,0.0020903647,0.2731356,0.041140668,0.22304872,0.083117664,0.5431165,0.14926377,0.10610922,0.35072005,0.068178535,0.037277956,0.3064345,0.2715974,0.020600911,0.31612426,0.105776876,0.06353971,1.0213879,0.32067525,0.004209956,0.111839026,1.1185209,0.05322569,0.2569349,0.055164628,0.15655111,0.20883304,0.20648982,0.0153563805,0.1607538,0.14157319,0.07230905,0.0875435,0.14467548,0.024575077,0.055339817,0.23379561,0.023879997,0.09150046,0.057810664,0.024401605,0.045285635,0.1550338,0.09341611,0.6371816,0.060804166,0.03409628,0.15549251,0.7842446,0.028119337,0.09266625,0.0261048,0.016532768,0.3506456,0.1834645,0.032936137,0.0127810165,0.29031104,0.06998902,0.042502064,0.08727579,0.14452656,0.16456744,0.32385877,0.08749917,0.043941855,0.3314239,0.12345888,0.022959577,0.08341914,0.062917,0.3047962,0.20777361,0.06633834,0.079653025,0.32037336,0.03812743,0.104456976,0.060869142,0.08998824,0.522834,0.0037235916,0.10229139,0.14269748,0.5373148,0.0016069785,0.22573417,0.1365955,0.072338335,0.05995574,0.10197228,0.070660055,0.05896119,0.19246088,0.038833722,0.1925999,0.04697466,0.002685709,0.14890781,0.35496843,0.11358813,0.21675572,0.058043387,0.03872735,0.0028966581,0.31736606,0.03630459,0.27583024,0.03127899,0.08991867,0.04744812,0.020351365,0.012817709,0.07249562,0.031103037,0.034527257,0.16741146,0.06978151,0.11554989,0.051622417,0.22820266,0.06618288,0.039559796,0.028949227,0.04228545,0.36702335,0.16586152,0.054287598,0.014169261,0.30300593,0.08798726,0.043606892,0.011797626,0.028511204,0.3272107,0.15469761,0.09229255,0.23443407,0.4165321,0.010695912,0.49534032,0.40248698,0.25395867,0.20810987,0.030346707,0.47371525,0.16535263,0.3110473,0.15914343,0.3966228,0.10467596,0.21846575,0.033217188,0.6998742,0.012770918,0.5991965,0.23435742,0.08999597,0.062327165,0.06727844
0.10647673,0.270948,0.009726979,0.14550377,0.11732304,0.037485316,0.060727403,0.002230001,0.03495855,0.021198697,0.2690765,0.018318564,0.20360291,0.116154104,0.17919308,0.1213437,0.019324768,0.03395281,0.10341259,0.0044495584,0.059179313,0.0629502,0.053032156,0.09703043,0.00013129134,0.047164995,0.13080396,0.1922134,0.09882364,0.046502948,0.119396776,0.048643377,0.020747133,0.07369498,0.04734975,0.06718584,0.13393067,0.13700564,0.002976371,0.0049413047,0.108563684,0.045551755,0.008175799,0.04115207,0.09495529,0.10413259,0.25289047,0.13667774,0.024006274,0.016133597,0.06323096,0.010399805,0.014972341,0.11648613,0.072385386,0.01295957,0.019721821,0.022611896,0.048947234,0.02594323,0.01489098,0.0421347,0.0049626012,0.08633513,0.10180707,0.004625908,0.04200962,0.049096387,0.039080005,0.071899205,0.09056885,0.042825833,0.08597416,0.09378005,0.015403606,0.09662126,0.048224624,0.062313605,0.047467757,0.026475225,0.09584583,0.14434831,0.10135171,0.0069541615,0.06859505,0.0025759488,0.027105518,0.007454766,0.034520697,0.007982331,0.2107702,0.13204977,0.0045716204,0.024077758,0.07047692,0.082236245,0.061585832,0.087777264,0.07628363,0.14778642,0.08385138,0.011505796,0.06534743,0.003313663,0.030171894,0.016681116,0.04921441,0.021139035,0.17824978,0.0785792,0.04442694,0.00093928026,0.057887748,0.08921099,0.08011231,0.03940442,0.042766906,0.0722546,0.0013891421,0.052748308,0.0028952453,0.011594918,0.005793858,0.048967585,0.10981557,0.15383251,0.0188051,0.022686161,0.09536435,0.058497436,0.013967918,0.08942924,0.09243462,0.0020836992,0.068216644,0.17431535,0.0905885,0.02136735,0.06300381,0.024146073,0.04640515,0.0037899083,0.034560416,0.026182076,0.10043664,0.035974823,0.0055110203,0.09180553,0.048046496,0.018537953,0.082511336,0.07228877,0.041665398,0.15996554,0.10175679,0.0066151377,0.0579394,0.021598531,0.014865596,0.0060098134,0.03149496,0.020539578,0.11762324,0.05823727,0.12005167,0.011204997,0.027980264,0.013991922,0.035122875,0.025440881,0.1228392,0.004336633,0.06480717,0.057897985,0.09805451,0.14977938,0.13548757,0.13475555,0.12329147,0.031927437,0.053984262,0.122955106,0.10464351,0.0043671564,0.09496798,0.049198207,0.017587308,0.10152504,0.017174406
0.0,0.0,0.0,0.0,0.0,0.0,0.0,0.0,0.0,0.0,0.0,0.0,0.0,0.0,0.0,0.0,0.0,0.0,0.0,0.0,0.0,0.0,0.0,0.0,0.0,0.0,0.0,0.0,0.0,0.0,0.0,0.0,0.0,0.0,0.0,0.0,0.0,0.0,0.0,0.0,0.0,0.0,0.0,0.0,0.0,0.0,0.0,0.0,0.0,0.0,0.0,0.0,0.0,0.0,0.0,0.0,0.0,0.0,0.0,0.0,0.0,0.0,0.0,0.0,0.0,0.0,0.0,0.0,0.0,0.0,0.0,0.0,0.0,0.0,0.0,0.0,0.0,0.0,0.0,0.0,0.0,0.0,0.0,0.0,0.0,0.0,0.0,0.0,0.0,0.0,0.0,0.0,0.0,0.0,0.0,0.0,0.0,0.0,0.0,0.0,0.0,0.0,0.0,0.0,0.0,0.0,0.0,0.0,0.0,0.0,0.0,0.0,0.0,0.0,0.0,0.0,0.0,0.0,0.0,0.0,0.0,0.0,0.0,0.0,0.0,0.0,0.0,0.0,0.0,0.0,0.0,0.0,0.0,0.0,0.0,0.0,0.0,0.0,0.0,0.0,0.0,0.0,0.0,0.0,0.0,0.0,0.0,0.0,0.0,0.0,0.0,0.0,0.0,0.0,0.0,0.0,0.0,0.0,0.0,0.0,0.0,0.0,0.0,0.0,0.0,0.0,0.0,0.0,0.0,0.0,0.0,0.0,0.0,0.0,0.0,0.0,0.0,0.0,0.0,0.0,0.0,0.0,0.0,0.0,0.0,0.0,0.0,0.0,0.0
0.0,0.0,0.0,0.0,0.0,0.0,0.0,0.0,0.0,0.0,0.0,0.0,0.0,0.0,0.0,0.0,0.0,0.0,0.0,0.0,0.0,0.0,0.0,0.0,0.0,0.0,0.0,0.0,0.0,0.0,0.0,0.0,0.0,0.0,0.0,0.0,0.0,0.0,0.0,0.0,0.0,0.0,0.0,0.0,0.0,0.0,0.0,0.0,0.0,0.0,0.0,0.0,0.0,0.0,0.0,0.0,0.0,0.0,0.0,0.0,0.0,0.0,0.0,0.0,0.0,0.0,0.0,0.0,0.0,0.0,0.0,0.0,0.0,0.0,0.0,0.0,0.0,0.0,0.0,0.0,0.0,0.0,0.0,0.0,0.0,0.0,0.0,0.0,0.0,0.0,0.0,0.0,0.0,0.0,0.0,0.0,0.0,0.0,0.0,0.0,0.0,0.0,0.0,0.0,0.0,0.0,0.0,0.0,0.0,0.0,0.0,0.0,0.0,0.0,0.0,0.0,0.0,0.0,0.0,0.0,0.0,0.0,0.0,0.0,0.0,0.0,0.0,0.0,0.0,0.0,0.0,0.0,0.0,0.0,0.0,0.0,0.0,0.0,0.0,0.0,0.0,0.0,0.0,0.0,0.0,0.0,0.0,0.0,0.0,0.0,0.0,0.0,0.0,0.0,0.0,0.0,0.0,0.0,0.0,0.0,0.0,0.0,0.0,0.0,0.0,0.0,0.0,0.0,0.0,0.0,0.0,0.0,0.0,0.0,0.0,0.0,0.0,0.0,0.0,0.0,0.0,0.0,0.0,0.0,0.0,0.0,0.0,0.0,0.0
6.358865e-06,2.2996253e-05,1.1501077e-05,4.6477567e-06,1.7293877e-07,1.3430572e-05,1.4528119e-05,6.4554897e-06,1.6958855e-05,6.6790253e-06,2.9363317e-05,1.2225701e-05,7.131113e-06,3.2923986e-06,8.315809e-06,2.3156268e-05,5.8309415e-06,8.709496e-06,4.6491323e-07,4.7116673e-06,4.4617946e-06,1.5645896e-06,8.291056e-06,5.540541e-06,5.84823e-06,9.3935506e-07,1.0278472e-05,9.321208e-06,6.0858624e-06,3.8284147e-06,6.287476e-06,6.498701e-06,3.127769e-06,4.9984765e-06,2.947569e-06,1.5336749e-06,1.3622332e-06,6.0823186e-07,3.0024563e-07,4.5460638e-07,6.0200466e-07,1.6947204e-06,1.0741392e-06,4.505388e-06,4.928011e-06,1.3054977e-06,2.0144596e-05,1.9112804e-06,7.797519e-07,2.8934373e-06,9.772365e-07,2.3649327e-06,1.0632536e-05,1.5545812e-06,4.8627953e-06,5.597506e-06,6.07697e-06,1.6326397e-06,4.36875e-08,8.670935e-06,2.8763088e-06,9.339381e-06,2.1013257e-05,3.4978475e-06,3.0882952e-06,3.5353726e-06,2.0672367e-06,6.5763898e-06,6.900318e-06,9.9375384e-08,2.9808828e-06,1.9918778e-06,3.3859653e-06,7.651228e-06,5.820123e-06,5.167792e-06,2.6439836e-06,9.361852e-06,4.6987816e-06,2.3902655e-06,2.0015e-06,1.6546923e-06,5.151681e-06,9.32534e-07,1.5904093e-06,3.6317888e-07,4.371304e-06,3.6405463e-06,3.499083e-07,1.0320882e-06,6.185475e-06,2.1786755e-06,1.1670601e-06,2.7569413e-06,2.1933115e-06,6.778715e-06,2.0514249e-06,9.112913e-06,4.3673913e-06,2.0362147e-06,6.089343e-06,6.1627816e-07,2.1232393e-06,2.4949816e-07,4.128872e-06,3.3970437e-06,2.3427451e-06,1.5358988e-06,3.6386777e-07,2.8497454e-06,1.6749067e-05,7.386259e-06,1.0769195e-05,7.5426027e-07,5.756685e-06,8.210848e-06,7.704946e-07,2.4485715e-07,2.7959231e-06,1.78678e-06,1.280544e-05,2.701272e-06,1.4167947e-06,1.0805408e-05,3.7146656e-06,5.5071005e-06,3.9752344e-06,2.5263942e-06,6.5535176e-07,3.8802336e-06,4.096118e-06,1.2073665e-05,1.1325501e-05,2.070369e-06,4.6402088e-06,2.0934021e-07,1.0685353e-05,2.022539e-06,1.9454405e-06,6.5624795e-07,4.2624418e-07,2.478662e-06,1.017282e-06,7.079162e-07,5.350765e-07,2.5669606e-06,6.3609605e-06,2.8659083e-06,1.8563474e-06,7.991295e-06,7.3415904e-06,5.48599e-06,5.2343637e-07,3.1159161e-06,6.3313596e-06,1.3405396e-06,1.545593e-06,1.0056879e-06,2.9313337e-06,3.4524094e-06,2.1862093e-06,1.0787575e-06,8.41001e-06,1.1023003e-05,1.464698e-06,3.7381683e-06,3.9117417e-06,7.233288e-06,9.3532026e-07,6.9901726e-06,1.2853124e-05,2.3353016e-06,2.1099548e-05,5.506854e-06,6.967103e-06,1.3144569e-05,5.50563e-06,1.2525625e-05,1.6138287e-05,5.0172143e-06,2.6131438e-06,3.9586853e-06,1.8770247e-06,4.3208684e-06,9.093567e-06,4.282954e-06,5.8305072e-06,6.802371e-07,1.0689482e-06
0.0,0.0,0.0,0.0,0.0,0.0,0.0,0.0,0.0,0.0,0.0,0.0,0.0,0.0,0.0,0.0,0.0,0.0,0.0,0.0,0.0,0.0,0.0,0.0,0.0,0.0,0.0,0.0,0.0,0.0,0.0,0.0,0.0,0.0,0.0,0.0,0.0,0.0,0.0,0.0,0.0,0.0,0.0,0.0,0.0,0.0,0.0,0.0,0.0,0.0,0.0,0.0,0.0,0.0,0.0,0.0,0.0,0.0,0.0,0.0,0.0,0.0,0.0,0.0,0.0,0.0,0.0,0.0,0.0,0.0,0.0,0.0,0.0,0.0,0.0,0.0,0.0,0.0,0.0,0.0,0.0,0.0,0.0,0.0,0.0,0.0,0.0,0.0,0.0,0.0,0.0,0.0,0.0,0.0,0.0,0.0,0.0,0.0,0.0,0.0,0.0,0.0,0.0,0.0,0.0,0.0,0.0,0.0,0.0,0.0,0.0,0.0,0.0,0.0,0.0,0.0,0.0,0.0,0.0,0.0,0.0,0.0,0.0,0.0,0.0,0.0,0.0,0.0,0.0,0.0,0.0,0.0,0.0,0.0,0.0,0.0,0.0,0.0,0.0,0.0,0.0,0.0,0.0,0.0,0.0,0.0,0.0,0.0,0.0,0.0,0.0,0.0,0.0,0.0,0.0,0.0,0.0,0.0,0.0,0.0,0.0,0.0,0.0,0.0,0.0,0.0,0.0,0.0,0.0,0.0,0.0,0.0,0.0,0.0,0.0,0.0,0.0,0.0,0.0,0.0,0.0,0.0,0.0,0.0,0.0,0.0,0.0,0.0,0.0
0.40490377,1.849583,0.41098946,0.9712044,0.013705373,0.8107608,0.538419,0.04654233,0.25377107,0.08494286,2.0928376,0.26030284,1.2132957,0.008730233,0.5860364,0.36123604,0.516314,0.13215901,0.039866634,0.26767218,0.22161312,0.13893823,0.0044469796,0.35517234,0.051736828,0.060483836,0.19173661,0.19858357,0.3651048,0.06496936,0.7342799,0.013766199,0.46703336,0.1861998,0.0449939,0.17214522,0.02095756,0.38166836,0.18176459,0.25090447,0.4824054,0.23838021,0.090564676,0.0078549655,0.044342693,0.038307287,1.1746001,0.2490558,0.5628625,0.54558253,0.028484851,0.027539214,0.18286544,0.05164382,0.44943115,0.10724452,0.3616342,0.06364696,0.05489898,0.32491007,0.22436173,0.0116295945,0.46896067,0.0138827115,0.43791902,0.07293859,0.118131235,0.03331259,0.025771279,0.11859101,0.035623275,0.080581665,0.031319473,0.94550997,0.04016511,0.48230508,0.059661325,0.33479202,0.0692121,0.27180883,0.17497203,0.08672184,0.5254353,0.2998311,0.34757477,0.047431815,0.010446006,0.028070394,0.1258266,0.03137696,0.017253406,0.24248353,0.34583876,0.74529123,0.18713553,0.22548537,0.12836424,0.058455467,0.24472353,0.012451013,0.5309334,0.2766924,0.3739789,0.010999462,0.04004454,0.037752375,0.1223095,0.070215635,0.10969829,0.810835,0.3022048,0.45148334,0.18953733,0.14740542,0.023397304,0.43678463,0.050460476,0.113093235,0.11089885,0.1051187,0.17569444,0.1615797,0.063114375,0.11060079,0.0970422,0.36166778,0.20886041,0.2950963,0.28402537,0.11966829,0.28201997,0.0951055,0.03336406,0.52181596,0.43627846,0.08305558,0.40437508,0.13755915,0.23405981,0.039804216,0.020825185,0.061391033,0.09914128,0.0016713068,0.16319397,0.3350315,0.29655907,0.22487763,0.076838955,0.07148012,0.13618608,0.12507367,0.11632593,0.09332628,0.5521665,0.24430084,0.43118238,0.075412385,0.045536548,0.059527498,0.12241599,0.067002036,0.02814145,0.4203232,0.15416735,0.33305734,0.12538163,0.26747757,0.022690687,0.14021972,0.1828391,0.4410726,0.40215117,0.66361046,0.6306812,0.37611142,0.0012442097,0.019340655,0.18191916,0.010488287,0.46267056,0.58371687,0.5863154,0.39112592,0.0056209043,0.28404546,0.3815732,0.03336966,0.020385701
0.04662483,0.54492646,0.27136818,0.015694756,0.0386543,0.13547242,0.11887923,0.03953595,0.510009,0.03890101,0.5911398,0.28749198,0.11521185,0.088610694,0.011463717,0.041823305,0.32411072,0.3284973,0.0079493765,0.058860034,0.037155986,0.2330271,0.21841435,0.3380831,0.055225685,0.0058658347,0.23106815,0.06397562,0.060322743,0.12887566,0.13220096,0.27860358,0.020448394,0.09909055,0.2137753,0.033570744,0.010201255,0.10307005,0.00979336,0.09312229,0.27502242,0.030691313,0.008429971,0.0045896657,0.1362311,0.14401177,0.36155778,0.022246726,0.26950276,0.048709303,0.028286746,0.07862853,0.057518885,0.16393767,0.086217776,0.14224133,0.242133,0.34404016,0.15528736,0.1825728,0.24672677,0.10055667,0.14020541,0.006964593,0.1280136,0.016283572,0.2505219,0.10706391,0.072378494,0.10538952,0.01286624,0.13920385,0.025644246,0.35975736,0.048614647,0.37821817,0.15085107,0.20738867,0.0024371678,0.1543392,0.35285538,0.0052037453,0.22819197,0.083089784,0.037675884,0.072885364,0.04987319,0.022232413,0.034539253,0.10915362,0.081555136,0.14137392,0.20542812,0.20700897,0.019977547,0.056642734,0.09435317,0.12643422,0.13598944,0.025441814,0.21786946,0.10498488,0.059938923,0.039445072,0.028374184,0.07805376,0.0068396823,0.12987971,0.07621157,0.22866479,0.106595665,0.059891164,0.048286058,0.09930539,0.08329805,0.17022608,0.15994675,0.1199812,0.05801359,0.007424183,0.21737567,0.08917055,0.089403145,0.13984601,0.037931856,0.05266184,0.15094943,0.11752342,0.08677497,0.11047283,0.15343025,0.010263316,0.046029143,0.1415506,0.097359955,0.07142998,0.1379699,0.033690795,0.18194264,0.015928624,0.073364615,0.039857294,0.09050754,0.10164645,0.10689355,0.14933336,0.063474596,0.012624562,0.037336797,0.07833107,0.053805858,0.034832235,0.0991971,0.003319625,0.23485845,0.08044579,0.072683446,0.032949135,0.015100266,0.06958963,0.057791088,0.13733044,0.0844544,0.16462016,0.097884685,0.22072263,0.019405376,0.020409033,0.2030169,0.050993986,0.1477722,0.11545548,0.3552941,0.22565873,0.60622287,0.23968612,0.24323033,0.26503825,0.2367109,0.061616626,0.08274803,0.13066335,0.047127314,0.17654976,0.0693765,0.2014828,0.0545371,0.14493212,0.2512369
0.58443904,0.14947504,0.05584338,0.43454525,0.2546064,0.068699114,0.19833954,0.27981135,0.028995901,0.75127673,0.30632037,0.19248514,0.15872882,0.27946335,0.05541191,0.29397413,0.36272532,0.124359466,0.031542376,0.3917705,0.13122827,0.085085414,0.051357485,0.06940453,0.121995546,0.06504912,0.022064302,0.332505,0.097420946,0.013193466,0.12825596,0.1658349,0.07207781,0.09169741,0.09655448,0.036990948,0.1530087,0.40470776,0.012247611,0.1899911,0.3210348,0.01453181,0.049400866,0.030042019,0.010651316,0.57389414,0.39604408,0.06277772,0.1385372,0.31916478,0.06616884,0.005996082,0.15506212,0.10279781,0.011176748,0.3462182,0.045710158,0.10889892,0.740365,0.027201373,0.10960125,0.40294063,0.014522377,0.08035924,0.00067726336,0.030582769,0.11856315,0.14684078,0.021086331,0.053209193,0.05903817,0.038774393,0.34900045,0.24325544,0.08112611,0.03481446,0.05821447,0.0073286556,0.03540495,0.047535285,0.028932005,0.1640917,0.09137346,0.014306031,0.015730934,0.008331731,0.042499807,0.047656555,0.020285387,0.0084415665,0.22600406,0.0062223747,0.020989342,0.37548655,0.42818466,0.03199574,0.021478936,0.018637,0.06968711,0.18937717,0.11089184,0.010206455,0.016592665,0.053111807,0.04433976,0.072534524,0.027520418,3.6220998e-05,0.31685823,0.2008613,0.055869937,0.12780207,0.16752219,0.27588832,0.022482978,0.41306022,0.06866223,0.06987259,0.10694949,0.0614327,0.02198485,0.13882983,0.0054123066,0.08558516,0.029478103,0.018742487,0.265578,0.015557475,0.019774994,0.2728956,0.3262254,0.07066415,0.07675026,0.12668175,0.03583401,0.043005887,0.18051098,0.0633597,0.086444475,0.035471324,0.014710715,0.0072199963,0.0058083218,0.024290223,0.14360404,0.01964422,0.13382025,0.031101456,0.16662018,0.122215755,0.10292269,0.04302544,0.005727019,0.1934207,0.10304421,0.056179445,0.0046862736,0.05559702,0.015226121,0.06745815,0.010180462,0.011065313,0.39069048,0.0799094,0.103449784,0.29666868,0.1876828,0.31868267,0.06290436,0.084836915,0.00049198465,0.33466804,0.10450715,0.15476622,0.30256927,0.039443515,0.3949237,0.2162784,0.036193077,0.017900104,0.042148605,0.28048912,0.06729068,0.08117763,0.056511108,0.29990405,0.101643845,0.0878293,0.031018555
0.00783226,0.024720727,0.0116250245,0.0030138525,0.002228446,0.025482332,0.0022683505,0.0058149286,0.00046818657,0.006630051,0.024878673,0.009644052,0.0013919955,0.010507051,0.02022302,0.0028887466,0.0085091,0.0017800935,0.0018511284,0.0030249956,0.0026842891,0.0010368902,0.0003782149,0.0076209074,0.0018002621,0.0028320358,0.0027569572,0.0045474004,0.00484061,0.003239344,0.007172279,0.0020500438,0.009905365,0.0030265201,0.009570681,0.00339309,0.0001401368,0.011689376,0.006242945,0.0011957894,0.006631977,0.0056326967,0.0018335087,0.0011003339,0.0026718015,0.0017940383,0.020810239,0.005737291,0.000108150314,0.007135475,0.019880665,0.0022569867,0.0031899184,1.3045123e-05,0.00465963,0.006757086,0.009119145,0.0014043787,0.00047417957,0.0021123271,0.00085121865,3.2523538e-05,0.002116885,0.00092283526,0.0015194009,0.0013832002,0.0014734427,0.0025298223,0.0037016717,0.000650869,0.00081192143,0.0022405866,0.00057773874,0.013501348,0.004831534,7.9979654e-05,0.0023294121,0.014302602,0.0029830579,0.0015539299,0.0030294002,0.0003521692,0.009570143,0.0024342313,0.0006092518,0.00046751165,0.006952488,0.0010105795,0.0008479268,0.001731523,0.0035816324,0.0051572714,0.011247062,0.0074404324,0.006680722,0.0081069255,0.00075830345,0.0015389048,0.0016730254,0.00028195584,0.008362689,0.0031237477,0.00087685883,0.0017363705,0.0071810824,0.0007750944,0.000920613,0.00023608765,0.0074289744,0.0066257752,0.0028830227,0.005100491,0.0018538032,0.015725812,0.0031086882,0.0073307394,0.0010701674,0.0004400488,0.004641602,0.0022355127,0.0016420346,0.000755689,0.00090460456,0.00020280317,0.0058064577,0.00096666825,0.0035138573,0.0017189546,0.004579119,0.0041943057,0.0004411575,0.004844974,0.00055803446,0.005901789,0.007787047,0.0016148424,0.0034174996,0.0027519935,0.0003610733,0.0007473033,0.0057643442,0.00041624473,0.00058867387,0.0007812665,0.0014614939,0.009645084,0.0029281182,0.0012394971,0.0012063843,0.0019678762,0.0013205566,0.001424188,0.00078474556,7.1680115e-05,0.010061514,0.0029468597,0.00084519444,3.6504687e-05,0.007080679,0.0012373057,0.0009390167,0.0009789477,0.00058333774,0.006334898,0.0006753241,0.0053485585,0.00021013,0.009577156,0.0021070954,0.0057588057,0.005010727,0.0027754568,0.0082513355,0.001171222,0.0065858387,0.0003482739,0.014342309,0.00024782273,0.0027138202,0.00443298,0.0028848029,0.003348372,0.0052391025,0.0021203414,0.01032552,0.0046560057,0.0006508397,0.0014061701,0.0032637771
0.17481071,0.6370234,0.13168024,0.09906118,0.003570594,0.37746054,0.054508343,0.11596906,0.06075056,0.08439583,0.7671469,0.16293809,0.19417672,0.1760532,0.28923297,0.042212926,0.010653261,0.04682287,0.047385447,0.030309498,0.066786624,0.08965779,0.08220621,0.064982444,0.08273793,0.12313994,0.022379454,0.03414798,0.0799155,0.06826153,0.12116721,0.097745225,0.08785417,0.021820515,0.24914332,0.05325734,0.037832454,0.1230406,0.0740796,0.033902645,0.06591081,0.08003846,0.10770168,0.1382542,0.04739305,0.061047364,0.6417386,0.06594884,0.007709766,0.17241423,0.17616422,0.015560326,0.038369045,0.0029216083,0.040187564,0.004232156,0.11209327,0.10703132,0.020899631,0.11326122,0.050124254,0.062538296,0.008720863,0.023162551,0.07894471,0.008031571,0.056562793,0.06537825,0.03146632,0.17759894,0.02512398,0.032426715,0.016887348,0.3751046,0.09655692,0.07419449,0.04573383,0.15746674,0.116140306,0.026471466,0.026696084,0.028486414,0.19583774,0.029846746,0.02207649,0.020138804,0.10571771,0.027575454,0.016709734,0.0057142368,0.09658731,0.32280523,0.16016108,0.15900172,0.008585354,0.098302975,0.04073842,0.0058950298,0.016221423,0.005899828,0.18512134,0.03735797,0.03709749,0.021284606,0.10075508,0.005392328,0.008467298,0.012454217,0.09888623,0.16573268,0.06636379,0.108652554,0.16293445,0.2243264,0.03408062,0.05206901,0.020934328,0.04892424,0.10805474,0.064673565,0.035968345,0.0016626846,0.016103271,0.017974654,0.095963255,0.012801405,0.040848963,0.047676366,0.04085938,0.022689978,0.000883691,0.050931916,0.018880982,0.07628783,0.14663897,0.0027887076,0.07719789,0.030066818,0.0071000457,0.065967076,0.08281939,0.008444663,0.019120604,0.0075792028,0.045387097,0.10157809,0.04693506,0.016321205,0.12123849,0.06506967,0.00971232,0.007498226,0.037487276,0.01820213,0.21946749,0.03661976,0.0407704,0.045728214,0.0977049,0.026859835,0.022436267,0.026305193,0.0068738637,0.16053891,0.039331764,0.10488477,0.053038202,0.13903864,0.09446865,0.12145458,0.04675872,0.034445435,0.11568789,0.071773276,0.084556326,0.106362194,0.064151,0.05296123,0.014777336,0.0068917535,0.079124406,0.059316196,0.0770205,0.014503179,0.14146413,0.057362042,0.048463024,0.0032390505,0.051083546
0.049779497,0.4512613,0.051196013,0.13034253,0.12879361,0.41831687,0.036478706,0.25049204,0.023098022,0.050036624,0.5407229,0.08434668,0.26377937,0.2428669,0.41752145,0.033984177,0.13091016,0.014050759,0.040626742,0.067710124,0.045938674,0.14587696,0.09652869,0.06407155,0.0008980781,0.07335068,0.015164611,0.004758727,0.08060809,0.032019287,0.028188113,0.26966548,0.07455894,0.02870472,0.11591605,0.007063408,0.04667429,0.10983564,0.044768743,0.049368806,0.046863236,0.0505368,0.053290106,0.096201405,0.07523052,0.08648187,0.5361544,0.008713458,0.071925506,0.1703118,0.13640265,0.02630888,0.0123233665,0.030930053,0.03878003,0.07545308,0.09460219,0.05286853,0.118937895,0.062146008,0.0616014,0.043015115,0.04552922,0.05375892,0.029817373,0.023005173,0.047539838,0.015921494,0.020686409,0.18011613,0.07862853,0.0012320889,0.0079322085,0.28919852,0.026249807,0.13744453,0.09028918,0.15333594,0.05971877,0.048402544,0.031153852,0.027277514,0.14146316,0.007079093,0.0034453487,0.040987298,0.11114578,0.04475365,0.05089794,0.031657636,0.13593093,0.19904926,0.07119989,0.12324604,0.24661775,0.012494886,0.028082658,0.052179758,0.03516712,0.0586649,0.1369401,0.0068612127,0.018112289,0.035741538,0.11381191,0.026362404,0.04050222,0.021333255,0.080420695,0.09069114,0.17151612,0.08895234,0.1099169,0.026251677,0.046513353,0.0565903,0.10357374,0.024847882,0.07137247,0.02815988,0.025598535,0.013863269,0.04509769,0.009255124,0.07945099,0.017168924,0.040917944,0.040316235,0.02756294,0.086043224,0.024085134,0.08186838,0.015557658,0.07998216,0.048979707,0.06307591,0.030523308,0.023283778,0.09206667,0.019495983,0.09437689,0.0020878436,0.030359615,0.043961033,0.049954094,0.059929177,0.012154137,0.028064124,0.018208288,0.010837514,0.028628599,0.0386527,0.039461877,0.031888667,0.15853775,0.0024578734,0.018428417,0.046816636,0.113795914,0.051690184,0.061314277,0.0054814443,0.008839848,0.15039378,0.059063174,0.009327318,0.10587229,0.077584006,0.06098878,0.2528124,0.010142289,0.054627724,0.1680523,0.08039348,0.19964598,0.1435076,0.17110947,0.05171509,0.009129642,0.0027787238,0.03153539,0.00965101,0.016177379,0.008749749,0.043794144,0.056641024,0.040526148,0.093697615,0.037817203
0.0829339,1.3015549,0.7674078,0.23346722,0.07966344,1.5555825,0.14327784,0.15595508,0.093336664,0.16726266,1.3775675,1.0672991,0.27405465,0.81867254,1.5717592,0.061473697,0.3375761,0.16075596,0.07786778,0.16591966,0.10261142,0.13839811,0.15001506,0.363918,0.048702393,0.056175523,0.048218615,0.035504654,0.075976744,0.32107687,0.11315307,0.019520499,0.51650095,0.022371069,0.40917253,0.20737812,0.22374642,0.38352397,0.043375924,0.13292632,0.412448,0.21869178,0.01752732,0.22690728,0.12809479,0.051485293,0.9509728,0.406103,0.101412,0.01151219,1.4176283,0.19185828,0.36996523,0.12113886,0.24548039,0.5386203,0.53595185,0.12115171,0.010723168,0.07351007,0.04115455,0.2758404,0.13932924,0.05948557,0.15038645,0.1833952,0.025755666,0.20016654,0.18159927,0.25923112,0.12943786,0.19949803,0.008953858,0.74275005,0.16801788,0.066874884,0.047466084,0.8460524,0.1622584,0.087418616,0.016069189,0.008682002,0.5177509,0.1393406,0.020574115,0.017852897,0.3865567,0.068107106,0.005591387,0.11101846,0.13987038,0.15795846,0.4911745,0.39043814,0.23483215,0.31972587,0.1534001,0.040581517,0.19154379,0.060741715,0.496603,0.18629318,0.0048339795,0.19648789,0.41492507,0.06992823,0.036744326,0.04210459,0.069429666,0.45391893,0.43013665,0.07821059,0.17140615,0.9993644,0.03384155,0.31544498,0.033307362,0.02985462,0.4154988,0.05206354,0.010633022,0.0033757146,0.24299593,0.024243249,0.16541453,0.06682983,0.16321175,0.3381853,0.31077003,0.37101907,0.06257111,0.36687976,0.07573664,0.093647316,0.3268726,0.09018737,0.45348796,0.034318015,0.14632775,0.17670394,0.15099034,0.14584748,0.088104,0.017842881,0.09808488,0.039267898,0.052223064,0.015643638,0.03697457,0.14795142,0.03952168,0.12900448,0.05399951,0.0063022794,0.5724611,0.15383038,0.007910399,0.051423002,0.42821214,0.07095788,0.015080585,0.027316917,0.006813178,0.26849613,0.09073011,0.20090124,0.015111405,0.24633358,0.05103613,0.30197343,0.43797722,0.27482203,0.5604561,0.42964676,0.43123853,0.10807043,0.59540445,0.48259884,0.26966354,0.20684445,0.20614234,0.33016154,0.33246237,0.021805286,0.2788665,0.36804488,0.0036852062,0.047774687,0.016049566
0.00783226,0.024720727,0.0116250245,0.0030138525,0.002228446,0.025482332,0.0022683505,0.0058149286,0.00046818657,0.006630051,0.024878673,0.009644052,0.0013919955,0.010507051,0.02022302,0.0028887466,0.0085091,0.0017800935,0.0018511284,0.0030249956,0.0026842891,0.0010368902,0.0003782149,0.0076209074,0.0018002621,0.0028320358,0.0027569572,0.0045474004,0.00484061,0.003239344,0.007172279,0.0020500438,0.009905365,0.0030265201,0.009570681,0.00339309,0.0001401368,0.011689376,0.006242945,0.0011957894,0.006631977,0.0056326967,0.0018335087,0.0011003339,0.0026718015,0.0017940383,0.020810239,0.005737291,0.000108150314,0.007135475,0.019880665,0.0022569867,0.0031899184,1.3045123e-05,0.00465963,0.006757086,0.009119145,0.0014043787,0.00047417957,0.0021123271,0.00085121865,3.2523538e-05,0.002116885,0.00092283526,0.0015194009,0.0013832002,0.0014734427,0.0025298223,0.0037016717,0.000650869,0.00081192143,0.0022405866,0.00057773874,0.013501348,0.004831534,7.9979654e-05,0.0023294121,0.014302602,0.0029830579,0.0015539299,0.0030294002,0.0003521692,0.009570143,0.0024342313,0.0006092518,0.00046751165,0.006952488,0.0010105795,0.0008479268,0.001731523,0.0035816324,0.0051572714,0.011247062,0.0074404324,0.006680722,0.0081069255,0.00075830345,0.0015389048,0.0016730254,0.00028195584,0.008362689,0.0031237477,0.00087685883,0.0017363705,0.0071810824,0.0007750944,0.000920613,0.00023608765,0.0074289744,0.0066257752,0.0028830227,0.005100491,0.0018538032,0.015725812,0.0031086882,0.0073307394,0.0010701674,0.0004400488,0.004641602,0.0022355127,0.0016420346,0.000755689,0.00090460456,0.00020280317,0.0058064577,0.00096666825,0.0035138573,0.0017189546,0.004579119,0.0041943057,0.0004411575,0.004844974,0.00055803446,0.005901789,0.007787047,0.0016148424,0.0034174996,0.0027519935,0.0003610733,0.0007473033,0.0057643442,0.00041624473,0.00058867387,0.0007812665,0.0014614939,0.009645084,0.0029281182,0.0012394971,0.0012063843,0.0019678762,0.0013205566,0.001424188,0.00078474556,7.1680115e-05,0.010061514,0.0029468597,0.00084519444,3.6504687e-05,0.007080679,0.0012373057,0.0009390167,0.0009789477,0.00058333774,0.006334898,0.0006753241,0.0053485585,0.00021013,0.009577156,0.0021070954,0.0057588057,0.005010727,0.0027754568,0.0082513355,0.001171222,0.0065858387,0.0003482739,0.014342309,0.00024782273,0.0027138202,0.00443298,0.0028848029,0.003348372,0.0052391025,0.0021203414,0.01032552,0.0046560057,0.0006508397,0.0014061701,0.0032637771
0.17481071,0.6370234,0.13168024,0.09906118,0.003570594,0.37746054,0.054508343,0.11596906,0.06075056,0.08439583,0.7671469,0.16293809,0.19417672,0.1760532,0.28923297,0.042212926,0.010653261,0.04682287,0.047385447,0.030309498,0.066786624,0.08965779,0.08220621,0.064982444,0.08273793,0.12313994,0.022379454,0.03414798,0.0799155,0.06826153,0.12116721,0.097745225,0.08785417,0.021820515,0.24914332,0.05325734,0.037832454,0.1230406,0.0740796,0.033902645,0.06591081,0.08003846,0.10770168,0.1382542,0.04739305,0.061047364,0.6417386,0.06594884,0.007709766,0.17241423,0.17616422,0.015560326,0.038369045,0.0029216083,0.040187564,0.004232156,0.11209327,0.10703132,0.020899631,0.11326122,0.050124254,0.062538296,0.008720863,0.023162551,0.07894471,0.008031571,0.056562793,0.06537825,0.03146632,0.17759894,0.02512398,0.032426715,0.016887348,0.3751046,0.09655692,0.07419449,0.04573383,0.15746674,0.116140306,0.026471466,0.026696084,0.028486414,0.19583774,0.029846746,0.02207649,0.020138804,0.10571771,0.027575454,0.016709734,0.0057142368,0.09658731,0.32280523,0.16016108,0.15900172,0.008585354,0.098302975,0.04073842,0.0058950298,0.016221423,0.005899828,0.18512134,0.03735797,0.03709749,0.021284606,0.10075508,0.005392328,0.008467298,0.012454217,0.09888623,0.16573268,0.06636379,0.108652554,0.16293445,0.2243264,0.03408062,0.05206901,0.020934328,0.04892424,0.10805474,0.064673565,0.035968345,0.0016626846,0.016103271,0.017974654,0.095963255,0.012801405,0.040848963,0.047676366,0.04085938,0.022689978,0.000883691,0.050931916,0.018880982,0.07628783,0.14663897,0.0027887076,0.07719789,0.030066818,0.0071000457,0.065967076,0.08281939,0.008444663,0.019120604,0.0075792028,0.045387097,0.10157809,0.04693506,0.016321205,0.12123849,0.06506967,0.00971232,0.007498226,0.037487276,0.01820213,0.21946749,0.03661976,0.0407704,0.045728214,0.0977049,0.026859835,0.022436267,0.026305193,0.0068738637,0.16053891,0.039331764,0.10488477,0.053038202,0.13903864,0.09446865,0.12145458,0.04675872,0.034445435,0.11568789,0.071773276,0.084556326,0.106362194,0.064151,0.05296123,0.014777336,0.0068917535,0.079124406,0.059316196,0.0770205,0.014503179,0.14146413,0.057362042,0.048463024,0.0032390505,0.051083546
0.049779497,0.4512613,0.051196013,0.13034253,0.12879361,0.41831687,0.036478706,0.25049204,0.023098022,0.050036624,0.5407229,0.08434668,0.26377937,0.2428669,0.41752145,0.033984177,0.13091016,0.014050759,0.040626742,0.067710124,0.045938674,0.14587696,0.09652869,0.06407155,0.0008980781,0.07335068,0.015164611,0.004758727,0.08060809,0.032019287,0.028188113,0.26966548,0.07455894,0.02870472,0.11591605,0.007063408,0.04667429,0.10983564,0.044768743,0.049368806,0.046863236,0.0505368,0.053290106,0.096201405,0.07523052,0.08648187,0.5361544,0.008713458,0.071925506,0.1703118,0.13640265,0.02630888,0.0123233665,0.030930053,0.03878003,0.07545308,0.09460219,0.05286853,0.118937895,0.062146008,0.0616014,0.043015115,0.04552922,0.05375892,0.029817373,0.023005173,0.047539838,0.015921494,0.020686409,0.18011613,0.07862853,0.0012320889,0.0079322085,0.28919852,0.026249807,0.13744453,0.09028918,0.15333594,0.05971877,0.048402544,0.031153852,0.027277514,0.14146316,0.007079093,0.0034453487,0.040987298,0.11114578,0.04475365,0.05089794,0.031657636,0.13593093,0.19904926,0.07119989,0.12324604,0.24661775,0.012494886,0.028082658,0.052179758,0.03516712,0.0586649,0.1369401,0.0068612127,0.018112289,0.035741538,0.11381191,0.026362404,0.04050222,0.021333255,0.080420695,0.09069114,0.17151612,0.08895234,0.1099169,0.026251677,0.046513353,0.0565903,0.10357374,0.024847882,0.07137247,0.02815988,0.025598535,0.013863269,0.04509769,0.009255124,0.07945099,0.017168924,0.040917944,0.040316235,0.02756294,0.086043224,0.024085134,0.08186838,0.015557658,0.07998216,0.048979707,0.06307591,0.030523308,0.023283778,0.09206667,0.019495983,0.09437689,0.0020878436,0.030359615,0.043961033,0.049954094,0.059929177,0.012154137,0.028064124,0.018208288,0.010837514,0.028628599,0.0386527,0.039461877,0.031888667,0.15853775,0.0024578734,0.018428417,0.046816636,0.113795914,0.051690184,0.061314277,0.0054814443,0.008839848,0.15039378,0.059063174,0.009327318,0.10587229,0.077584006,0.06098878,0.2528124,0.010142289,0.054627724,0.1680523,0.08039348,0.19964598,0.1435076,0.17110947,0.05171509,0.009129642,0.0027787238,0.03153539,0.00965101,0.016177379,0.008749749,0.043794144,0.056641024,0.040526148,0.093697615,0.037817203
0.0829339,1.3015549,0.7674078,0.23346722,0.07966344,1.5555825,0.14327784,0.15595508,0.093336664,0.16726266,1.3775675,1.0672991,0.27405465,0.81867254,1.5717592,0.061473697,0.3375761,0.16075596,0.07786778,0.16591966,0.10261142,0.13839811,0.15001506,0.363918,0.048702393,0.056175523,0.048218615,0.035504654,0.075976744,0.32107687,0.11315307,0.019520499,0.51650095,0.022371069,0.40917253,0.20737812,0.22374642,0.38352397,0.043375924,0.13292632,0.412448,0.21869178,0.01752732,0.22690728,0.12809479,0.051485293,0.9509728,0.406103,0.101412,0.01151219,1.4176283,0.19185828,0.36996523,0.12113886,0.24548039,0.5386203,0.53595185,0.12115171,0.010723168,0.07351007,0.04115455,0.2758404,0.13932924,0.05948557,0.15038645,0.1833952,0.025755666,0.20016654,0.18159927,0.25923112,0.12943786,0.19949803,0.008953858,0.74275005,0.16801788,0.066874884,0.047466084,0.8460524,0.1622584,0.087418616,0.016069189,0.008682002,0.5177509,0.1393406,0.020574115,0.017852897,0.3865567,0.068107106,0.005591387,0.11101846,0.13987038,0.15795846,0.4911745,0.39043814,0.23483215,0.31972587,0.1534001,0.040581517,0.19154379,0.060741715,0.496603,0.18629318,0.0048339795,0.19648789,0.41492507,0.06992823,0.036744326,0.04210459,0.069429666,0.45391893,0.43013665,0.07821059,0.17140615,0.9993644,0.03384155,0.31544498,0.033307362,0.02985462,0.4154988,0.05206354,0.010633022,0.0033757146,0.24299593,0.024243249,0.16541453,0.06682983,0.16321175,0.3381853,0.31077003,0.37101907,0.06257111,0.36687976,0.07573664,0.093647316,0.3268726,0.09018737,0.45348796,0.034318015,0.14632775,0.17670394,0.15099034,0.14584748,0.088104,0.017842881,0.09808488,0.039267898,0.052223064,0.015643638,0.03697457,0.14795142,0.03952168,0.12900448,0.05399951,0.0063022794,0.5724611,0.15383038,0.007910399,0.051423002,0.42821214,0.07095788,0.015080585,0.027316917,0.006813178,0.26849613,0.09073011,0.20090124,0.015111405,0.24633358,0.05103613,0.30197343,0.43797722,0.27482203,0.5604561,0.42964676,0.43123853,0.10807043,0.59540445,0.48259884,0.26966354,0.20684445,0.20614234,0.33016154,0.33246237,0.021805286,0.2788665,0.36804488,0.0036852062,0.047774687,0.016049566
0.00783226,0.024720727,0.0116250245,0.0030138525,0.002228446,0.025482332,0.0022683505,0.0058149286,0.00046818657,0.006630051,0.024878673,0.009644052,0.0013919955,0.010507051,0.02022302,0.0028887466,0.0085091,0.0017800935,0.0018511284,0.0030249956,0.0026842891,0.0010368902,0.0003782149,0.0076209074,0.0018002621,0.0028320358,0.0027569572,0.0045474004,0.00484061,0.003239344,0.007172279,0.0020500438,0.009905365,0.0030265201,0.009570681,0.00339309,0.0001401368,0.011689376,0.006242945,0.0011957894,0.006631977,0.0056326967,0.0018335087,0.0011003339,0.0026718015,0.0017940383,0.020810239,0.005737291,0.000108150314,0.007135475,0.019880665,0.0022569867,0.0031899184,1.3045123e-05,0.00465963,0.006757086,0.009119145,0.0014043787,0.00047417957,0.0021123271,0.00085121865,3.2523538e-05,0.002116885,0.00092283526,0.0015194009,0.0013832002,0.0014734427,0.0025298223,0.0037016717,0.000650869,0.00081192143,0.0022405866,0.00057773874,0.013501348,0.004831534,7.9979654e-05,0.0023294121,0.014302602,0.0029830579,0.0015539299,0.0030294002,0.0003521692,0.009570143,0.0024342313,0.0006092518,0.00046751165,0.006952488,0.0010105795,0.0008479268,0.001731523,0.0035816324,0.0051572714,0.011247062,0.0074404324,0.006680722,0.0081069255,0.00075830345,0.0015389048,0.0016730254,0.00028195584,0.008362689,0.0031237477,0.00087685883,0.0017363705,0.0071810824,0.0007750944,0.000920613,0.00023608765,0.0074289744,0.0066257752,0.0028830227,0.005100491,0.0018538032,0.015725812,0.0031086882,0.0073307394,0.0010701674,0.0004400488,0.004641602,0.0022355127,0.0016420346,0.000755689,0.00090460456,0.00020280317,0.0058064577,0.00096666825,0.0035138573,0.0017189546,0.004579119,0.0041943057,0.0004411575,0.004844974,0.00055803446,0.005901789,0.007787047,0.0016148424,0.0034174996,0.0027519935,0.0003610733,0.0007473033,0.0057643442,0.00041624473,0.00058867387,0.0007812665,0.0014614939,0.009645084,0.0029281182,0.0012394971,0.0012063843,0.0019678762,0.0013205566,0.001424188,0.00078474556,7.1680115e-05,0.010061514,0.0029468597,0.00084519444,3.6504687e-05,0.007080679,0.0012373057,0.0009390167,0.0009789477,0.00058333774,0.006334898,0.0006753241,0.0053485585,0.00021013,0.009577156,0.0021070954,0.0057588057,0.005010727,0.0027754568,0.0082513355,0.001171222,0.0065858387,0.0003482739,0.014342309,0.00024782273,0.0027138202,0.00443298,0.0028848029,0.003348372,0.0052391025,0.0021203414,0.01032552,0.0046560057,0.0006508397,0.0014061701,0.0032637771
0.17481071,0.6370234,0.13168024,0.09906118,0.003570594,0.37746054,0.054508343,0.11596906,0.06075056,0.08439583,0.7671469,0.16293809,0.19417672,0.1760532,0.28923297,0.042212926,0.010653261,0.04682287,0.047385447,0.030309498,0.066786624,0.08965779,0.08220621,0.064982444,0.08273793,0.12313994,0.022379454,0.03414798,0.0799155,0.06826153,0.12116721,0.097745225,0.08785417,0.021820515,0.24914332,0.05325734,0.037832454,0.1230406,0.0740796,0.033902645,0.06591081,0.08003846,0.10770168,0.1382542,0.04739305,0.061047364,0.6417386,0.06594884,0.007709766,0.17241423,0.17616422,0.015560326,0.038369045,0.0029216083,0.040187564,0.004232156,0.11209327,0.10703132,0.020899631,0.11326122,0.050124254,0.062538296,0.008720863,0.023162551,0.07894471,0.008031571,0.056562793,0.06537825,0.03146632,0.17759894,0.02512398,0.032426715,0.016887348,0.3751046,0.09655692,0.07419449,0.04573383,0.15746674,0.116140306,0.026471466,0.026696084,0.028486414,0.19583774,0.029846746,0.02207649,0.020138804,0.10571771,0.027575454,0.016709734,0.0057142368,0.09658731,0.32280523,0.16016108,0.15900172,0.008585354,0.098302975,0.04073842,0.0058950298,0.016221423,0.005899828,0.18512134,0.03735797,0.03709749,0.021284606,0.10075508,0.005392328,0.008467298,0.012454217,0.09888623,0.16573268,0.06636379,0.108652554,0.16293445,0.2243264,0.03408062,0.05206901,0.020934328,0.04892424,0.10805474,0.064673565,0.035968345,0.0016626846,0.016103271,0.017974654,0.095963255,0.012801405,0.040848963,0.047676366,0.04085938,0.022689978,0.000883691,0.050931916,0.018880982,0.07628783,0.14663897,0.0027887076,0.07719789,0.030066818,0.0071000457,0.065967076,0.08281939,0.008444663,0.019120604,0.0075792028,0.045387097,0.10157809,0.04693506,0.016321205,0.12123849,0.06506967,0.00971232,0.007498226,0.037487276,0.01820213,0.21946749,0.03661976,0.0407704,0.045728214,0.0977049,0.026859835,0.022436267,0.026305193,0.0068738637,0.16053891,0.039331764,0.10488477,0.053038202,0.13903864,0.09446865,0.12145458,0.04675872,0.034445435,0.11568789,0.071773276,0.084556326,0.106362194,0.064151,0.05296123,0.014777336,0.0068917535,0.079124406,0.059316196,0.0770205,0.014503179,0.14146413,0.057362042,0.048463024,0.0032390505,0.051083546
0.049779497,0.4512613,0.051196013,0.13034253,0.12879361,0.41831687,0.036478706,0.25049204,0.023098022,0.050036624,0.5407229,0.08434668,0.26377937,0.2428669,0.41752145,0.033984177,0.13091016,0.014050759,0.040626742,0.067710124,0.045938674,0.14587696,0.09652869,0.06407155,0.0008980781,0.07335068,0.015164611,0.004758727,0.08060809,0.032019287,0.028188113,0.26966548,0.07455894,0.02870472,0.11591605,0.007063408,0.04667429,0.10983564,0.044768743,0.049368806,0.046863236,0.0505368,0.053290106,0.096201405,0.07523052,0.08648187,0.5361544,0.008713458,0.071925506,0.1703118,0.13640265,0.02630888,0.0123233665,0.030930053,0.03878003,0.07545308,0.09460219,0.05286853,0.118937895,0.062146008,0.0616014,0.043015115,0.04552922,0.05375892,0.029817373,0.023005173,0.047539838,0.015921494,0.020686409,0.18011613,0.07862853,0.0012320889,0.0079322085,0.28919852,0.026249807,0.13744453,0.09028918,0.15333594,0.05971877,0.048402544,0.031153852,0.027277514,0.14146316,0.007079093,0.0034453487,0.040987298,0.11114578,0.04475365,0.05089794,0.031657636,0.13593093,0.19904926,0.07119989,0.12324604,0.24661775,0.012494886,0.028082658,0.052179758,0.03516712,0.0586649,0.1369401,0.0068612127,0.018112289,0.035741538,0.11381191,0.026362404,0.04050222,0.021333255,0.080420695,0.09069114,0.17151612,0.08895234,0.1099169,0.026251677,0.046513353,0.0565903,0.10357374,0.024847882,0.07137247,0.02815988,0.025598535,0.013863269,0.04509769,0.009255124,0.07945099,0.017168924,0.040917944,0.040316235,0.02756294,0.086043224,0.024085134,0.08186838,0.015557658,0.07998216,0.048979707,0.06307591,0.030523308,0.023283778,0.09206667,0.019495983,0.09437689,0.0020878436,0.030359615,0.043961033,0.049954094,0.059929177,0.012154137,0.028064124,0.018208288,0.010837514,0.028628599,0.0386527,0.039461877,0.031888667,0.15853775,0.0024578734,0.018428417,0.046816636,0.113795914,0.051690184,0.061314277,0.0054814443,0.008839848,0.15039378,0.059063174,0.009327318,0.10587229,0.077584006,0.06098878,0.2528124,0.010142289,0.054627724,0.1680523,0.08039348,0.19964598,0.1435076,0.17110947,0.05171509,0.009129642,0.0027787238,0.03153539,0.00965101,0.016177379,0.008749749,0.043794144,0.056641024,0.040526148,0.093697615,0.037817203
0.0829339,1.3015549,0.7674078,0.23346722,0.07966344,1.5555825,0.14327784,0.15595508,0.093336664,0.16726266,1.3775675,1.0672991,0.27405465,0.81867254,1.5717592,0.061473697,0.3375761,0.16075596,0.07786778,0.16591966,0.10261142,0.13839811,0.15001506,0.363918,0.048702393,0.056175523,0.048218615,0.035504654,0.075976744,0.32107687,0.11315307,0.019520499,0.51650095,0.022371069,0.40917253,0.20737812,0.22374642,0.38352397,0.043375924,0.13292632,0.412448,0.21869178,0.01752732,0.22690728,0.12809479,0.051485293,0.9509728,0.406103,0.101412,0.01151219,1.4176283,0.19185828,0.36996523,0.12113886,0.24548039,0.5386203,0.53595185,0.12115171,0.010723168,0.07351007,0.04115455,0.2758404,0.13932924,0.05948557,0.15038645,0.1833952,0.025755666,0.20016654,0.18159927,0.25923112,0.12943786,0.19949803,0.008953858,0.74275005,0.16801788,0.066874884,0.047466084,0.8460524,0.1622584,0.087418616,0.016069189,0.008682002,0.5177509,0.1393406,0.020574115,0.017852897,0.3865567,0.068107106,0.005591387,0.11101846,0.13987038,0.15795846,0.4911745,0.39043814,0.23483215,0.31972587,0.1534001,0.040581517,0.19154379,0.060741715,0.496603,0.18629318,0.0048339795,0.19648789,0.41492507,0.06992823,0.036744326,0.04210459,0.069429666,0.45391893,0.43013665,0.07821059,0.17140615,0.9993644,0.03384155,0.31544498,0.033307362,0.02985462,0.4154988,0.05206354,0.010633022,0.0033757146,0.24299593,0.024243249,0.16541453,0.06682983,0.16321175,0.3381853,0.31077003,0.37101907,0.06257111,0.36687976,0.07573664,0.093647316,0.3268726,0.09018737,0.45348796,0.034318015,0.14632775,0.17670394,0.15099034,0.14584748,0.088104,0.017842881,0.09808488,0.039267898,0.052223064,0.015643638,0.03697457,0.14795142,0.03952168,0.12900448,0.05399951,0.0063022794,0.5724611,0.15383038,0.007910399,0.051423002,0.42821214,0.07095788,0.015080585,0.027316917,0.006813178,0.26849613,0.09073011,0.20090124,0.015111405,0.24633358,0.05103613,0.30197343,0.43797722,0.27482203,0.5604561,0.42964676,0.43123853,0.10807043,0.59540445,0.48259884,0.26966354,0.20684445,0.20614234,0.33016154,0.33246237,0.021805286,0.2788665,0.36804488,0.0036852062,0.047774687,0.016049566
0.00783226,0.024720727,0.0116250245,0.0030138525,0.002228446,0.025482332,0.0022683505,0.0058149286,0.00046818657,0.006630051,0.024878673,0.009644052,0.0013919955,0.010507051,0.02022302,0.0028887466,0.0085091,0.0017800935,0.0018511284,0.0030249956,0.0026842891,0.0010368902,0.0003782149,0.0076209074,0.0018002621,0.0028320358,0.0027569572,0.0045474004,0.00484061,0.003239344,0.007172279,0.0020500438,0.009905365,0.0030265201,0.009570681,0.00339309,0.0001401368,0.011689376,0.006242945,0.0011957894,0.006631977,0.0056326967,0.0018335087,0.0011003339,0.0026718015,0.0017940383,0.020810239,0.005737291,0.000108150314,0.007135475,0.019880665,0.0022569867,0.0031899184,1.3045123e-05,0.00465963,0.006757086,0.009119145,0.0014043787,0.00047417957,0.0021123271,0.00085121865,3.2523538e-05,0.002116885,0.00092283526,0.0015194009,0.0013832002,0.0014734427,0.0025298223,0.0037016717,0.000650869,0.00081192143,0.0022405866,0.00057773874,0.013501348,0.004831534,7.9979654e-05,0.0023294121,0.014302602,0.0029830579,0.0015539299,0.0030294002,0.0003521692,0.009570143,0.0024342313,0.0006092518,0.00046751165,0.006952488,0.0010105795,0.0008479268,0.001731523,0.0035816324,0.0051572714,0.011247062,0.0074404324,0.006680722,0.0081069255,0.00075830345,0.0015389048,0.0016730254,0.00028195584,0.008362689,0.0031237477,0.00087685883,0.0017363705,0.0071810824,0.0007750944,0.000920613,0.00023608765,0.0074289744,0.0066257752,0.0028830227,0.005100491,0.0018538032,0.015725812,0.0031086882,0.0073307394,0.0010701674,0.0004400488,0.004641602,0.0022355127,0.0016420346,0.000755689,0.00090460456,0.00020280317,0.0058064577,0.00096666825,0.0035138573,0.0017189546,0.004579119,0.0041943057,0.0004411575,0.004844974,0.00055803446,0.005901789,0.007787047,0.0016148424,0.0034174996,0.0027519935,0.0003610733,0.0007473033,0.0057643442,0.00041624473,0.00058867387,0.0007812665,0.0014614939,0.009645084,0.0029281182,0.0012394971,0.0012063843,0.0019678762,0.0013205566,0.001424188,0.00078474556,7.1680115e-05,0.010061514,0.0029468597,0.00084519444,3.6504687e-05,0.007080679,0.0012373057,0.0009390167,0.0009789477,0.00058333774,0.006334898,0.0006753241,0.0053485585,0.00021013,0.009577156,0.0021070954,0.0057588057,0.005010727,0.0027754568,0.0082513355,0.001171222,0.0065858387,0.0003482739,0.014342309,0.00024782273,0.0027138202,0.00443298,0.0028848029,0.003348372,0.0052391025,0.0021203414,0.01032552,0.0046560057,0.0006508397,0.0014061701,0.0032637771
0.17481071,0.6370234,0.13168024,0.09906118,0.003570594,0.37746054,0.054508343,0.11596906,0.06075056,0.08439583,0.7671469,0.16293809,0.19417672,0.1760532,0.28923297,0.042212926,0.010653261,0.04682287,0.047385447,0.030309498,0.066786624,0.08965779,0.08220621,0.064982444,0.08273793,0.12313994,0.022379454,0.03414798,0.0799155,0.06826153,0.12116721,0.097745225,0.08785417,0.021820515,0.24914332,0.05325734,0.037832454,0.1230406,0.0740796,0.033902645,0.06591081,0.08003846,0.10770168,0.1382542,0.04739305,0.061047364,0.6417386,0.06594884,0.007709766,0.17241423,0.17616422,0.015560326,0.038369045,0.0029216083,0.040187564,0.004232156,0.11209327,0.10703132,0.020899631,0.11326122,0.050124254,0.062538296,0.008720863,0.023162551,0.07894471,0.008031571,0.056562793,0.06537825,0.03146632,0.17759894,0.02512398,0.032426715,0.016887348,0.3751046,0.09655692,0.07419449,0.04573383,0.15746674,0.116140306,0.026471466,0.026696084,0.028486414,0.19583774,0.029846746,0.02207649,0.020138804,0.10571771,0.027575454,0.016709734,0.0057142368,0.09658731,0.32280523,0.16016108,0.15900172,0.008585354,0.098302975,0.04073842,0.0058950298,0.016221423,0.005899828,0.18512134,0.03735797,0.03709749,0.021284606,0.10075508,0.005392328,0.008467298,0.012454217,0.09888623,0.16573268,0.06636379,0.108652554,0.16293445,0.2243264,0.03408062,0.05206901,0.020934328,0.04892424,0.10805474,0.064673565,0.035968345,0.0016626846,0.016103271,0.017974654,0.095963255,0.012801405,0.040848963,0.047676366,0.04085938,0.022689978,0.000883691,0.050931916,0.018880982,0.07628783,0.14663897,0.0027887076,0.07719789,0.030066818,0.0071000457,0.065967076,0.08281939,0.008444663,0.019120604,0.0075792028,0.045387097,0.10157809,0.04693506,0.016321205,0.12123849,0.06506967,0.00971232,0.007498226,0.037487276,0.01820213,0.21946749,0.03661976,0.0407704,0.045728214,0.0977049,0.026859835,0.022436267,0.026305193,0.0068738637,0.16053891,0.039331764,0.10488477,0.053038202,0.13903864,0.09446865,0.12145458,0.04675872,0.034445435,0.11568789,0.071773276,0.084556326,0.106362194,0.064151,0.05296123,0.014777336,0.0068917535,0.079124406,0.059316196,0.0770205,0.014503179,0.14146413,0.057362042,0.048463024,0.0032390505,0.051083546
0.049779497,0.4512613,0.051196013,0.13034253,0.12879361,0.41831687,0.036478706,0.25049204,0.023098022,0.050036624,0.5407229,0.08434668,0.26377937,0.2428669,0.41752145,0.033984177,0.13091016,0.014050759,0.040626742,0.067710124,0.045938674,0.14587696,0.09652869,0.06407155,0.0008980781,0.07335068,0.015164611,0.004758727,0.08060809,0.032019287,0.028188113,0.26966548,0.07455894,0.02870472,0.11591605,0.007063408,0.04667429,0.10983564,0.044768743,0.049368806,0.046863236,0.0505368,0.053290106,0.096201405,0.07523052,0.08648187,0.5361544,0.008713458,0.071925506,0.1703118,0.13640265,0.02630888,0.0123233665,0.030930053,0.03878003,0.07545308,0.09460219,0.05286853,0.118937895,0.062146008,0.0616014,0.043015115,0.04552922,0.05375892,0.029817373,0.023005173,0.047539838,0.015921494,0.020686409,0.18011613,0.07862853,0.0012320889,0.0079322085,0.28919852,0.026249807,0.13744453,0.09028918,0.15333594,0.05971877,0.048402544,0.031153852,0.027277514,0.14146316,0.007079093,0.0034453487,0.040987298,0.11114578,0.04475365,0.05089794,0.031657636,0.13593093,0.19904926,0.07119989,0.12324604,0.24661775,0.012494886,0.028082658,0.052179758,0.03516712,0.0586649,0.1369401,0.0068612127,0.018112289,0.035741538,0.11381191,0.026362404,0.04050222,0.021333255,0.080420695,0.09069114,0.17151612,0.08895234,0.1099169,0.026251677,0.046513353,0.0565903,0.10357374,0.024847882,0.07137247,0.02815988,0.025598535,0.013863269,0.04509769,0.009255124,0.07945099,0.017168924,0.040917944,0.040316235,0.02756294,0.086043224,0.024085134,0.08186838,0.015557658,0.07998216,0.048979707,0.06307591,0.030523308,0.023283778,0.09206667,0.019495983,0.09437689,0.0020878436,0.030359615,0.043961033,0.049954094,0.059929177,0.012154137,0.028064124,0.018208288,0.010837514,0.028628599,0.0386527,0.039461877,0.031888667,0.15853775,0.0024578734,0.018428417,0.046816636,0.113795914,0.051690184,0.061314277,0.0054814443,0.008839848,0.15039378,0.059063174,0.009327318,0.10587229,0.077584006,0.06098878,0.2528124,0.010142289,0.054627724,0.1680523,0.08039348,0.19964598,0.1435076,0.17110947,0.05171509,0.009129642,0.0027787238,0.03153539,0.00965101,0.016177379,0.008749749,0.043794144,0.056641024,0.040526148,0.093697615,0.037817203
0.0829339,1.3015549,0.7674078,0.23346722,0.07966344,1.5555825,0.14327784,0.15595508,0.093336664,0.16726266,1.3775675,1.0672991,0.27405465,0.81867254,1.5717592,0.061473697,0.3375761,0.16075596,0.07786778,0.16591966,0.10261142,0.13839811,0.15001506,0.363918,0.048702393,0.056175523,0.048218615,0.035504654,0.075976744,0.32107687,0.11315307,0.019520499,0.51650095,0.022371069,0.40917253,0.20737812,0.22374642,0.38352397,0.043375924,0.13292632,0.412448,0.21869178,0.01752732,0.22690728,0.12809479,0.051485293,0.9509728,0.406103,0.101412,0.01151219,1.4176283,0.19185828,0.36996523,0.12113886,0.24548039,0.5386203,0.53595185,0.12115171,0.010723168,0.07351007,0.04115455,0.2758404,0.13932924,0.05948557,0.15038645,0.1833952,0.025755666,0.20016654,0.18159927,0.25923112,0.12943786,0.19949803,0.008953858,0.74275005,0.16801788,0.066874884,0.047466084,0.8460524,0.1622584,0.087418616,0.016069189,0.008682002,0.5177509,0.1393406,0.020574115,0.017852897,0.3865567,0.068107106,0.005591387,0.11101846,0.13987038,0.15795846,0.4911745,0.39043814,0.23483215,0.31972587,0.1534001,0.040581517,0.19154379,0.060741715,0.496603,0.18629318,0.0048339795,0.19648789,0.41492507,0.06992823,0.036744326,0.04210459,0.069429666,0.45391893,0.43013665,0.07821059,0.17140615,0.9993644,0.03384155,0.31544498,0.033307362,0.02985462,0.4154988,0.05206354,0.010633022,0.0033757146,0.24299593,0.024243249,0.16541453,0.06682983,0.16321175,0.3381853,0.31077003,0.37101907,0.06257111,0.36687976,0.07573664,0.093647316,0.3268726,0.09018737,0.45348796,0.034318015,0.14632775,0.17670394,0.15099034,0.14584748,0.088104,0.017842881,0.09808488,0.039267898,0.052223064,0.015643638,0.03697457,0.14795142,0.03952168,0.12900448,0.05399951,0.0063022794,0.5724611,0.15383038,0.007910399,0.051423002,0.42821214,0.07095788,0.015080585,0.027316917,0.006813178,0.26849613,0.09073011,0.20090124,0.015111405,0.24633358,0.05103613,0.30197343,0.43797722,0.27482203,0.5604561,0.42964676,0.43123853,0.10807043,0.59540445,0.48259884,0.26966354,0.20684445,0.20614234,0.33016154,0.33246237,0.021805286,0.2788665,0.36804488,0.0036852062,0.047774687,0.016049566
0.00783226,0.024720727,0.0116250245,0.0030138525,0.002228446,0.025482332,0.0022683505,0.0058149286,0.00046818657,0.006630051,0.024878673,0.009644052,0.0013919955,0.010507051,0.02022302,0.0028887466,0.0085091,0.0017800935,0.0018511284,0.0030249956,0.0026842891,0.0010368902,0.0003782149,0.0076209074,0.0018002621,0.0028320358,0.0027569572,0.0045474004,0.00484061,0.003239344,0.007172279,0.0020500438,0.009905365,0.0030265201,0.009570681,0.00339309,0.0001401368,0.011689376,0.006242945,0.0011957894,0.006631977,0.0056326967,0.0018335087,0.0011003339,0.0026718015,0.0017940383,0.020810239,0.005737291,0.000108150314,0.007135475,0.019880665,0.0022569867,0.0031899184,1.3045123e-05,0.00465963,0.006757086,0.009119145,0.0014043787,0.00047417957,0.0021123271,0.00085121865,3.2523538e-05,0.002116885,0.00092283526,0.0015194009,0.0013832002,0.0014734427,0.0025298223,0.0037016717,0.000650869,0.00081192143,0.0022405866,0.00057773874,0.013501348,0.004831534,7.9979654e-05,0.0023294121,0.014302602,0.0029830579,0.0015539299,0.0030294002,0.0003521692,0.009570143,0.0024342313,0.0006092518,0.00046751165,0.006952488,0.0010105795,0.0008479268,0.001731523,0.0035816324,0.0051572714,0.011247062,0.0074404324,0.006680722,0.0081069255,0.00075830345,0.0015389048,0.0016730254,0.00028195584,0.008362689,0.0031237477,0.00087685883,0.0017363705,0.0071810824,0.0007750944,0.000920613,0.00023608765,0.0074289744,0.0066257752,0.0028830227,0.005100491,0.0018538032,0.015725812,0.0031086882,0.0073307394,0.0010701674,0.0004400488,0.004641602,0.0022355127,0.0016420346,0.000755689,0.00090460456,0.00020280317,0.0058064577,0.00096666825,0.0035138573,0.0017189546,0.004579119,0.0041943057,0.0004411575,0.004844974,0.00055803446,0.005901789,0.007787047,0.0016148424,0.0034174996,0.0027519935,0.0003610733,0.0007473033,0.0057643442,0.00041624473,0.00058867387,0.0007812665,0.0014614939,0.009645084,0.0029281182,0.0012394971,0.0012063843,0.0019678762,0.0013205566,0.001424188,0.00078474556,7.1680115e-05,0.010061514,0.0029468597,0.00084519444,3.6504687e-05,0.007080679,0.0012373057,0.0009390167,0.0009789477,0.00058333774,0.006334898,0.0006753241,0.0053485585,0.00021013,0.009577156,0.0021070954,0.0057588057,0.005010727,0.0027754568,0.0082513355,0.001171222,0.0065858387,0.0003482739,0.014342309,0.00024782273,0.0027138202,0.00443298,0.0028848029,0.003348372,0.0052391025,0.0021203414,0.01032552,0.0046560057,0.0006508397,0.0014061701,0.0032637771
0.17481071,0.6370234,0.13168024,0.09906118,0.003570594,0.37746054,0.054508343,0.11596906,0.06075056,0.08439583,0.7671469,0.16293809,0.19417672,0.1760532,0.28923297,0.042212926,0.010653261,0.04682287,0.047385447,0.030309498,0.066786624,0.08965779,0.08220621,0.064982444,0.08273793,0.12313994,0.022379454,0.03414798,0.0799155,0.06826153,0.12116721,0.097745225,0.08785417,0.021820515,0.24914332,0.05325734,0.037832454,0.1230406,0.0740796,0.033902645,0.06591081,0.08003846,0.10770168,0.1382542,0.04739305,0.061047364,0.6417386,0.06594884,0.007709766,0.17241423,0.17616422,0.015560326,0.038369045,0.0029216083,0.040187564,0.004232156,0.11209327,0.10703132,0.020899631,0.11326122,0.050124254,0.062538296,0.008720863,0.023162551,0.07894471,0.008031571,0.056562793,0.06537825,0.03146632,0.17759894,0.02512398,0.032426715,0.016887348,0.3751046,0.09655692,0.07419449,0.04573383,0.15746674,0.116140306,0.026471466,0.026696084,0.028486414,0.19583774,0.029846746,0.02207649,0.020138804,0.10571771,0.027575454,0.016709734,0.0057142368,0.09658731,0.32280523,0.16016108,0.15900172,0.008585354,0.098302975,0.04073842,0.0058950298,0.016221423,0.005899828,0.18512134,0.03735797,0.03709749,0.021284606,0.10075508,0.005392328,0.008467298,0.012454217,0.09888623,0.16573268,0.06636379,0.108652554,0.16293445,0.2243264,0.03408062,0.05206901,0.020934328,0.04892424,0.10805474,0.064673565,0.035968345,0.0016626846,0.016103271,0.017974654,0.095963255,0.012801405,0.040848963,0.047676366,0.04085938,0.022689978,0.000883691,0.050931916,0.018880982,0.07628783,0.14663897,0.0027887076,0.07719789,0.030066818,0.0071000457,0.065967076,0.08281939,0.008444663,0.019120604,0.0075792028,0.045387097,0.10157809,0.04693506,0.016321205,0.12123849,0.06506967,0.00971232,0.007498226,0.037487276,0.01820213,0.21946749,0.03661976,0.0407704,0.045728214,0.0977049,0.026859835,0.022436267,0.026305193,0.0068738637,0.16053891,0.039331764,0.10488477,0.053038202,0.13903864,0.09446865,0.12145458,0.04675872,0.034445435,0.11568789,0.071773276,0.084556326,0.106362194,0.064151,0.05296123,0.014777336,0.0068917535,0.079124406,0.059316196,0.0770205,0.014503179,0.14146413,0.057362042,0.048463024,0.0032390505,0.051083546
0.049779497,0.4512613,0.051196013,0.13034253,0.12879361,0.41831687,0.036478706,0.25049204,0.023098022,0.050036624,0.5407229,0.08434668,0.26377937,0.2428669,0.41752145,0.033984177,0.13091016,0.014050759,0.040626742,0.067710124,0.045938674,0.14587696,0.09652869,0.06407155,0.0008980781,0.07335068,0.015164611,0.004758727,0.08060809,0.032019287,0.028188113,0.26966548,0.07455894,0.02870472,0.11591605,0.007063408,0.04667429,0.10983564,0.044768743,0.049368806,0.046863236,0.0505368,0.053290106,0.096201405,0.07523052,0.08648187,0.5361544,0.008713458,0.071925506,0.1703118,0.13640265,0.02630888,0.0123233665,0.030930053,0.03878003,0.07545308,0.09460219,0.05286853,0.118937895,0.062146008,0.0616014,0.043015115,0.04552922,0.05375892,0.029817373,0.023005173,0.047539838,0.015921494,0.020686409,0.18011613,0.07862853,0.0012320889,0.0079322085,0.28919852,0.026249807,0.13744453,0.09028918,0.15333594,0.05971877,0.048402544,0.031153852,0.027277514,0.14146316,0.007079093,0.0034453487,0.040987298,0.11114578,0.04475365,0.05089794,0.031657636,0.13593093,0.19904926,0.07119989,0.12324604,0.24661775,0.012494886,0.028082658,0.052179758,0.03516712,0.0586649,0.1369401,0.0068612127,0.018112289,0.035741538,0.11381191,0.026362404,0.04050222,0.021333255,0.080420695,0.09069114,0.17151612,0.08895234,0.1099169,0.026251677,0.046513353,0.0565903,0.10357374,0.024847882,0.07137247,0.02815988,0.025598535,0.013863269,0.04509769,0.009255124,0.07945099,0.017168924,0.040917944,0.040316235,0.02756294,0.086043224,0.024085134,0.08186838,0.015557658,0.07998216,0.048979707,0.06307591,0.030523308,0.023283778,0.09206667,0.019495983,0.09437689,0.0020878436,0.030359615,0.043961033,0.049954094,0.059929177,0.012154137,0.028064124,0.018208288,0.010837514,0.028628599,0.0386527,0.039461877,0.031888667,0.15853775,0.0024578734,0.018428417,0.046816636,0.113795914,0.051690184,0.061314277,0.0054814443,0.008839848,0.15039378,0.059063174,0.009327318,0.10587229,0.077584006,0.06098878,0.2528124,0.010142289,0.054627724,0.1680523,0.08039348,0.19964598,0.1435076,0.17110947,0.05171509,0.009129642,0.0027787238,0.03153539,0.00965101,0.016177379,0.008749749,0.043794144,0.056641024,0.040526148,0.093697615,0.037817203
0.0829339,1.3015549,0.7674078,0.23346722,0.07966344,1.5555825,0.14327784,0.15595508,0.093336664,0.16726266,1.3775675,1.0672991,0.27405465,0.81867254,1.5717592,0.061473697,0.3375761,0.16075596,0.07786778,0.16591966,0.10261142,0.13839811,0.15001506,0.363918,0.048702393,0.056175523,0.048218615,0.035504654,0.075976744,0.32107687,0.11315307,0.019520499,0.51650095,0.022371069,0.40917253,0.20737812,0.22374642,0.38352397,0.043375924,0.13292632,0.412448,0.21869178,0.01752732,0.22690728,0.12809479,0.051485293,0.9509728,0.406103,0.101412,0.01151219,1.4176283,0.19185828,0.36996523,0.12113886,0.24548039,0.5386203,0.53595185,0.12115171,0.010723168,0.07351007,0.04115455,0.2758404,0.13932924,0.05948557,0.15038645,0.1833952,0.025755666,0.20016654,0.18159927,0.25923112,0.12943786,0.19949803,0.008953858,0.74275005,0.16801788,0.066874884,0.047466084,0.8460524,0.1622584,0.087418616,0.016069189,0.008682002,0.5177509,0.1393406,0.020574115,0.017852897,0.3865567,0.068107106,0.005591387,0.11101846,0.13987038,0.15795846,0.4911745,0.39043814,0.23483215,0.31972587,0.1534001,0.040581517,0.19154379,0.060741715,0.496603,0.18629318,0.0048339795,0.19648789,0.41492507,0.06992823,0.036744326,0.04210459,0.069429666,0.45391893,0.43013665,0.07821059,0.17140615,0.9993644,0.03384155,0.31544498,0.033307362,0.02985462,0.4154988,0.05206354,0.010633022,0.0033757146,0.24299593,0.024243249,0.16541453,0.06682983,0.16321175,0.3381853,0.31077003,0.37101907,0.06257111,0.36687976,0.07573664,0.093647316,0.3268726,0.09018737,0.45348796,0.034318015,0.14632775,0.17670394,0.15099034,0.14584748,0.088104,0.017842881,0.09808488,0.039267898,0.052223064,0.015643638,0.03697457,0.14795142,0.03952168,0.12900448,0.05399951,0.0063022794,0.5724611,0.15383038,0.007910399,0.051423002,0.42821214,0.07095788,0.015080585,0.027316917,0.006813178,0.26849613,0.09073011,0.20090124,0.015111405,0.24633358,0.05103613,0.30197343,0.43797722,0.27482203,0.5604561,0.42964676,0.43123853,0.10807043,0.59540445,0.48259884,0.26966354,0.20684445,0.20614234,0.33016154,0.33246237,0.021805286,0.2788665,0.36804488,0.0036852062,0.047774687,0.016049566
0.00783226,0.024720727,0.0116250245,0.0030138525,0.002228446,0.025482332,0.0022683505,0.0058149286,0.00046818657,0.006630051,0.024878673,0.009644052,0.0013919955,0.010507051,0.02022302,0.0028887466,0.0085091,0.0017800935,0.0018511284,0.0030249956,0.0026842891,0.0010368902,0.0003782149,0.0076209074,0.0018002621,0.0028320358,0.0027569572,0.0045474004,0.00484061,0.003239344,0.007172279,0.0020500438,0.009905365,0.0030265201,0.009570681,0.00339309,0.0001401368,0.011689376,0.006242945,0.0011957894,0.006631977,0.0056326967,0.0018335087,0.0011003339,0.0026718015,0.0017940383,0.020810239,0.005737291,0.000108150314,0.007135475,0.019880665,0.0022569867,0.0031899184,1.3045123e-05,0.00465963,0.006757086,0.009119145,0.0014043787,0.00047417957,0.0021123271,0.00085121865,3.2523538e-05,0.002116885,0.00092283526,0.0015194009,0.0013832002,0.0014734427,0.0025298223,0.0037016717,0.000650869,0.00081192143,0.0022405866,0.00057773874,0.013501348,0.004831534,7.9979654e-05,0.0023294121,0.014302602,0.0029830579,0.0015539299,0.0030294002,0.0003521692,0.009570143,0.0024342313,0.0006092518,0.00046751165,0.006952488,0.0010105795,0.0008479268,0.001731523,0.0035816324,0.0051572714,0.011247062,0.0074404324,0.006680722,0.0081069255,0.00075830345,0.0015389048,0.0016730254,0.00028195584,0.008362689,0.0031237477,0.00087685883,0.0017363705,0.0071810824,0.0007750944,0.000920613,0.00023608765,0.0074289744,0.0066257752,0.0028830227,0.005100491,0.0018538032,0.015725812,0.0031086882,0.0073307394,0.0010701674,0.0004400488,0.004641602,0.0022355127,0.0016420346,0.000755689,0.00090460456,0.00020280317,0.0058064577,0.00096666825,0.0035138573,0.0017189546,0.004579119,0.0041943057,0.0004411575,0.004844974,0.00055803446,0.005901789,0.007787047,0.0016148424,0.0034174996,0.0027519935,0.0003610733,0.0007473033,0.0057643442,0.00041624473,0.00058867387,0.0007812665,0.0014614939,0.009645084,0.0029281182,0.0012394971,0.0012063843,0.0019678762,0.0013205566,0.001424188,0.00078474556,7.1680115e-05,0.010061514,0.0029468597,0.00084519444,3.6504687e-05,0.007080679,0.0012373057,0.0009390167,0.0009789477,0.00058333774,0.006334898,0.0006753241,0.0053485585,0.00021013,0.009577156,0.0021070954,0.0057588057,0.005010727,0.0027754568,0.0082513355,0.001171222,0.0065858387,0.0003482739,0.014342309,0.00024782273,0.0027138202,0.00443298,0.0028848029,0.003348372,0.0052391025,0.0021203414,0.01032552,0.0046560057,0.0006508397,0.0014061701,0.0032637771
0.17481071,0.6370234,0.13168024,0.09906118,0.003570594,0.37746054,0.054508343,0.11596906,0.06075056,0.08439583,0.7671469,0.16293809,0.19417672,0.1760532,0.28923297,0.042212926,0.010653261,0.04682287,0.047385447,0.030309498,0.066786624,0.08965779,0.08220621,0.064982444,0.08273793,0.12313994,0.022379454,0.03414798,0.0799155,0.06826153,0.12116721,0.097745225,0.08785417,0.021820515,0.24914332,0.05325734,0.037832454,0.1230406,0.0740796,0.033902645,0.06591081,0.08003846,0.10770168,0.1382542,0.04739305,0.061047364,0.6417386,0.06594884,0.007709766,0.17241423,0.17616422,0.015560326,0.038369045,0.0029216083,0.040187564,0.004232156,0.11209327,0.10703132,0.020899631,0.11326122,0.050124254,0.062538296,0.008720863,0.023162551,0.07894471,0.008031571,0.056562793,0.06537825,0.03146632,0.17759894,0.02512398,0.032426715,0.016887348,0.3751046,0.09655692,0.07419449,0.04573383,0.15746674,0.116140306,0.026471466,0.026696084,0.028486414,0.19583774,0.029846746,0.02207649,0.020138804,0.10571771,0.027575454,0.016709734,0.0057142368,0.09658731,0.32280523,0.16016108,0.15900172,0.008585354,0.098302975,0.04073842,0.0058950298,0.016221423,0.005899828,0.18512134,0.03735797,0.03709749,0.021284606,0.10075508,0.005392328,0.008467298,0.012454217,0.09888623,0.16573268,0.06636379,0.108652554,0.16293445,0.2243264,0.03408062,0.05206901,0.020934328,0.04892424,0.10805474,0.064673565,0.035968345,0.0016626846,0.016103271,0.017974654,0.095963255,0.012801405,0.040848963,0.047676366,0.04085938,0.022689978,0.000883691,0.050931916,0.018880982,0.07628783,0.14663897,0.0027887076,0.07719789,0.030066818,0.0071000457,0.065967076,0.08281939,0.008444663,0.019120604,0.0075792028,0.045387097,0.10157809,0.04693506,0.016321205,0.12123849,0.06506967,0.00971232,0.007498226,0.037487276,0.01820213,0.21946749,0.03661976,0.0407704,0.045728214,0.0977049,0.026859835,0.022436267,0.026305193,0.0068738637,0.16053891,0.039331764,0.10488477,0.053038202,0.13903864,0.09446865,0.12145458,0.04675872,0.034445435,0.11568789,0.071773276,0.084556326,0.106362194,0.064151,0.05296123,0.014777336,0.0068917535,0.079124406,0.059316196,0.0770205,0.014503179,0.14146413,0.057362042,0.048463024,0.0032390505,0.051083546
0.049779497,0.4512613,0.051196013,0.13034253,0.12879361,0.41831687,0.036478706,0.25049204,0.023098022,0.050036624,0.5407229,0.08434668,0.26377937,0.2428669,0.41752145,0.033984177,0.13091016,0.014050759,0.040626742,0.067710124,0.045938674,0.14587696,0.09652869,0.06407155,0.0008980781,0.07335068,0.015164611,0.004758727,0.08060809,0.032019287,0.028188113,0.26966548,0.07455894,0.02870472,0.11591605,0.007063408,0.04667429,0.10983564,0.044768743,0.049368806,0.046863236,0.0505368,0.053290106,0.096201405,0.07523052,0.08648187,0.5361544,0.008713458,0.071925506,0.1703118,0.13640265,0.02630888,0.0123233665,0.030930053,0.03878003,0.07545308,0.09460219,0.05286853,0.118937895,0.062146008,0.0616014,0.043015115,0.04552922,0.05375892,0.029817373,0.023005173,0.047539838,0.015921494,0.020686409,0.18011613,0.07862853,0.0012320889,0.0079322085,0.28919852,0.026249807,0.13744453,0.09028918,0.15333594,0.05971877,0.048402544,0.031153852,0.027277514,0.14146316,0.007079093,0.0034453487,0.040987298,0.11114578,0.04475365,0.05089794,0.031657636,0.13593093,0.19904926,0.07119989,0.12324604,0.24661775,0.012494886,0.028082658,0.052179758,0.03516712,0.0586649,0.1369401,0.0068612127,0.018112289,0.035741538,0.11381191,0.026362404,0.04050222,0.021333255,0.080420695,0.09069114,0.17151612,0.08895234,0.1099169,0.026251677,0.046513353,0.0565903,0.10357374,0.024847882,0.07137247,0.02815988,0.025598535,0.013863269,0.04509769,0.009255124,0.07945099,0.017168924,0.040917944,0.040316235,0.02756294,0.086043224,0.024085134,0.08186838,0.015557658,0.07998216,0.048979707,0.06307591,0.030523308,0.023283778,0.09206667,0.019495983,0.09437689,0.0020878436,0.030359615,0.043961033,0.049954094,0.059929177,0.012154137,0.028064124,0.018208288,0.010837514,0.028628599,0.0386527,0.039461877,0.031888667,0.15853775,0.0024578734,0.018428417,0.046816636,0.113795914,0.051690184,0.061314277,0.0054814443,0.008839848,0.15039378,0.059063174,0.009327318,0.10587229,0.077584006,0.06098878,0.2528124,0.010142289,0.054627724,0.1680523,0.08039348,0.19964598,0.1435076,0.17110947,0.05171509,0.009129642,0.0027787238,0.03153539,0.00965101,0.016177379,0.008749749,0.043794144,0.056641024,0.040526148,0.093697615,0.037817203
0.0829339,1.3015549,0.7674078,0.23346722,0.07966344,1.5555825,0.14327784,0.15595508,0.093336664,0.16726266,1.3775675,1.0672991,0.27405465,0.81867254,1.5717592,0.061473697,0.3375761,0.16075596,0.07786778,0.16591966,0.10261142,0.13839811,0.15001506,0.363918,0.048702393,0.056175523,0.048218615,0.035504654,0.075976744,0.32107687,0.11315307,0.019520499,0.51650095,0.022371069,0.40917253,0.20737812,0.22374642,0.38352397,0.043375924,0.13292632,0.412448,0.21869178,0.01752732,0.22690728,0.12809479,0.051485293,0.9509728,0.406103,0.101412,0.01151219,1.4176283,0.19185828,0.36996523,0.12113886,0.24548039,0.5386203,0.53595185,0.12115171,0.010723168,0.07351007,0.04115455,0.2758404,0.13932924,0.05948557,0.15038645,0.1833952,0.025755666,0.20016654,0.18159927,0.25923112,0.12943786,0.19949803,0.008953858,0.74275005,0.16801788,0.066874884,0.047466084,0.8460524,0.1622584,0.087418616,0.016069189,0.008682002,0.5177509,0.1393406,0.020574115,0.017852897,0.3865567,0.068107106,0.005591387,0.11101846,0.13987038,0.15795846,0.4911745,0.39043814,0.23483215,0.31972587,0.1534001,0.040581517,0.19154379,0.060741715,0.496603,0.18629318,0.0048339795,0.19648789,0.41492507,0.06992823,0.036744326,0.04210459,0.069429666,0.45391893,0.43013665,0.07821059,0.17140615,0.9993644,0.03384155,0.31544498,0.033307362,0.02985462,0.4154988,0.05206354,0.010633022,0.0033757146,0.24299593,0.024243249,0.16541453,0.06682983,0.16321175,0.3381853,0.31077003,0.37101907,0.06257111,0.36687976,0.07573664,0.093647316,0.3268726,0.09018737,0.45348796,0.034318015,0.14632775,0.17670394,0.15099034,0.14584748,0.088104,0.017842881,0.09808488,0.039267898,0.052223064,0.015643638,0.03697457,0.14795142,0.03952168,0.12900448,0.05399951,0.0063022794,0.5724611,0.15383038,0.007910399,0.051423002,0.42821214,0.07095788,0.015080585,0.027316917,0.006813178,0.26849613,0.09073011,0.20090124,0.015111405,0.24633358,0.05103613,0.30197343,0.43797722,0.27482203,0.5604561,0.42964676,0.43123853,0.10807043,0.59540445,0.48259884,0.26966354,0.20684445,0.20614234,0.33016154,0.33246237,0.021805286,0.2788665,0.36804488,0.0036852062,0.047774687,0.016049566
0.00783226,0.024720727,0.0116250245,0.0030138525,0.002228446,0.025482332,0.0022683505,0.0058149286,0.00046818657,0.006630051,0.024878673,0.009644052,0.0013919955,0.010507051,0.02022302,0.0028887466,0.0085091,0.0017800935,0.0018511284,0.0030249956,0.0026842891,0.0010368902,0.0003782149,0.0076209074,0.0018002621,0.0028320358,0.0027569572,0.0045474004,0.00484061,0.003239344,0.007172279,0.0020500438,0.009905365,0.0030265201,0.009570681,0.00339309,0.0001401368,0.011689376,0.006242945,0.0011957894,0.006631977,0.0056326967,0.0018335087,0.0011003339,0.0026718015,0.0017940383,0.020810239,0.005737291,0.000108150314,0.007135475,0.019880665,0.0022569867,0.0031899184,1.3045123e-05,0.00465963,0.006757086,0.009119145,0.0014043787,0.00047417957,0.0021123271,0.00085121865,3.2523538e-05,0.002116885,0.00092283526,0.0015194009,0.0013832002,0.0014734427,0.0025298223,0.0037016717,0.000650869,0.00081192143,0.0022405866,0.00057773874,0.013501348,0.004831534,7.9979654e-05,0.0023294121,0.014302602,0.0029830579,0.0015539299,0.0030294002,0.0003521692,0.009570143,0.0024342313,0.0006092518,0.00046751165,0.006952488,0.0010105795,0.0008479268,0.001731523,0.0035816324,0.0051572714,0.011247062,0.0074404324,0.006680722,0.0081069255,0.00075830345,0.0015389048,0.0016730254,0.00028195584,0.008362689,0.0031237477,0.00087685883,0.0017363705,0.0071810824,0.0007750944,0.000920613,0.00023608765,0.0074289744,0.0066257752,0.0028830227,0.005100491,0.0018538032,0.015725812,0.0031086882,0.0073307394,0.0010701674,0.0004400488,0.004641602,0.0022355127,0.0016420346,0.000755689,0.00090460456,0.00020280317,0.0058064577,0.00096666825,0.0035138573,0.0017189546,0.004579119,0.0041943057,0.0004411575,0.004844974,0.00055803446,0.005901789,0.007787047,0.0016148424,0.0034174996,0.0027519935,0.0003610733,0.0007473033,0.0057643442,0.00041624473,0.00058867387,0.0007812665,0.0014614939,0.009645084,0.0029281182,0.0012394971,0.0012063843,0.0019678762,0.0013205566,0.001424188,0.00078474556,7.1680115e-05,0.010061514,0.0029468597,0.00084519444,3.6504687e-05,0.007080679,0.0012373057,0.0009390167,0.0009789477,0.00058333774,0.006334898,0.0006753241,0.0053485585,0.00021013,0.009577156,0.0021070954,0.0057588057,0.005010727,0.0027754568,0.0082513355,0.001171222,0.0065858387,0.0003482739,0.014342309,0.00024782273,0.0027138202,0.00443298,0.0028848029,0.003348372,0.0052391025,0.0021203414,0.01032552,0.0046560057,0.0006508397,0.0014061701,0.0032637771
