0,1,2,3,4,5,6,7,8,9,10,11,12,13,14,15,16,17,18,19,20,21,22,23,24,25,26,27,28,29,30,31,32,33,34,35,36,37,38,39,40,41,42,43,44,45,46,47,48,49,50,51,52,53,54,55,56,57,58,59,60,61,62,63,64,65,66,67,68,69,70,71,72,73,74,75,76,77,78,79,80,81,82,83,84,85,86,87,88,89,90,91,92,93,94,95,96,97,98,99,100,101,102,103,104,105,106,107,108,109,110,111,112,113,114,115,116,117,118,119,120,121,122,123,124,125,126,127,128,129,130,131,132,133,134,135,136,137,138,139,140,141,142,143,144,145,146,147,148,149,150,151,152,153,154,155,156,157,158,159,160,161,162,163,164,165,166,167,168,169,170,171,172,173,174,175,176,177,178,179,180,181,182,183,184,185,186,187,188
3.8541407e-07,2.211623e-05,4.9375008e-06,1.505638e-06,5.002221e-12,3.21601e-06,1.9774166e-06,2.9853215e-06,9.249583e-06,1.6341186e-06,2.3147164e-05,5.1577413e-06,1.1875603e-05,2.0451384e-06,2.4710816e-06,2.8045597e-06,2.2517145e-06,6.311652e-06,3.0617268e-06,4.072641e-06,1.5857362e-06,7.93715e-06,1.3226667e-05,3.488116e-06,2.2761576e-06,5.204395e-06,7.78262e-06,3.950139e-06,4.0162527e-06,3.5598268e-06,8.452839e-06,7.848625e-06,6.3749094e-06,1.8064442e-06,5.5250835e-06,2.0480417e-07,9.458473e-07,4.651547e-06,1.2521981e-06,8.972924e-06,6.253749e-06,2.504548e-06,2.3644793e-07,1.325343e-06,2.3404325e-06,9.528291e-06,3.5154746e-05,2.2127026e-06,8.227446e-07,1.6894996e-06,3.4149539e-06,6.1529454e-07,2.770518e-06,1.9297477e-06,2.4324495e-06,2.691882e-06,4.189638e-06,2.748739e-06,6.0735842e-06,5.2586975e-06,3.025913e-06,1.0502818e-06,1.972019e-06,1.2761873e-06,4.31811e-06,1.3714435e-06,4.823059e-06,4.116325e-06,4.5859247e-06,6.3966695e-08,2.9400547e-07,2.9742478e-06,6.2569634e-06,2.0623247e-05,2.1291748e-06,1.0815839e-05,6.745262e-06,8.029974e-08,1.5104315e-06,3.2978878e-06,5.1248294e-06,1.298643e-07,5.734467e-06,1.4363122e-06,6.739707e-07,1.08261474e-07,1.6641438e-06,9.332827e-07,7.22302e-07,6.223851e-07,7.552934e-06,1.6884265e-05,2.1030667e-06,3.5138387e-06,1.1359687e-06,1.06064035e-05,2.943385e-06,5.8743726e-06,2.9244998e-06,6.3612123e-07,3.0782628e-06,9.333144e-07,2.914856e-07,5.185179e-07,1.1230145e-06,1.2235533e-06,1.8415881e-06,1.602095e-06,1.0469854e-06,4.95598e-07,1.2079889e-06,8.267041e-06,1.9017283e-06,5.271183e-06,3.37779e-06,4.5039985e-07,5.5938863e-06,1.487289e-06,3.3239419e-06,4.1891252e-07,2.8174472e-06,2.189082e-06,9.286083e-07,2.2605773e-06,8.284326e-07,4.4457597e-06,6.8324795e-07,9.0879166e-07,1.2663794e-06,9.720485e-07,1.1730776e-07,2.7241003e-07,1.9879587e-06,1.584935e-06,2.1462704e-06,1.5724252e-07,3.9375136e-06,9.95366e-07,3.7506746e-07,1.4410537e-07,7.4080765e-07,1.6935916e-06,1.0432757e-06,3.9839284e-07,2.3513364e-06,6.3528223e-06,8.899799e-07,3.8790017e-07,3.853063e-08,3.6718604e-06,3.5971889e-06,2.1458711e-06,1.6649474e-07,2.3381602e-07,3.92504e-06,7.8946783e-07,2.6306014e-07,1.9366635e-06,1.126925e-06,1.9016966e-08,1.5637022e-07,6.063815e-07,1.6274523e-06,8.2685983e-07,7.461242e-07,1.7580937e-06,4.219064e-06,2.969312e-06,2.825696e-06,1.9823935e-06,1.2514087e-06,1.2104724e-06,1.1418238e-05,3.424692e-07,6.185417e-06,4.1325475e-06,1.3279158e-06,3.0627386e-06,4.3426286e-07,1.3279144e-06,6.864138e-07,9.552193e-07,1.8941697e-06,2.515917e-06,5.247171e-06,1.710509e-06,1.6681834e-06,2.3911596e-06,2.122588e-08
0.00014755246,0.00033924374,7.517973e-05,0.00015379794,8.011374e-05,0.00020613578,1.1079577e-05,3.0597025e-06,1.8688126e-05,8.896578e-05,0.00031203177,0.00021740493,6.754083e-05,0.000100759426,0.00018737002,4.3121934e-05,2.0806714e-05,2.609133e-06,3.7129823e-05,9.673514e-05,6.945181e-05,4.030617e-05,0.00023683553,7.133825e-05,0.00012928215,2.9588815e-05,4.8430193e-05,0.00015325098,5.220691e-05,0.00017294372,0.00022914032,0.00018439109,0.00024769083,0.00013794663,0.00020516079,0.00011952147,0.0001787755,3.8391652e-05,9.6777134e-05,0.00016530935,0.000221917,7.8427925e-05,4.662407e-05,4.5195284e-05,2.567101e-05,0.00022727042,0.00050651986,0.00011589845,0.00027669547,1.8589155e-05,0.00021157424,9.099498e-06,2.2064098e-05,2.0084786e-05,2.8243252e-05,1.9041352e-05,5.1015806e-05,3.796828e-05,0.00015620273,0.00015603605,3.3374206e-05,3.7134232e-06,6.363469e-05,6.916968e-05,9.984727e-05,2.13588e-06,0.00011746537,6.427368e-05,6.476146e-05,3.9191047e-05,1.1921555e-05,1.49428515e-05,0.00014240545,0.0002582464,0.00015770254,2.7169983e-05,0.00015110298,1.8723003e-05,2.1763168e-05,9.972079e-06,8.505129e-05,4.2267468e-05,0.00014320805,3.6461922e-06,2.0935859e-06,5.6050783e-05,8.552811e-06,6.7109086e-06,1.4480898e-05,1.5426758e-05,8.289993e-05,0.00021118931,2.4882238e-06,5.6453195e-05,6.931171e-05,0.00025991703,8.404774e-05,2.5786969e-05,4.7636382e-05,5.207831e-05,7.046439e-05,1.1794682e-06,1.1351075e-05,1.0356819e-05,1.4032597e-05,1.540995e-05,2.186769e-05,2.3238528e-05,0.00012353757,0.0001511796,8.6572305e-05,0.00023577984,2.9725794e-05,0.000118331925,2.3020933e-05,0.000106371284,0.00015493392,3.2144584e-05,8.858503e-05,4.722552e-05,0.00017273636,7.6083525e-05,3.979096e-05,6.013196e-05,3.2554002e-05,0.0002365499,9.613422e-05,0.000106174586,0.00013008721,4.2982334e-05,0.00018022828,0.00013823545,5.519006e-05,0.00015393918,1.9251966e-05,8.8086905e-05,8.211108e-05,4.949066e-05,0.00013800626,5.4587406e-05,7.199372e-06,1.0004333e-06,2.1708422e-05,3.417004e-05,4.020285e-05,7.548922e-05,3.135374e-05,0.00013648416,3.786172e-07,0.000101251746,0.00021191171,2.1053482e-05,0.00017178133,3.633495e-05,8.2080056e-05,2.8375161e-05,2.7663657e-07,5.9028534e-06,4.9264032e-05,1.012614e-05,4.2854415e-05,1.9497355e-05,8.166356e-05,0.00013584983,1.8062332e-05,2.7417347e-05,0.00028352826,0.00010584998,6.699605e-05,5.3040974e-05,1.4953228e-05,0.00013679286,0.00015600913,0.00037684405,5.7864327e-06,4.775021e-05,0.00034602472,0.00010800318,0.00015988314,6.7884714e-05,1.8175117e-05,3.399187e-05,2.828011e-06,0.00012476253,4.1349154e-05,1.857061e-05,6.213419e-05,3.73631e-05,0.000107483436
9.919983e-05,0.0006207461,5.0643124e-05,9.1893e-06,7.2732128e-06,0.0002465888,0.00015498974,0.00017332438,0.0004114013,4.2248503e-05,0.0007028005,2.1788772e-05,0.00034357575,0.0002560024,0.0003657335,9.838627e-05,0.00030601828,0.00031398862,2.9380186e-05,5.9045597e-06,7.044383e-05,0.00013215287,0.00036716915,0.00011078693,5.8551643e-05,4.400276e-05,1.3521958e-05,1.24893195e-05,0.00013528354,9.62133e-05,0.00011029179,8.4064224e-05,4.1131396e-05,8.2987535e-06,6.2335e-05,2.5276444e-05,1.7636878e-05,3.228296e-05,7.240362e-05,0.00012114046,0.00015201836,9.255078e-06,3.5142417e-05,9.784507e-05,7.370656e-06,0.00024453618,0.0010075642,5.8013684e-05,1.7521352e-05,0.00012384585,0.00029335756,5.7205816e-06,5.4309472e-05,0.00012761813,6.66236e-05,0.0002545889,6.305753e-05,0.00012796494,0.00019339491,0.00018166323,7.5965996e-05,8.726864e-05,5.294297e-05,7.6805794e-05,0.00021912839,2.1071464e-05,5.6569934e-05,0.00010220693,0.00012059848,0.00013211962,2.8603605e-05,0.00013012759,0.00013507916,0.00046451064,7.846205e-05,0.00030710403,0.00032890713,0.00023349849,1.2287606e-05,7.464623e-05,6.3084204e-05,1.7725766e-05,0.00018911215,6.826107e-06,3.536476e-05,7.070128e-05,8.4732405e-05,4.5226145e-05,1.270869e-05,0.00010762188,2.9756353e-05,0.00036891038,0.0001751618,0.00015017201,0.0004767816,9.604331e-05,7.977902e-05,8.24029e-05,9.4153314e-05,6.5764525e-06,0.000101910686,7.6021934e-06,2.6205187e-05,2.7815866e-05,0.00010160418,5.117184e-05,7.270914e-06,0.00011534428,3.6332858e-06,5.355702e-05,1.7826638e-05,8.1979575e-05,0.00018341727,0.00022661487,7.6322714e-05,6.9579546e-05,0.00011833164,8.148804e-05,0.00012184672,7.548299e-05,0.0001133764,0.00017900576,4.9397582e-05,0.00012852604,8.657756e-05,6.759288e-05,3.2733144e-05,4.4851902e-05,0.00010763341,8.6375905e-05,5.3994678e-05,0.00010047249,7.997041e-06,5.888284e-05,0.00010020395,2.833828e-05,0.000111002024,1.4552857e-05,1.9669382e-05,7.054767e-05,3.291925e-05,2.5139707e-05,2.4627374e-05,9.054591e-05,0.00010440275,0.00011517441,5.297965e-06,6.156165e-05,8.5444546e-05,0.00012102284,8.304996e-05,0.0001366056,2.4102914e-05,2.155525e-05,0.00013364805,8.9884325e-06,1.2576908e-05,2.793365e-05,0.000114049755,2.656355e-05,5.7604164e-05,8.7781795e-05,8.85516e-05,9.800274e-05,1.672129e-05,7.3790274e-05,7.621759e-05,5.8178433e-05,1.8445262e-06,5.5469874e-05,0.00020790682,0.0002199364,0.00040948958,6.178301e-05,0.000433021,1.8724713e-05,2.529228e-05,1.0738404e-06,1.2337681e-05,1.9994131e-05,5.9449834e-05,1.6345566e-05,0.00011832347,1.539789e-05,0.00015380803,9.196898e-05,6.596648e-05,1.7804208e-05,1.6799813e-05
6.30945e-05,0.00033134854,8.419455e-05,5.5260134e-06,8.654563e-05,0.00013521254,4.6884717e-05,9.095931e-06,0.00011951369,4.9528335e-05,0.00033407868,8.3029736e-05,0.00020955144,0.00011320432,0.00013074209,3.5156893e-06,3.7001377e-05,0.000120146724,5.0241666e-05,7.651783e-05,4.492251e-05,7.316691e-05,0.00018787454,2.4526944e-05,5.1335483e-06,3.343355e-05,5.2156633e-05,6.9926165e-05,9.209466e-05,6.882764e-05,0.0001433969,0.00012318035,3.3640783e-05,5.339387e-05,7.502285e-05,1.305234e-05,4.0543917e-05,6.858941e-05,2.2686983e-05,0.00011542201,0.00011658504,4.2402313e-05,3.4368062e-05,3.7670998e-06,2.381092e-05,0.00018334165,0.0005795536,2.6973887e-05,4.8615515e-05,8.4360305e-05,9.8586774e-05,2.4936582e-05,1.837873e-05,4.4819724e-05,9.1310885e-06,7.390318e-05,4.2241467e-05,4.2741947e-05,0.00012194835,2.8494916e-05,1.2846846e-05,2.3484079e-05,6.579271e-06,5.5144552e-05,7.448041e-05,3.163563e-05,8.205535e-05,3.3844473e-05,3.818536e-05,2.8793536e-05,4.858925e-06,4.925688e-05,0.000112689435,0.0003196908,4.5581117e-05,0.0001803025,0.0001760583,4.811197e-05,2.7694114e-07,2.6577402e-05,5.862467e-05,2.0127283e-05,7.8722085e-05,2.1198846e-05,2.3982151e-05,2.1189964e-05,4.987543e-05,1.5029927e-06,2.9551943e-06,1.2298251e-05,6.199554e-05,0.00026146715,8.021072e-06,0.00014221118,0.00015972748,7.174846e-05,5.481302e-05,6.2037907e-06,3.1486194e-05,8.127169e-06,4.2320786e-05,1.7841838e-05,9.855155e-06,2.771064e-06,4.914435e-05,1.4661659e-05,6.576639e-06,2.4936784e-05,1.340235e-05,3.6340716e-05,2.5643663e-05,7.231103e-05,7.416894e-05,5.782664e-05,1.7514863e-05,1.5099753e-05,4.4915025e-05,7.7308294e-05,1.9339306e-05,1.7184182e-05,8.452579e-05,5.298723e-05,7.612861e-06,2.7476628e-05,2.2084872e-05,5.0263552e-05,1.1874861e-05,1.7753393e-05,2.546389e-05,3.1273416e-05,1.4611292e-05,1.6412434e-05,3.978955e-05,5.804739e-05,1.8901192e-05,1.3255178e-05,5.2832132e-05,2.4544903e-05,2.6873186e-05,2.0595851e-05,2.8530452e-05,9.110947e-06,1.840379e-05,2.2468976e-07,5.522776e-05,7.3017436e-05,5.372688e-06,1.6795937e-05,3.941896e-05,2.774836e-05,5.919338e-05,1.5182028e-05,1.58547e-05,1.8645997e-05,6.267242e-05,1.0734254e-05,7.434707e-06,2.955113e-06,5.645721e-05,2.790609e-06,1.0257294e-05,2.0612008e-05,4.213937e-05,4.3919106e-05,2.9557512e-05,8.320495e-06,1.8121309e-05,4.1306164e-05,9.352754e-06,6.941207e-06,1.3019238e-05,7.424424e-05,0.00021431419,1.3340006e-05,0.00014868351,3.629659e-05,1.0382284e-05,1.4236546e-05,1.5982889e-05,2.604308e-06,1.5183249e-05,4.6803194e-05,3.7155423e-05,2.8017617e-05,4.9495335e-05,2.4481902e-05,2.1966864e-05,2.6863829e-05,1.7683738e-05
0.0097052455,0.023757165,0.0019152373,0.0086357845,0.00040530117,0.0059311925,0.00637613,0.0069277594,0.009367477,0.007407997,0.027384656,0.0044682887,0.017740933,0.0014352377,0.0066307858,0.016955435,0.008314455,0.00757857,0.00076032884,0.00010314983,0.00017960268,0.0036347925,0.006712184,0.0033905157,0.0012771098,3.9428007e-05,0.0022683684,0.009411266,0.011571989,0.00014063925,0.004987173,0.0015365998,0.0062753265,0.0059296074,0.0001669352,0.0018132786,0.0024688656,0.0047550877,0.0020226792,0.0046369936,0.0013072786,0.0034144951,0.0016204468,0.0027527926,0.0012879318,0.0021406962,0.027088115,0.00067428057,0.004375961,0.010061657,0.0070187263,0.0031540468,4.2818632e-05,0.002770294,0.005505239,0.0033207373,0.0003785193,0.0002933105,0.010295006,0.0056095347,0.0040561478,0.004116027,0.0026154532,0.0031074793,0.002857516,0.0011690382,0.001203147,0.0060791336,0.0012502663,0.0013724446,0.0016357914,0.0023917865,0.0064694397,0.019543009,0.0019934308,0.008073101,0.0031776715,0.005027212,0.0055404594,0.0008050479,0.0011184622,0.0030270002,0.00784765,8.686898e-05,0.0012601757,0.0006343475,0.0015920668,7.470965e-05,0.0015624297,0.0011028501,0.0046140105,0.011579134,0.0023588,0.0026167147,0.004302593,0.008838106,0.006542401,0.0017462596,0.0028087045,0.0017959126,0.0044066245,2.1856249e-05,0.002987274,0.001212584,0.0018305671,0.0003604365,0.0018028213,0.0010936436,0.006545836,0.008113641,0.0012507883,0.013671333,0.0003165304,0.003257682,0.0062526707,0.0017695708,0.003960235,0.0048984136,0.0057879975,0.0005842309,0.0035072025,0.0018528146,0.0014150797,0.004866004,0.004090238,0.002480942,0.0015660059,0.012541057,0.004873733,0.0005214453,0.003228372,0.001667236,0.0072100693,0.009772576,0.00074902724,0.0031813509,0.0020561162,0.00072755595,0.0024766754,0.00054306834,0.0011528868,0.0024944001,0.001368995,0.00088812725,0.0012472367,0.00014629975,0.0017074605,0.0065853912,0.002460353,0.003027753,0.0031397932,0.00020460202,0.0017458729,0.0030416786,0.007461547,0.0008225396,0.0018423861,0.0007597596,0.001504876,0.00051628344,0.0026434232,0.00095984066,0.0011029134,0.0022148835,0.0010779952,0.0007721897,0.006356552,0.0003340587,0.0033577902,0.005741035,0.00040840532,0.0081896875,0.0070577697,0.003220236,0.00054163416,0.000647862,0.006192453,0.011365587,0.0018883054,0.0012423148,0.00014413995,0.0029537193,0.00055040594,0.0006885014,0.0019318475,0.0004339072,0.0049586585,0.004341727,0.00012478612
0.0010940621,0.003194868,0.00017247436,0.0002453455,0.00050256215,0.0017713984,0.00091256807,0.0006758149,0.0021131379,0.00096635736,0.0037672753,4.0590527e-05,0.0021511284,0.0013752341,0.0027222629,0.0005981214,0.0009377652,0.0018918657,5.552068e-05,0.00011364384,0.00034130845,0.0009235438,0.0018915609,0.0004723103,0.00042001624,0.00051197654,0.00014352692,0.00012631156,0.00089396193,0.0006392083,0.000522197,0.0004069739,3.1219835e-05,0.00014993007,0.00024321854,0.00024034955,1.5109748e-05,0.00019714888,0.00021203433,0.0008872401,0.0008028321,0.00018493412,0.00014559092,0.00047510688,0.00019024823,0.0015708104,0.0048512914,6.203045e-05,0.00026426354,0.0010153163,0.0021842082,4.373622e-05,0.000202489,0.0005550539,0.00013860193,0.0007523254,0.00035487878,0.0010537225,0.00086715625,0.00088196824,0.00042123543,0.0004221944,0.00050423894,0.0007943823,0.0011206073,0.00014496702,0.00033852618,0.0005044152,0.00035021632,0.00086565217,0.00027013937,0.0005126966,0.00090318464,0.0026889956,0.00028797012,0.0020663515,0.0023983568,0.0016090261,0.00012894411,0.00048280178,0.00045902672,0.00023402774,0.0008089763,4.6989007e-05,0.0002336662,0.00046460752,0.0005706229,0.00028473616,5.0568167e-05,0.0005263402,0.00015261694,0.0020818138,0.00022806405,0.0005233633,0.0026600782,0.00031210764,0.00040119077,8.2967905e-05,0.00020568617,1.4896519e-05,0.0003851743,1.822154e-05,0.00011106326,0.00012749524,0.00060354086,0.00033019905,4.3626562e-05,0.0005806367,0.00015061564,0.00023517787,0.00026609696,0.00023699211,0.0012312849,0.00090477953,0.00038887834,0.0005165938,0.00023863028,0.0006499573,0.0005428428,0.00049820985,0.00079336006,0.0011121605,0.00050304126,0.00081309373,0.00057255046,0.00047080737,0.00038138815,2.4736712e-05,0.00034973465,0.000120828314,0.00016680174,0.00038385316,5.641584e-05,0.0005861163,0.00063578837,0.00034799468,0.00042744743,6.723855e-05,0.00022821588,0.00055988546,0.00022499061,0.00026141352,2.1980377e-05,0.0005190122,0.0004460096,0.0005926282,6.672636e-05,0.00016344982,0.00049061194,0.00038581464,0.0006773005,0.0006878588,0.00027295487,0.00017685207,0.00070024875,0.00015234279,4.0361894e-05,9.8118275e-05,0.0007262154,0.00014748235,0.0002653046,0.0003761081,0.0005360612,0.00055536325,0.00022939687,0.00047768292,0.0003209777,1.41860655e-05,0.00020827653,0.0006450498,0.00094765297,0.0014038186,0.0026142146,0.00015574759,0.0026261765,0.00010509917,0.00010390747,2.7675458e-05,0.000119958495,0.00020924915,0.00047381344,9.7987795e-05,0.0005534627,7.4378884e-05,0.00075420976,0.00041811334,0.00038867845,0.0004814869,2.4640845e-05
2.8735922e-05,0.00020600637,9.2208666e-07,4.218585e-05,7.7326054e-05,1.457006e-05,3.301861e-05,3.940196e-05,1.1354056e-05,2.6747459e-05,0.0002092375,2.5965704e-05,9.608184e-05,4.3702163e-05,1.9535692e-05,2.6271115e-05,3.2560634e-05,2.3668676e-06,2.8858241e-05,6.67373e-05,7.201719e-06,1.0748317e-05,7.3522366e-05,2.1069109e-06,5.0058534e-06,8.660032e-06,4.7704543e-07,3.2602922e-05,6.255983e-05,2.9908004e-05,9.9078876e-05,1.7925842e-05,7.647378e-05,1.18517255e-05,5.0064853e-05,1.0787875e-05,1.3240739e-05,5.382564e-05,3.7230042e-05,6.049176e-05,7.556082e-07,2.2915408e-05,8.262042e-06,7.153638e-06,3.3180863e-06,4.8274585e-05,0.00027132095,2.021336e-05,2.4210593e-05,1.1184817e-05,3.2209067e-05,2.7931583e-05,1.3814966e-05,1.7140432e-05,3.5925514e-05,1.1861837e-05,4.0176303e-05,1.3795713e-05,8.8091176e-05,4.8534082e-05,2.5248384e-05,8.5521115e-06,1.5894859e-05,1.0405349e-05,2.7516035e-05,3.4762346e-05,4.827931e-05,2.5454992e-06,1.1966194e-05,1.2150184e-06,8.819276e-06,2.7310774e-05,5.5550878e-05,0.0001467013,3.8625603e-06,6.98927e-05,5.994025e-08,1.6687487e-05,1.7215305e-05,1.5165565e-05,1.2662087e-05,8.557208e-06,5.76628e-05,2.0727794e-06,1.8546947e-05,3.0605872e-05,2.0917909e-05,3.3600697e-06,3.8747476e-07,1.3083049e-05,5.6708137e-05,8.231218e-05,7.76158e-05,2.9102683e-05,6.345971e-05,0.00011893304,8.638684e-06,3.822812e-05,4.8878837e-06,6.394698e-06,4.1415828e-05,4.035072e-06,2.0911839e-05,4.203319e-05,4.8415086e-06,1.7001526e-05,5.4712195e-06,1.8480122e-06,7.5781e-05,3.928768e-06,1.4664729e-06,4.6806792e-05,2.855367e-05,3.531918e-05,3.289497e-05,2.3074808e-05,3.0356925e-05,6.124693e-05,3.3756896e-05,1.0466739e-05,5.193879e-05,7.1292074e-05,2.44747e-05,1.1267643e-05,6.503371e-06,6.650838e-06,1.9170126e-05,8.3625084e-05,5.734966e-05,2.451865e-05,1.4284624e-06,4.2457223e-06,4.035452e-06,3.4358185e-05,3.398098e-05,1.547314e-05,1.1861478e-05,2.3591463e-05,1.3429146e-05,1.8180903e-05,1.4061972e-05,4.2818365e-06,1.9552637e-05,2.1812139e-06,1.28881875e-05,7.5777834e-06,2.7436308e-05,7.1431587e-06,2.7684737e-05,2.815128e-05,4.6196128e-05,2.0411057e-05,4.7835374e-06,7.860382e-06,7.010852e-05,9.835003e-06,1.8405839e-05,3.5634705e-05,8.555353e-06,8.82476e-06,1.3946974e-06,3.8484877e-06,3.436005e-05,3.144968e-05,4.33323e-06,2.9028839e-05,5.3645505e-05,1.51157565e-05,2.1059986e-07,2.1629763e-05,4.569813e-05,1.652029e-05,6.04309e-05,3.5730198e-05,2.0418975e-07,2.4868164e-05,0.00010714118,1.5285521e-05,5.9568538e-05,2.5263951e-05,2.9548915e-05,1.0022779e-05,2.1174701e-05,1.5756724e-06,4.1029813e-05,4.7215262e-06,6.3347816e-06,1.6812897e-05,3.1198302e-05
1.2053699e-06,4.1688796e-05,1.3282414e-05,1.0636026e-05,2.1586247e-06,6.8185943e-07,6.020714e-06,5.3636136e-06,3.3814486e-06,3.677203e-06,3.9306422e-05,1.3446827e-05,2.1567737e-05,3.942795e-06,1.660287e-05,5.1594293e-07,7.050749e-06,3.6842494e-06,4.03826e-06,8.4255935e-06,1.3242038e-06,9.185865e-07,2.9828225e-06,1.7522061e-06,2.6851594e-06,5.3702806e-06,2.9741165e-07,8.23205e-06,9.596367e-06,4.835935e-06,1.4245671e-05,1.3417625e-06,1.6026883e-05,3.1325928e-06,8.898485e-06,3.0404458e-06,7.232999e-06,1.0919851e-05,2.0260698e-06,7.7815e-06,4.18787e-06,5.500413e-06,2.2700845e-06,5.177657e-06,5.102702e-07,1.056711e-05,3.2032527e-05,1.6934395e-06,3.843056e-06,1.2740697e-05,1.8003527e-06,1.5750459e-06,5.304738e-06,2.600491e-06,1.744336e-06,3.9736797e-06,8.588912e-06,9.832213e-06,1.1663244e-05,2.7810509e-06,5.300877e-06,8.221476e-07,1.4807871e-06,1.3645226e-06,1.1479957e-06,3.7470209e-06,5.563647e-06,1.0861693e-05,5.721106e-06,4.57332e-06,1.9780282e-07,1.7902275e-07,1.00624275e-05,2.561669e-05,1.4328389e-06,2.8256495e-06,3.835222e-06,1.2574494e-06,8.8027036e-08,2.7140359e-06,3.2106873e-06,3.4786315e-06,1.5009888e-05,2.8308687e-06,3.1083664e-06,2.059395e-07,1.0175262e-06,1.8067847e-06,1.3855719e-06,2.6895298e-06,1.0712283e-05,2.4108282e-05,2.0865002e-05,1.9752315e-06,7.5081143e-06,2.1389253e-05,7.222372e-06,2.8815698e-06,2.3037628e-06,1.6597471e-07,1.369517e-05,7.640114e-07,4.305661e-06,2.6230298e-06,2.9735327e-07,2.25138e-06,1.823465e-06,1.931291e-06,4.499666e-06,3.156804e-06,1.5273756e-05,7.245805e-06,1.13965325e-05,8.67607e-06,5.858221e-06,5.178633e-06,6.3876814e-06,5.8547243e-06,9.032361e-06,3.904591e-06,2.2469017e-06,1.2901616e-05,1.4648992e-06,1.995888e-06,4.62583e-06,6.233627e-06,3.2207495e-06,9.961704e-06,7.852538e-06,2.6147266e-06,1.0426667e-05,1.0733133e-05,2.1237802e-06,4.4754934e-06,7.9697775e-06,4.1317703e-06,1.0260159e-05,6.090828e-06,6.311084e-06,3.7567488e-06,9.212488e-08,1.7608335e-06,5.6089493e-06,3.8606195e-06,3.289377e-07,1.5902942e-05,1.2058214e-05,2.3242933e-06,1.0806088e-05,1.17567615e-05,6.13649e-06,8.179398e-06,1.7483848e-06,1.4815237e-06,1.720248e-05,3.4689046e-07,3.5505293e-06,1.5063574e-07,9.376404e-07,1.828736e-06,1.3865955e-06,3.5141002e-06,4.6395885e-06,3.4277941e-06,5.8226954e-07,1.3771601e-06,1.8351524e-05,4.090276e-06,1.8232561e-06,1.2184167e-06,4.986684e-06,8.986343e-06,4.201479e-08,4.901621e-06,2.9429466e-06,2.6055286e-06,3.844889e-05,7.2744315e-06,1.0348494e-05,2.1224423e-08,3.442134e-06,1.1436134e-06,1.0012484e-06,2.3839918e-06,3.99993e-07,1.9473823e-06,3.0003066e-06,2.6578919e-06,1.976002e-06
0.00030569654,0.0009243289,0.0003963662,0.00013912286,8.6144966e-05,0.0009748057,9.278757e-05,4.4955232e-07,0.0002971696,0.00038407336,0.0011150176,0.00042254495,0.00029721393,0.0002217184,0.0011800148,3.143787e-05,0.00014707215,0.00026039052,7.923508e-05,2.1736781e-05,0.00014692204,0.00027802258,0.00039539553,6.2528714e-05,0.00015139725,7.6467e-05,8.923262e-05,6.349481e-05,0.00022468434,0.00022849833,0.0002477478,6.903212e-05,0.00013159751,5.7376878e-05,8.434028e-05,9.7008015e-06,3.3310134e-05,0.00011223394,6.0082122e-05,0.00020254776,0.00010183364,0.00015220368,2.048765e-06,0.00010317326,2.1676105e-05,0.00034357884,0.0010840729,4.33252e-06,4.5806413e-05,0.00045293634,0.0008286095,0.000132715,0.00014327545,9.656034e-05,0.00010997598,4.8882757e-05,0.00018602851,0.00018877332,0.000100692705,2.5882802e-05,0.00010194284,1.3477791e-05,7.00233e-05,0.00030353628,0.00035020337,5.736578e-05,0.00010825365,6.0520084e-05,6.922489e-05,0.00013770803,0.00013588338,1.09535395e-05,0.00020974038,0.000664611,0.00019294742,0.00045263086,0.0006056778,0.00045922297,6.238347e-05,2.9502517e-05,7.862339e-05,8.9736786e-05,0.00019597363,1.1458068e-05,6.845193e-05,3.423528e-05,0.00024808137,6.806549e-07,1.3126364e-05,0.00012557722,5.1784227e-05,0.0005221488,0.0001353565,2.8895362e-05,0.0007220926,2.506328e-05,6.198365e-05,0.00016297458,0.00011268631,3.2021097e-05,0.00011243586,3.7628895e-05,3.076059e-05,1.3790533e-05,0.0002859011,2.3192311e-05,3.923325e-05,0.00010148749,3.2374006e-05,8.529762e-05,0.000120046876,9.992071e-06,9.502888e-05,0.0002033118,6.330763e-05,5.8854515e-05,4.274588e-05,0.00015905876,0.00011733656,6.5656786e-05,0.00020763517,7.817547e-05,0.00023769953,0.00017492246,2.0827278e-05,0.00023765146,7.756604e-05,1.31277575e-05,0.00017729486,1.7409024e-05,7.1976065e-05,0.00015431659,5.3250005e-05,4.2247782e-05,0.00013692409,7.8536046e-05,9.026776e-05,1.7929668e-05,4.576247e-05,9.365514e-05,0.00014483267,0.00012965297,1.3405928e-05,9.883296e-05,9.414181e-05,0.000138859,0.00011010988,2.6771617e-05,2.492855e-05,0.000110334324,0.00017614721,0.000121033256,3.9120223e-05,7.946692e-05,0.0002183554,1.1833408e-06,1.2307373e-05,2.1171003e-05,0.0003307858,7.914041e-06,4.2901185e-05,7.3049545e-05,0.00010391274,0.00016839235,7.390228e-05,0.00012910059,3.786247e-05,3.488968e-05,9.623653e-05,7.6277334e-05,9.296699e-05,0.0004104139,0.00034655805,0.000364973,0.000369326,0.00024387358,5.424573e-05,0.0001168374,0.000130998,2.6015805e-05,0.00013291903,3.1364387e-05,0.00013012011,6.06193e-05,0.00012613162,0.00025180128,1.2547589e-05,4.6464906e-05,3.111739e-05
0.0008437406,0.0030631532,0.0014252394,0.00036710792,0.0009200092,0.0016104463,0.00078635715,0.00050942966,0.00091698405,0.0001921872,0.0036342966,0.000693018,0.0024746903,0.0017235011,0.0015833224,0.0004865889,0.0012421748,0.00030802767,0.00016195944,0.000471718,7.7765624e-05,0.0010102352,0.0014980098,2.4334739e-05,0.00014508764,0.00027658805,0.00045237152,0.0002762937,0.0007926853,1.7126702e-05,0.0010248952,0.0008636822,0.0012965535,0.00022415434,0.00073262875,8.164846e-05,0.00033342492,0.0008732748,1.2543958e-05,0.001078463,0.00050116464,0.000512806,0.00013112507,0.00038003974,1.859705e-05,0.0017995384,0.005118776,0.00085497,0.00019440979,0.0011626076,0.001677991,0.00035072136,0.00018747943,0.0005007602,0.0009819107,0.00055570994,0.00023081631,0.00041715102,0.0008727349,0.00030798986,0.00038897112,0.00063548586,0.00017674733,0.0005637068,0.0012766306,6.144127e-05,0.0009895614,0.0005368724,0.00037592015,0.0001004638,0.00043315598,0.00021055064,0.0010709567,0.0031146056,0.0006378465,0.0017568902,0.0016385297,9.308196e-05,1.1203752e-05,0.0002221701,0.00046446003,0.00029002226,0.0007878485,0.00014980497,0.0004323728,0.0002514274,0.0006538345,6.744966e-05,0.00015276442,7.923569e-05,0.0009442496,0.00237414,0.00024077689,0.0011165413,0.0011725192,0.00092701823,0.00040684518,0.0006401327,0.0001743732,0.00030848075,0.00021715231,0.00013542824,0.0003482806,2.8832837e-05,0.00039685334,6.6765e-05,0.00034009208,0.0003066266,0.0009774031,4.1781168e-05,1.2027478e-05,0.0005740246,0.000106152314,8.091808e-05,0.00015073677,6.346781e-05,0.00073476596,0.00040081583,0.0003917039,5.6178018e-05,0.00043003718,0.00021045237,0.0003747326,7.176205e-05,0.00015610715,3.0955212e-05,6.188346e-05,0.0003378703,0.000335904,0.00014769204,9.286196e-06,0.0003829599,0.00038328298,2.5669113e-05,0.0001207296,0.00080610684,0.00034162082,8.481293e-07,0.00010800435,0.00015659575,9.666606e-05,0.00032119424,5.0980205e-05,0.00016581826,0.0002611612,0.00026906747,0.00015480517,0.0004884237,0.00032847244,4.3372715e-05,0.0005159796,6.872747e-05,0.00054864865,0.00041722134,0.0006200812,0.00013666585,0.000117421514,8.3084946e-05,0.0007193388,0.00025112554,0.000111411704,8.432257e-05,0.0004535678,0.0005893102,0.00063034584,0.000104832805,0.00020659891,0.0007591703,0.00037124698,0.00016191415,0.00015723241,0.00059139787,0.00093922263,0.0014503701,0.0007594261,0.0011308363,0.00067590456,5.1399453e-05,0.00018151812,0.0002899794,0.00089598785,0.00030805462,0.00016568798,0.00039417553,0.0003435339,0.0004691673,2.9947507e-05,0.0002389583,0.00022300835
0.0,0.0,0.0,0.0,0.0,0.0,0.0,0.0,0.0,0.0,0.0,0.0,0.0,0.0,0.0,0.0,0.0,0.0,0.0,0.0,0.0,0.0,0.0,0.0,0.0,0.0,0.0,0.0,0.0,0.0,0.0,0.0,0.0,0.0,0.0,0.0,0.0,0.0,0.0,0.0,0.0,0.0,0.0,0.0,0.0,0.0,0.0,0.0,0.0,0.0,0.0,0.0,0.0,0.0,0.0,0.0,0.0,0.0,0.0,0.0,0.0,0.0,0.0,0.0,0.0,0.0,0.0,0.0,0.0,0.0,0.0,0.0,0.0,0.0,0.0,0.0,0.0,0.0,0.0,0.0,0.0,0.0,0.0,0.0,0.0,0.0,0.0,0.0,0.0,0.0,0.0,0.0,0.0,0.0,0.0,0.0,0.0,0.0,0.0,0.0,0.0,0.0,0.0,0.0,0.0,0.0,0.0,0.0,0.0,0.0,0.0,0.0,0.0,0.0,0.0,0.0,0.0,0.0,0.0,0.0,0.0,0.0,0.0,0.0,0.0,0.0,0.0,0.0,0.0,0.0,0.0,0.0,0.0,0.0,0.0,0.0,0.0,0.0,0.0,0.0,0.0,0.0,0.0,0.0,0.0,0.0,0.0,0.0,0.0,0.0,0.0,0.0,0.0,0.0,0.0,0.0,0.0,0.0,0.0,0.0,0.0,0.0,0.0,0.0,0.0,0.0,0.0,0.0,0.0,0.0,0.0,0.0,0.0,0.0,0.0,0.0,0.0,0.0,0.0,0.0,0.0,0.0,0.0,0.0,0.0,0.0,0.0,0.0,0.0
0.0,0.0,0.0,0.0,0.0,0.0,0.0,0.0,0.0,0.0,0.0,0.0,0.0,0.0,0.0,0.0,0.0,0.0,0.0,0.0,0.0,0.0,0.0,0.0,0.0,0.0,0.0,0.0,0.0,0.0,0.0,0.0,0.0,0.0,0.0,0.0,0.0,0.0,0.0,0.0,0.0,0.0,0.0,0.0,0.0,0.0,0.0,0.0,0.0,0.0,0.0,0.0,0.0,0.0,0.0,0.0,0.0,0.0,0.0,0.0,0.0,0.0,0.0,0.0,0.0,0.0,0.0,0.0,0.0,0.0,0.0,0.0,0.0,0.0,0.0,0.0,0.0,0.0,0.0,0.0,0.0,0.0,0.0,0.0,0.0,0.0,0.0,0.0,0.0,0.0,0.0,0.0,0.0,0.0,0.0,0.0,0.0,0.0,0.0,0.0,0.0,0.0,0.0,0.0,0.0,0.0,0.0,0.0,0.0,0.0,0.0,0.0,0.0,0.0,0.0,0.0,0.0,0.0,0.0,0.0,0.0,0.0,0.0,0.0,0.0,0.0,0.0,0.0,0.0,0.0,0.0,0.0,0.0,0.0,0.0,0.0,0.0,0.0,0.0,0.0,0.0,0.0,0.0,0.0,0.0,0.0,0.0,0.0,0.0,0.0,0.0,0.0,0.0,0.0,0.0,0.0,0.0,0.0,0.0,0.0,0.0,0.0,0.0,0.0,0.0,0.0,0.0,0.0,0.0,0.0,0.0,0.0,0.0,0.0,0.0,0.0,0.0,0.0,0.0,0.0,0.0,0.0,0.0,0.0,0.0,0.0,0.0,0.0,0.0
6.524402e-06,6.504658e-05,3.2242104e-05,7.323782e-06,1.4358628e-05,3.0164796e-05,3.2446462e-06,6.083019e-06,4.954929e-06,3.9955125e-07,7.5215175e-05,4.0527677e-05,2.923647e-05,1.4372543e-05,3.2673554e-05,1.570905e-05,7.2756648e-06,7.36628e-07,2.4456185e-06,8.372466e-06,1.1589884e-07,2.4851277e-05,2.069111e-05,9.960981e-06,3.0868725e-06,3.6428955e-06,3.6036197e-06,1.1701495e-06,1.3928227e-05,1.4479655e-05,1.3656652e-05,2.1798911e-07,1.4164819e-05,2.7538636e-06,7.3647134e-06,9.547608e-07,1.4548623e-06,9.072883e-06,1.637716e-06,1.3718509e-05,6.7024703e-06,3.5851194e-06,6.7954234e-06,1.2357526e-06,4.83551e-06,1.8234108e-05,5.9527883e-05,3.202563e-06,7.547621e-06,1.1049313e-05,1.6631055e-05,1.2185901e-05,6.5552526e-06,9.390026e-06,4.5529264e-06,1.52261655e-05,5.1284574e-06,9.4723555e-07,3.2275213e-06,8.761145e-06,1.3243431e-05,2.406436e-06,2.084451e-06,1.3793828e-05,1.0863974e-05,8.058501e-06,1.2287672e-05,3.1841844e-06,7.5771623e-06,1.3553807e-06,2.5505128e-06,4.1218927e-06,8.803618e-06,3.8285707e-05,5.303831e-06,3.0707284e-05,1.34627235e-05,1.3147451e-05,1.3195355e-05,9.100895e-06,8.4419037e-07,2.4638928e-06,1.8732466e-05,2.574253e-06,4.080793e-06,3.426554e-06,1.0132594e-05,1.273844e-06,9.527181e-07,3.1554719e-06,1.8062943e-05,3.6325375e-05,2.1412932e-05,2.9574815e-06,1.09383245e-05,2.0408443e-05,9.282928e-06,9.358646e-06,5.179189e-06,2.7366843e-06,1.2874665e-05,3.8389185e-06,1.843094e-06,8.638783e-06,1.0236236e-05,8.03846e-07,1.8536381e-06,3.1517814e-06,6.850375e-06,8.37898e-06,5.761746e-06,7.642008e-06,6.8154504e-06,8.382196e-06,1.2302029e-05,1.2857512e-05,2.1459227e-06,4.2868937e-06,1.3537092e-05,4.1389512e-08,5.0787476e-06,4.0531067e-06,4.1109083e-06,3.5507028e-06,7.236385e-06,1.3153319e-05,4.762668e-06,1.0041032e-06,2.432125e-06,1.0674887e-05,5.313794e-06,2.7522747e-06,4.4063745e-07,4.5929964e-06,8.073845e-06,2.7707918e-06,9.537833e-06,3.5794192e-06,5.332481e-08,5.433534e-06,5.9445456e-06,3.1697832e-06,7.186527e-06,3.6860272e-06,4.9531227e-06,1.6426415e-05,6.8439304e-06,3.3930828e-06,1.1734211e-05,1.7636718e-05,9.6400045e-06,4.2787434e-07,1.1558426e-06,8.4544445e-07,1.879327e-05,2.1680609e-07,8.5194256e-07,1.0779383e-05,1.1803391e-05,3.3956242e-06,2.1630326e-06,1.6318252e-06,5.964555e-06,5.3986614e-06,3.6514607e-06,1.7684758e-06,6.0792145e-06,4.493055e-06,3.0331498e-06,9.319725e-07,3.81041e-06,2.9162056e-05,1.6081993e-05,2.3223972e-06,6.5300237e-06,1.5312007e-05,3.548219e-06,1.2006226e-06,6.4148003e-06,5.539554e-06,6.4049677e-06,1.6603105e-06,8.519756e-06,9.157813e-06,3.0463564e-06,7.5489615e-06,1.1315431e-06,1.0900589e-05,1.2675112e-06
0.1534335,0.124493666,0.0021970868,0.102210335,0.12768297,0.21588622,0.060657058,0.012937528,0.031236526,0.18613887,0.17533825,0.009538522,0.05059194,0.2554378,0.23914246,0.07061111,0.028261203,0.02731386,0.0034299255,0.024921205,0.0062567834,0.063164525,0.05988324,0.085825555,0.039556723,0.05183356,0.007481446,0.041206487,0.06439745,0.0009469562,0.022762269,0.014144713,0.06734947,0.05911885,0.029725999,0.03414798,0.04018148,0.061484315,0.0025983574,0.0076687355,0.042087592,0.09658913,0.03870584,0.036443066,0.040507585,0.028863331,0.17292362,0.05595821,0.102879226,0.14463821,0.2532166,0.042400107,0.05016972,0.023454832,0.005802024,0.03614176,0.0011779834,0.017492782,0.04151598,0.033102483,0.086537905,0.07786855,0.011012704,0.032419205,0.054397695,0.026339395,0.03404894,0.06075418,0.09701609,0.051924877,0.021416873,0.0014974196,0.029637314,0.06705687,0.040952235,0.06336845,0.11207138,0.1444822,0.0143333785,0.032405674,0.0031258836,0.017904155,0.0032588635,0.0040195724,0.0032658558,0.06288663,0.07324977,0.020325743,0.0014748538,0.017838502,0.06895643,0.052017428,0.027098723,0.06885855,0.15907755,0.07440144,0.05528648,0.10775024,0.0051909294,0.022064146,0.0043591536,0.025648683,0.016065063,0.037021007,0.029945644,0.033116564,0.0019356429,0.02666205,0.12821442,0.0284612,0.009015564,0.0098858345,0.095113076,0.12326409,0.038676165,0.11013841,0.118032,0.038853403,0.05479602,0.07312023,0.013579011,0.09982677,0.055794097,0.07766863,0.011587703,0.010179805,0.05059665,0.0033864526,0.086915776,0.034813434,0.03477779,0.06209675,0.029719489,0.01276188,0.055892996,0.03034422,0.02136388,0.010360161,0.025161102,0.114534475,0.06877854,0.008729322,0.037988335,0.026225595,0.03913226,0.0052168327,0.05059337,0.047446568,0.081550434,0.022862298,0.0471441,0.010573383,0.024888871,0.02017904,0.0039202045,0.010178697,0.0063763573,0.04202712,0.053403806,0.009444658,0.02074835,0.017197764,0.050096583,0.10482821,0.047883883,0.018941045,0.02582345,0.06863908,0.044448007,0.011340598,0.013869451,0.023203636,0.18309045,0.046935555,0.054280706,0.043431062,0.11760757,0.013312254,0.052766718,0.054363556,0.018036071,0.008629508,0.024654277,0.0010833163,0.010500556,0.0970452,0.028583424,0.053646445,0.015753828
1.8963507e-05,0.00014599338,0.00035125675,1.3026904e-05,0.0001890939,0.00044804678,0.00013324601,5.974011e-05,0.00016182839,2.572104e-05,6.585426e-05,0.0003253093,0.00016447828,0.000510262,0.00047947423,4.1771753e-05,1.3717945e-05,6.279803e-05,5.6093748e-05,4.8969006e-05,0.00013180696,4.5609777e-06,1.1096821e-05,7.748915e-05,5.7139077e-06,2.9221299e-05,3.997544e-05,0.0002096317,3.452951e-05,1.9210533e-05,1.3093941e-06,6.3225285e-05,0.00016268101,8.215086e-05,2.8825561e-05,0.000101105135,5.851925e-05,2.6775022e-05,9.8860946e-05,2.2040877e-07,0.00014605446,0.00014513468,4.5898552e-05,6.463587e-05,1.2483815e-05,0.00013799476,0.00020914676,0.00032784103,0.0001376275,0.00025175564,6.917627e-05,0.00014846171,5.6265602e-05,9.1653455e-05,4.187547e-05,1.2827784e-05,2.3155815e-05,0.00011241324,0.00013564598,0.00027311785,0.0001466335,3.0259602e-05,6.659626e-05,2.6670383e-05,5.761528e-06,1.7379429e-05,7.2942596e-05,3.2087148e-05,5.2617153e-05,2.5070207e-05,1.713811e-06,7.8332014e-05,2.0947777e-05,9.007707e-06,0.00014350358,0.00021177437,0.00017315868,0.000114566654,3.9746403e-05,5.345027e-05,7.40589e-05,1.3035247e-05,1.38933465e-05,1.5120676e-05,7.666872e-06,9.7048556e-05,0.00013176269,1.967372e-05,5.800127e-05,9.747476e-06,2.1401302e-06,0.00018235302,4.2770138e-05,0.0005797546,0.00046496993,7.1521885e-05,6.796517e-05,6.519521e-05,6.0673603e-05,1.5179638e-05,7.024365e-05,1.438967e-05,7.3038686e-06,5.9001053e-05,0.00010305575,6.515028e-05,3.8006267e-05,1.7841245e-05,0.00017718914,2.8903485e-05,0.0002411857,0.00024286442,0.00011801913,0.00011508897,6.764122e-05,0.00020967858,8.2745784e-05,0.00014577148,1.7581642e-05,5.1535848e-05,3.211334e-05,0.000102280595,7.719493e-05,2.7198548e-05,7.518111e-05,2.8827235e-06,0.00017024027,6.234591e-05,2.3941899e-05,8.030044e-05,7.2415874e-05,1.13347905e-05,9.3872804e-05,4.750392e-05,0.00014796059,0.00014743612,8.8144356e-05,1.994743e-05,5.1716477e-05,0.00017736136,0.00014113807,8.4095256e-05,6.340459e-05,3.8208625e-05,0.00016507086,0.00011674226,0.00016717029,1.5429432e-06,6.6546316e-05,0.0001477065,0.00015910773,8.0595775e-05,7.7387434e-05,1.200788e-05,6.9874564e-05,4.563231e-05,2.7396683e-05,9.034487e-05,0.00012545247,4.8907914e-05,1.8858807e-05,9.507942e-06,0.00010608841,1.2597355e-05,6.916227e-05,0.00012336382,5.2666906e-05,4.150939e-05,5.55187e-05,4.5780536e-05,5.482062e-05,7.210609e-05,0.0001866768,0.00013891309,0.00026983142,0.00022585253,7.5937714e-05,7.6800294e-05,4.5966124e-05,3.694814e-05,4.470325e-05,8.2022205e-05,1.2489337e-05,9.086872e-05,0.00013056782,0.00022715222,4.3510947e-05,0.00010016986,1.3751102e-05
4.8817174e-06,4.3826626e-06,3.1022491e-06,3.6937763e-07,8.064532e-06,3.9072333e-06,5.5382793e-07,4.0552227e-06,7.0204233e-06,8.06403e-07,1.2072743e-05,1.5367856e-06,2.412184e-06,3.6794393e-07,7.6381804e-07,2.5477677e-06,7.05784e-06,4.3420896e-06,4.2449773e-07,1.0191909e-06,2.3187504e-06,2.6251107e-07,1.8258108e-06,6.0588997e-07,5.391195e-07,2.7260687e-06,8.9777916e-07,6.583242e-06,1.1665259e-05,1.2514384e-06,4.756982e-07,5.104436e-06,3.691912e-06,2.123043e-06,6.9705325e-06,7.6573485e-07,1.8073263e-06,3.4724603e-06,7.0083604e-07,1.710452e-07,1.0550009e-07,3.950975e-06,1.5500749e-06,4.5114034e-06,2.981969e-06,5.6326116e-06,5.4175202e-06,9.025289e-06,9.784841e-06,1.3820196e-06,9.0633705e-08,5.19617e-06,7.7929435e-06,9.879727e-07,2.3776693e-07,6.999614e-06,1.4083643e-06,9.1524544e-07,3.8880885e-06,1.0198153e-06,1.7721443e-06,1.2553042e-05,1.8733351e-06,3.6424674e-06,1.3065928e-06,3.0290537e-06,2.9744642e-06,4.149353e-06,1.839027e-06,6.577826e-07,1.5761829e-06,2.4829735e-06,5.5321398e-06,2.1785631e-06,4.4612148e-06,8.2424265e-08,6.8374056e-06,2.2763752e-06,1.0044555e-06,6.1536102e-06,3.0580486e-07,1.6055748e-06,3.5703526e-06,1.2198102e-06,9.510033e-07,2.3053092e-06,1.0427163e-06,8.22786e-07,1.113923e-06,1.6428548e-06,5.1768548e-06,8.4343355e-06,3.850052e-06,4.414323e-06,3.8396943e-06,5.650864e-06,4.4783883e-07,8.630271e-06,9.273681e-07,1.721153e-06,1.0016421e-06,2.8847245e-07,5.3435656e-09,3.655543e-06,8.819594e-07,8.484492e-07,2.0153336e-06,9.576429e-07,6.068429e-06,9.282137e-06,3.209849e-06,5.6803574e-06,8.923009e-06,2.0435762e-06,4.0983537e-06,2.1364758e-06,8.296655e-07,4.4309545e-06,2.2790607e-06,3.1566792e-06,7.594193e-08,1.6605138e-06,7.47464e-07,5.475389e-07,1.268817e-06,3.65262e-06,1.0809607e-06,1.0819089e-05,1.0303687e-06,4.7430666e-07,5.3030585e-06,2.9373277e-06,1.6836137e-06,9.202189e-07,3.285644e-07,2.711743e-06,7.3499305e-06,5.211612e-07,2.2419838e-06,1.8416847e-07,1.5413009e-06,1.2809448e-07,1.925338e-06,3.4920022e-06,1.5550761e-06,4.114679e-06,2.6717169e-07,9.390225e-07,9.877655e-08,4.0438536e-06,8.0979265e-07,2.5181607e-06,1.5987908e-06,2.0787625e-06,2.2867434e-06,2.9237856e-07,7.0766595e-07,2.564857e-06,5.8736777e-07,5.215529e-07,1.1206457e-06,1.4989337e-06,3.9013105e-07,2.7496726e-06,1.9523352e-06,5.4038196e-09,6.916552e-07,4.3811966e-07,5.4603447e-07,2.1979624e-06,3.7403536e-06,4.339425e-07,7.656121e-06,1.762761e-07,1.3019496e-06,5.762961e-07,5.567508e-07,6.284928e-06,1.0489531e-05,2.5247118e-06,1.5775603e-06,3.9558895e-06,4.136661e-06,4.9307387e-06,1.9689428e-06,2.3458883e-06,1.7678211e-06,2.0299196e-06,8.4048304e-07
0.0,0.0,0.0,0.0,0.0,0.0,0.0,0.0,0.0,0.0,0.0,0.0,0.0,0.0,0.0,0.0,0.0,0.0,0.0,0.0,0.0,0.0,0.0,0.0,0.0,0.0,0.0,0.0,0.0,0.0,0.0,0.0,0.0,0.0,0.0,0.0,0.0,0.0,0.0,0.0,0.0,0.0,0.0,0.0,0.0,0.0,0.0,0.0,0.0,0.0,0.0,0.0,0.0,0.0,0.0,0.0,0.0,0.0,0.0,0.0,0.0,0.0,0.0,0.0,0.0,0.0,0.0,0.0,0.0,0.0,0.0,0.0,0.0,0.0,0.0,0.0,0.0,0.0,0.0,0.0,0.0,0.0,0.0,0.0,0.0,0.0,0.0,0.0,0.0,0.0,0.0,0.0,0.0,0.0,0.0,0.0,0.0,0.0,0.0,0.0,0.0,0.0,0.0,0.0,0.0,0.0,0.0,0.0,0.0,0.0,0.0,0.0,0.0,0.0,0.0,0.0,0.0,0.0,0.0,0.0,0.0,0.0,0.0,0.0,0.0,0.0,0.0,0.0,0.0,0.0,0.0,0.0,0.0,0.0,0.0,0.0,0.0,0.0,0.0,0.0,0.0,0.0,0.0,0.0,0.0,0.0,0.0,0.0,0.0,0.0,0.0,0.0,0.0,0.0,0.0,0.0,0.0,0.0,0.0,0.0,0.0,0.0,0.0,0.0,0.0,0.0,0.0,0.0,0.0,0.0,0.0,0.0,0.0,0.0,0.0,0.0,0.0,0.0,0.0,0.0,0.0,0.0,0.0,0.0,0.0,0.0,0.0,0.0,0.0
0.00010493756,0.00033110025,0.0010357826,0.00015266295,9.786717e-05,0.0001722415,0.00021556093,0.00021333531,0.00043784222,0.0002732787,6.42373e-05,0.0008803417,0.0001439681,0.0005403754,0.00012983901,0.0001927885,0.00037474866,0.00040237914,5.8162426e-05,0.00011431261,0.000349353,0.00049075024,0.00030994063,0.00012856963,0.00017757041,0.00023138494,7.954722e-05,2.4660018e-05,0.00031370556,0.00019423956,0.00018300598,0.00037781696,0.00039190523,0.0004891239,1.8175258e-05,7.460662e-05,0.00016311141,0.00012555803,0.00032387572,0.00041702768,0.00043610175,0.00019156856,0.00010224685,0.00020323541,0.00011544062,0.00092660426,0.0006757514,0.0011566608,0.00022280947,2.5198766e-05,0.00014807857,0.00030211575,0.00032914407,0.00034413498,0.00027850491,0.00035328325,0.00010484581,0.0009114592,2.8859999e-05,0.00010266768,0.00021028769,0.00024774394,0.0001669977,3.8659713e-05,0.00013898454,0.00011526134,0.00060474826,0.00030118352,0.00014192556,5.0843133e-05,2.1207767e-05,8.73509e-05,0.00017547514,0.00028796878,0.0010879482,0.0003502849,0.00045013195,7.7884106e-05,3.6239377e-05,0.00010252901,0.0003214522,0.00010374327,0.00022846131,0.00034754555,7.480958e-05,2.8819217e-05,5.629019e-05,0.00015892906,9.950301e-05,4.166913e-05,7.908947e-05,0.0010122648,0.00094102946,0.0005488157,5.2661795e-05,8.8504974e-05,0.00046049114,0.00023262044,0.000115374605,2.366464e-05,0.000108445696,0.00025745804,9.7988894e-05,2.3874385e-05,5.6086537e-05,0.00020705734,4.1549956e-05,4.5485434e-05,0.00036129385,0.00015746192,0.0002762741,1.7174818e-05,0.00011618072,0.00013747408,0.00028998975,9.304479e-05,0.00018247656,2.0595267e-05,0.00014004513,0.0003194859,9.453732e-05,0.0001046698,4.1324263e-05,0.00018804804,8.393635e-05,0.00011051622,0.00016083645,0.0002824263,0.0004867124,1.1992379e-06,0.0008351188,0.00027055226,0.00033860945,8.427621e-05,9.659445e-05,0.00014905584,8.802461e-06,0.00016437318,0.0001890726,0.00027219803,0.00011327349,0.00026280666,0.00010306678,2.267008e-05,0.000121535784,4.2266656e-05,3.0414638e-05,4.8614937e-05,6.280321e-05,5.4988537e-05,8.170018e-05,6.6976274e-05,0.00013579908,0.00015892534,0.00010219493,0.0003108924,2.2615828e-05,4.8621903e-05,0.00013589389,0.00015276515,8.770043e-05,5.6634235e-07,0.00022662093,6.9853966e-05,0.00013099314,2.8192835e-05,0.00023343123,9.0709305e-05,0.00010644421,2.727499e-05,0.00020067122,0.00013975966,0.00028172164,0.00070391496,0.0002904606,7.577379e-05,0.0002495598,0.00029826513,0.00018830264,0.00013731516,0.00024044112,0.0001608575,2.3886583e-05,0.0003888632,0.00033568087,0.00029404214,0.00020254063,8.501629e-05,7.521075e-05
0.20171008,0.1838912,0.18226077,0.0026071146,0.23401049,0.31838906,0.020623699,0.051884573,0.1072599,0.16304831,0.06617741,0.010976022,0.14941707,0.06291605,0.350304,0.07358091,0.040120754,0.043754574,0.05138978,0.24748401,0.010298992,0.026846781,0.009679525,0.014097457,0.017623728,0.012429931,0.10591642,0.033001427,0.16605757,0.014068469,0.023032114,0.077335656,0.14078462,0.043893218,0.1820459,0.0753729,0.018443119,0.2137389,0.0014789216,0.13251927,0.07146818,0.08221209,0.042888287,0.062266488,0.092992395,0.019541323,0.39137813,0.0019003036,0.10246849,0.20056917,0.055011354,0.009754278,0.0011861213,0.0646217,0.14078768,0.12937136,0.0725513,0.09812729,0.27825266,0.084927104,0.062760495,0.13969839,0.068981424,0.06018872,0.091450915,0.06025213,0.1296831,0.019989675,0.04613892,0.037878994,0.017853575,0.06565496,0.03093275,0.27647346,0.014066219,0.11401271,0.057204753,0.06875077,0.028293326,0.03502475,0.16580354,0.012146126,0.07339616,0.007326909,0.025924515,0.04779016,0.06786165,0.055899896,1.966441e-05,0.021930266,0.07131023,0.16830039,0.0756115,0.2704714,0.38885733,0.27029264,0.04595528,0.10428129,0.0031047016,0.023173308,0.05325669,0.013406498,0.02293015,0.029394537,0.026440324,0.044215992,0.014504386,0.026148476,0.07864068,0.1367978,0.08155808,0.14365226,0.029514689,0.068507105,0.020595152,0.07242038,0.27789843,0.077252775,0.051024195,0.04906649,0.028850041,0.04667301,0.035465956,0.04861638,0.029612774,0.04522882,0.027254004,0.051388867,0.020390578,0.08066137,0.053126156,0.100596786,0.12385252,0.096500024,0.14663447,0.016909152,0.03567018,0.026585497,0.025527332,0.18724616,0.0023528994,0.017672785,0.04283988,0.0060648303,0.00017584069,0.028437007,0.0706217,0.09380124,0.005200631,0.063204475,0.12203467,0.08254325,0.04385017,0.005373382,0.055026077,0.018785795,0.009248165,0.04935128,0.061215978,0.042623222,0.027135773,0.0050513,0.011550516,0.07992918,0.03815977,0.062274918,0.0953406,0.012953991,0.039012883,0.0014897925,0.06509851,0.034959547,0.29075393,0.019818319,0.1887169,0.005297944,0.0720056,0.024944909,0.13523774,0.05108214,0.00041150488,0.030911982,0.04477312,0.011109697,0.005985237,0.040366326,0.050637096,0.037404854,0.01744916
0.07376525,0.4899387,0.07073214,0.3282053,0.12332738,0.57532895,0.114710554,0.12475654,0.14311388,0.12464488,0.48602414,0.0053815814,0.25253582,0.28336835,0.52334434,0.2226093,0.19389951,0.13764787,0.08145791,0.019998768,0.06547716,0.08251585,0.05933081,0.09318691,0.09892382,0.0114514725,0.06784895,0.01808004,0.22351107,0.12925886,0.035201766,0.004430521,0.19763583,0.018202243,0.08950266,0.017566655,0.05366139,0.094917834,0.020279147,0.15331705,0.02336951,0.11766007,0.043928325,0.023459516,0.0431095,0.09479943,0.42636755,0.20874311,0.33540446,0.084144466,0.19820783,0.122914836,0.09655601,0.054688536,0.123226866,0.053508457,0.025952945,0.17461123,0.3113062,0.35590282,0.06638773,0.0438322,0.042625315,0.003815833,0.029770676,0.007338439,0.19031669,0.22830665,0.01994932,0.015564342,0.07283882,0.03984246,0.09615171,0.15220341,0.015217945,0.40872484,0.12513389,0.13230623,0.01250303,0.07859303,0.016286287,0.009766448,0.14184912,0.020022482,0.07264325,0.07170465,0.19716756,0.05449792,0.0036221228,0.04248766,0.28138006,0.026420105,0.17877257,0.19508919,0.2115531,0.27830327,0.043760724,0.08954024,0.1388689,0.022603694,0.13014758,0.01059446,0.08292572,0.064962976,0.19454873,0.049560815,0.06525099,0.04990542,0.08672122,0.41002464,0.22166103,0.21061115,0.18192665,0.0909291,0.115495905,0.008522363,0.06083714,0.008495815,0.075952366,0.049610265,0.123773396,0.016180236,0.07348791,0.045289613,0.065204546,0.039535604,0.13812661,0.058599375,0.10016778,0.20604452,0.05957593,0.03891477,0.056631852,0.012438552,0.060022116,0.047894124,0.05311701,0.008543689,0.1737023,0.013751283,0.12824224,0.04014696,0.09124439,0.041976776,0.017375402,0.13506478,0.08877257,0.25619453,0.03356071,0.16726127,0.07791946,0.067736804,0.09027127,0.029777702,0.14991283,0.011958093,0.093831606,0.025341311,0.18791975,0.095767304,0.030206334,0.053832866,0.14387363,0.168227,0.06538539,0.14180046,0.021430336,0.089075886,0.09036115,0.033476986,0.063158944,0.2954628,0.16643445,0.20053354,0.20435517,0.3232662,0.089616075,0.15361843,0.09927006,0.006827359,0.003875522,0.048583403,0.0012942255,0.11059657,0.32184443,0.11017611,0.07587366,0.08541086,0.040158678
0.0008437406,0.0030631532,0.0014252394,0.00036710792,0.0009200092,0.0016104463,0.00078635715,0.00050942966,0.00091698405,0.0001921872,0.0036342966,0.000693018,0.0024746903,0.0017235011,0.0015833224,0.0004865889,0.0012421748,0.00030802767,0.00016195944,0.000471718,7.7765624e-05,0.0010102352,0.0014980098,2.4334739e-05,0.00014508764,0.00027658805,0.00045237152,0.0002762937,0.0007926853,1.7126702e-05,0.0010248952,0.0008636822,0.0012965535,0.00022415434,0.00073262875,8.164846e-05,0.00033342492,0.0008732748,1.2543958e-05,0.001078463,0.00050116464,0.000512806,0.00013112507,0.00038003974,1.859705e-05,0.0017995384,0.005118776,0.00085497,0.00019440979,0.0011626076,0.001677991,0.00035072136,0.00018747943,0.0005007602,0.0009819107,0.00055570994,0.00023081631,0.00041715102,0.0008727349,0.00030798986,0.00038897112,0.00063548586,0.00017674733,0.0005637068,0.0012766306,6.144127e-05,0.0009895614,0.0005368724,0.00037592015,0.0001004638,0.00043315598,0.00021055064,0.0010709567,0.0031146056,0.0006378465,0.0017568902,0.0016385297,9.308196e-05,1.1203752e-05,0.0002221701,0.00046446003,0.00029002226,0.0007878485,0.00014980497,0.0004323728,0.0002514274,0.0006538345,6.744966e-05,0.00015276442,7.923569e-05,0.0009442496,0.00237414,0.00024077689,0.0011165413,0.0011725192,0.00092701823,0.00040684518,0.0006401327,0.0001743732,0.00030848075,0.00021715231,0.00013542824,0.0003482806,2.8832837e-05,0.00039685334,6.6765e-05,0.00034009208,0.0003066266,0.0009774031,4.1781168e-05,1.2027478e-05,0.0005740246,0.000106152314,8.091808e-05,0.00015073677,6.346781e-05,0.00073476596,0.00040081583,0.0003917039,5.6178018e-05,0.00043003718,0.00021045237,0.0003747326,7.176205e-05,0.00015610715,3.0955212e-05,6.188346e-05,0.0003378703,0.000335904,0.00014769204,9.286196e-06,0.0003829599,0.00038328298,2.5669113e-05,0.0001207296,0.00080610684,0.00034162082,8.481293e-07,0.00010800435,0.00015659575,9.666606e-05,0.00032119424,5.0980205e-05,0.00016581826,0.0002611612,0.00026906747,0.00015480517,0.0004884237,0.00032847244,4.3372715e-05,0.0005159796,6.872747e-05,0.00054864865,0.00041722134,0.0006200812,0.00013666585,0.000117421514,8.3084946e-05,0.0007193388,0.00025112554,0.000111411704,8.432257e-05,0.0004535678,0.0005893102,0.00063034584,0.000104832805,0.00020659891,0.0007591703,0.00037124698,0.00016191415,0.00015723241,0.00059139787,0.00093922263,0.0014503701,0.0007594261,0.0011308363,0.00067590456,5.1399453e-05,0.00018151812,0.0002899794,0.00089598785,0.00030805462,0.00016568798,0.00039417553,0.0003435339,0.0004691673,2.9947507e-05,0.0002389583,0.00022300835
0.0,0.0,0.0,0.0,0.0,0.0,0.0,0.0,0.0,0.0,0.0,0.0,0.0,0.0,0.0,0.0,0.0,0.0,0.0,0.0,0.0,0.0,0.0,0.0,0.0,0.0,0.0,0.0,0.0,0.0,0.0,0.0,0.0,0.0,0.0,0.0,0.0,0.0,0.0,0.0,0.0,0.0,0.0,0.0,0.0,0.0,0.0,0.0,0.0,0.0,0.0,0.0,0.0,0.0,0.0,0.0,0.0,0.0,0.0,0.0,0.0,0.0,0.0,0.0,0.0,0.0,0.0,0.0,0.0,0.0,0.0,0.0,0.0,0.0,0.0,0.0,0.0,0.0,0.0,0.0,0.0,0.0,0.0,0.0,0.0,0.0,0.0,0.0,0.0,0.0,0.0,0.0,0.0,0.0,0.0,0.0,0.0,0.0,0.0,0.0,0.0,0.0,0.0,0.0,0.0,0.0,0.0,0.0,0.0,0.0,0.0,0.0,0.0,0.0,0.0,0.0,0.0,0.0,0.0,0.0,0.0,0.0,0.0,0.0,0.0,0.0,0.0,0.0,0.0,0.0,0.0,0.0,0.0,0.0,0.0,0.0,0.0,0.0,0.0,0.0,0.0,0.0,0.0,0.0,0.0,0.0,0.0,0.0,0.0,0.0,0.0,0.0,0.0,0.0,0.0,0.0,0.0,0.0,0.0,0.0,0.0,0.0,0.0,0.0,0.0,0.0,0.0,0.0,0.0,0.0,0.0,0.0,0.0,0.0,0.0,0.0,0.0,0.0,0.0,0.0,0.0,0.0,0.0,0.0,0.0,0.0,0.0,0.0,0.0
0.0,0.0,0.0,0.0,0.0,0.0,0.0,0.0,0.0,0.0,0.0,0.0,0.0,0.0,0.0,0.0,0.0,0.0,0.0,0.0,0.0,0.0,0.0,0.0,0.0,0.0,0.0,0.0,0.0,0.0,0.0,0.0,0.0,0.0,0.0,0.0,0.0,0.0,0.0,0.0,0.0,0.0,0.0,0.0,0.0,0.0,0.0,0.0,0.0,0.0,0.0,0.0,0.0,0.0,0.0,0.0,0.0,0.0,0.0,0.0,0.0,0.0,0.0,0.0,0.0,0.0,0.0,0.0,0.0,0.0,0.0,0.0,0.0,0.0,0.0,0.0,0.0,0.0,0.0,0.0,0.0,0.0,0.0,0.0,0.0,0.0,0.0,0.0,0.0,0.0,0.0,0.0,0.0,0.0,0.0,0.0,0.0,0.0,0.0,0.0,0.0,0.0,0.0,0.0,0.0,0.0,0.0,0.0,0.0,0.0,0.0,0.0,0.0,0.0,0.0,0.0,0.0,0.0,0.0,0.0,0.0,0.0,0.0,0.0,0.0,0.0,0.0,0.0,0.0,0.0,0.0,0.0,0.0,0.0,0.0,0.0,0.0,0.0,0.0,0.0,0.0,0.0,0.0,0.0,0.0,0.0,0.0,0.0,0.0,0.0,0.0,0.0,0.0,0.0,0.0,0.0,0.0,0.0,0.0,0.0,0.0,0.0,0.0,0.0,0.0,0.0,0.0,0.0,0.0,0.0,0.0,0.0,0.0,0.0,0.0,0.0,0.0,0.0,0.0,0.0,0.0,0.0,0.0,0.0,0.0,0.0,0.0,0.0,0.0
6.524402e-06,6.504658e-05,3.2242104e-05,7.323782e-06,1.4358628e-05,3.0164796e-05,3.2446462e-06,6.083019e-06,4.954929e-06,3.9955125e-07,7.5215175e-05,4.0527677e-05,2.923647e-05,1.4372543e-05,3.2673554e-05,1.570905e-05,7.2756648e-06,7.36628e-07,2.4456185e-06,8.372466e-06,1.1589884e-07,2.4851277e-05,2.069111e-05,9.960981e-06,3.0868725e-06,3.6428955e-06,3.6036197e-06,1.1701495e-06,1.3928227e-05,1.4479655e-05,1.3656652e-05,2.1798911e-07,1.4164819e-05,2.7538636e-06,7.3647134e-06,9.547608e-07,1.4548623e-06,9.072883e-06,1.637716e-06,1.3718509e-05,6.7024703e-06,3.5851194e-06,6.7954234e-06,1.2357526e-06,4.83551e-06,1.8234108e-05,5.9527883e-05,3.202563e-06,7.547621e-06,1.1049313e-05,1.6631055e-05,1.2185901e-05,6.5552526e-06,9.390026e-06,4.5529264e-06,1.52261655e-05,5.1284574e-06,9.4723555e-07,3.2275213e-06,8.761145e-06,1.3243431e-05,2.406436e-06,2.084451e-06,1.3793828e-05,1.0863974e-05,8.058501e-06,1.2287672e-05,3.1841844e-06,7.5771623e-06,1.3553807e-06,2.5505128e-06,4.1218927e-06,8.803618e-06,3.8285707e-05,5.303831e-06,3.0707284e-05,1.34627235e-05,1.3147451e-05,1.3195355e-05,9.100895e-06,8.4419037e-07,2.4638928e-06,1.8732466e-05,2.574253e-06,4.080793e-06,3.426554e-06,1.0132594e-05,1.273844e-06,9.527181e-07,3.1554719e-06,1.8062943e-05,3.6325375e-05,2.1412932e-05,2.9574815e-06,1.09383245e-05,2.0408443e-05,9.282928e-06,9.358646e-06,5.179189e-06,2.7366843e-06,1.2874665e-05,3.8389185e-06,1.843094e-06,8.638783e-06,1.0236236e-05,8.03846e-07,1.8536381e-06,3.1517814e-06,6.850375e-06,8.37898e-06,5.761746e-06,7.642008e-06,6.8154504e-06,8.382196e-06,1.2302029e-05,1.2857512e-05,2.1459227e-06,4.2868937e-06,1.3537092e-05,4.1389512e-08,5.0787476e-06,4.0531067e-06,4.1109083e-06,3.5507028e-06,7.236385e-06,1.3153319e-05,4.762668e-06,1.0041032e-06,2.432125e-06,1.0674887e-05,5.313794e-06,2.7522747e-06,4.4063745e-07,4.5929964e-06,8.073845e-06,2.7707918e-06,9.537833e-06,3.5794192e-06,5.332481e-08,5.433534e-06,5.9445456e-06,3.1697832e-06,7.186527e-06,3.6860272e-06,4.9531227e-06,1.6426415e-05,6.8439304e-06,3.3930828e-06,1.1734211e-05,1.7636718e-05,9.6400045e-06,4.2787434e-07,1.1558426e-06,8.4544445e-07,1.879327e-05,2.1680609e-07,8.5194256e-07,1.0779383e-05,1.1803391e-05,3.3956242e-06,2.1630326e-06,1.6318252e-06,5.964555e-06,5.3986614e-06,3.6514607e-06,1.7684758e-06,6.0792145e-06,4.493055e-06,3.0331498e-06,9.319725e-07,3.81041e-06,2.9162056e-05,1.6081993e-05,2.3223972e-06,6.5300237e-06,1.5312007e-05,3.548219e-06,1.2006226e-06,6.4148003e-06,5.539554e-06,6.4049677e-06,1.6603105e-06,8.519756e-06,9.157813e-06,3.0463564e-06,7.5489615e-06,1.1315431e-06,1.0900589e-05,1.2675112e-06
0.1534335,0.124493666,0.0021970868,0.102210335,0.12768297,0.21588622,0.060657058,0.012937528,0.031236526,0.18613887,0.17533825,0.009538522,0.05059194,0.2554378,0.23914246,0.07061111,0.028261203,0.02731386,0.0034299255,0.024921205,0.0062567834,0.063164525,0.05988324,0.085825555,0.039556723,0.05183356,0.007481446,0.041206487,0.06439745,0.0009469562,0.022762269,0.014144713,0.06734947,0.05911885,0.029725999,0.03414798,0.04018148,0.061484315,0.0025983574,0.0076687355,0.042087592,0.09658913,0.03870584,0.036443066,0.040507585,0.028863331,0.17292362,0.05595821,0.102879226,0.14463821,0.2532166,0.042400107,0.05016972,0.023454832,0.005802024,0.03614176,0.0011779834,0.017492782,0.04151598,0.033102483,0.086537905,0.07786855,0.011012704,0.032419205,0.054397695,0.026339395,0.03404894,0.06075418,0.09701609,0.051924877,0.021416873,0.0014974196,0.029637314,0.06705687,0.040952235,0.06336845,0.11207138,0.1444822,0.0143333785,0.032405674,0.0031258836,0.017904155,0.0032588635,0.0040195724,0.0032658558,0.06288663,0.07324977,0.020325743,0.0014748538,0.017838502,0.06895643,0.052017428,0.027098723,0.06885855,0.15907755,0.07440144,0.05528648,0.10775024,0.0051909294,0.022064146,0.0043591536,0.025648683,0.016065063,0.037021007,0.029945644,0.033116564,0.0019356429,0.02666205,0.12821442,0.0284612,0.009015564,0.0098858345,0.095113076,0.12326409,0.038676165,0.11013841,0.118032,0.038853403,0.05479602,0.07312023,0.013579011,0.09982677,0.055794097,0.07766863,0.011587703,0.010179805,0.05059665,0.0033864526,0.086915776,0.034813434,0.03477779,0.06209675,0.029719489,0.01276188,0.055892996,0.03034422,0.02136388,0.010360161,0.025161102,0.114534475,0.06877854,0.008729322,0.037988335,0.026225595,0.03913226,0.0052168327,0.05059337,0.047446568,0.081550434,0.022862298,0.0471441,0.010573383,0.024888871,0.02017904,0.0039202045,0.010178697,0.0063763573,0.04202712,0.053403806,0.009444658,0.02074835,0.017197764,0.050096583,0.10482821,0.047883883,0.018941045,0.02582345,0.06863908,0.044448007,0.011340598,0.013869451,0.023203636,0.18309045,0.046935555,0.054280706,0.043431062,0.11760757,0.013312254,0.052766718,0.054363556,0.018036071,0.008629508,0.024654277,0.0010833163,0.010500556,0.0970452,0.028583424,0.053646445,0.015753828
1.8963507e-05,0.00014599338,0.00035125675,1.3026904e-05,0.0001890939,0.00044804678,0.00013324601,5.974011e-05,0.00016182839,2.572104e-05,6.585426e-05,0.0003253093,0.00016447828,0.000510262,0.00047947423,4.1771753e-05,1.3717945e-05,6.279803e-05,5.6093748e-05,4.8969006e-05,0.00013180696,4.5609777e-06,1.1096821e-05,7.748915e-05,5.7139077e-06,2.9221299e-05,3.997544e-05,0.0002096317,3.452951e-05,1.9210533e-05,1.3093941e-06,6.3225285e-05,0.00016268101,8.215086e-05,2.8825561e-05,0.000101105135,5.851925e-05,2.6775022e-05,9.8860946e-05,2.2040877e-07,0.00014605446,0.00014513468,4.5898552e-05,6.463587e-05,1.2483815e-05,0.00013799476,0.00020914676,0.00032784103,0.0001376275,0.00025175564,6.917627e-05,0.00014846171,5.6265602e-05,9.1653455e-05,4.187547e-05,1.2827784e-05,2.3155815e-05,0.00011241324,0.00013564598,0.00027311785,0.0001466335,3.0259602e-05,6.659626e-05,2.6670383e-05,5.761528e-06,1.7379429e-05,7.2942596e-05,3.2087148e-05,5.2617153e-05,2.5070207e-05,1.713811e-06,7.8332014e-05,2.0947777e-05,9.007707e-06,0.00014350358,0.00021177437,0.00017315868,0.000114566654,3.9746403e-05,5.345027e-05,7.40589e-05,1.3035247e-05,1.38933465e-05,1.5120676e-05,7.666872e-06,9.7048556e-05,0.00013176269,1.967372e-05,5.800127e-05,9.747476e-06,2.1401302e-06,0.00018235302,4.2770138e-05,0.0005797546,0.00046496993,7.1521885e-05,6.796517e-05,6.519521e-05,6.0673603e-05,1.5179638e-05,7.024365e-05,1.438967e-05,7.3038686e-06,5.9001053e-05,0.00010305575,6.515028e-05,3.8006267e-05,1.7841245e-05,0.00017718914,2.8903485e-05,0.0002411857,0.00024286442,0.00011801913,0.00011508897,6.764122e-05,0.00020967858,8.2745784e-05,0.00014577148,1.7581642e-05,5.1535848e-05,3.211334e-05,0.000102280595,7.719493e-05,2.7198548e-05,7.518111e-05,2.8827235e-06,0.00017024027,6.234591e-05,2.3941899e-05,8.030044e-05,7.2415874e-05,1.13347905e-05,9.3872804e-05,4.750392e-05,0.00014796059,0.00014743612,8.8144356e-05,1.994743e-05,5.1716477e-05,0.00017736136,0.00014113807,8.4095256e-05,6.340459e-05,3.8208625e-05,0.00016507086,0.00011674226,0.00016717029,1.5429432e-06,6.6546316e-05,0.0001477065,0.00015910773,8.0595775e-05,7.7387434e-05,1.200788e-05,6.9874564e-05,4.563231e-05,2.7396683e-05,9.034487e-05,0.00012545247,4.8907914e-05,1.8858807e-05,9.507942e-06,0.00010608841,1.2597355e-05,6.916227e-05,0.00012336382,5.2666906e-05,4.150939e-05,5.55187e-05,4.5780536e-05,5.482062e-05,7.210609e-05,0.0001866768,0.00013891309,0.00026983142,0.00022585253,7.5937714e-05,7.6800294e-05,4.5966124e-05,3.694814e-05,4.470325e-05,8.2022205e-05,1.2489337e-05,9.086872e-05,0.00013056782,0.00022715222,4.3510947e-05,0.00010016986,1.3751102e-05
4.8817174e-06,4.3826626e-06,3.1022491e-06,3.6937763e-07,8.064532e-06,3.9072333e-06,5.5382793e-07,4.0552227e-06,7.0204233e-06,8.06403e-07,1.2072743e-05,1.5367856e-06,2.412184e-06,3.6794393e-07,7.6381804e-07,2.5477677e-06,7.05784e-06,4.3420896e-06,4.2449773e-07,1.0191909e-06,2.3187504e-06,2.6251107e-07,1.8258108e-06,6.0588997e-07,5.391195e-07,2.7260687e-06,8.9777916e-07,6.583242e-06,1.1665259e-05,1.2514384e-06,4.756982e-07,5.104436e-06,3.691912e-06,2.123043e-06,6.9705325e-06,7.6573485e-07,1.8073263e-06,3.4724603e-06,7.0083604e-07,1.710452e-07,1.0550009e-07,3.950975e-06,1.5500749e-06,4.5114034e-06,2.981969e-06,5.6326116e-06,5.4175202e-06,9.025289e-06,9.784841e-06,1.3820196e-06,9.0633705e-08,5.19617e-06,7.7929435e-06,9.879727e-07,2.3776693e-07,6.999614e-06,1.4083643e-06,9.1524544e-07,3.8880885e-06,1.0198153e-06,1.7721443e-06,1.2553042e-05,1.8733351e-06,3.6424674e-06,1.3065928e-06,3.0290537e-06,2.9744642e-06,4.149353e-06,1.839027e-06,6.577826e-07,1.5761829e-06,2.4829735e-06,5.5321398e-06,2.1785631e-06,4.4612148e-06,8.2424265e-08,6.8374056e-06,2.2763752e-06,1.0044555e-06,6.1536102e-06,3.0580486e-07,1.6055748e-06,3.5703526e-06,1.2198102e-06,9.510033e-07,2.3053092e-06,1.0427163e-06,8.22786e-07,1.113923e-06,1.6428548e-06,5.1768548e-06,8.4343355e-06,3.850052e-06,4.414323e-06,3.8396943e-06,5.650864e-06,4.4783883e-07,8.630271e-06,9.273681e-07,1.721153e-06,1.0016421e-06,2.8847245e-07,5.3435656e-09,3.655543e-06,8.819594e-07,8.484492e-07,2.0153336e-06,9.576429e-07,6.068429e-06,9.282137e-06,3.209849e-06,5.6803574e-06,8.923009e-06,2.0435762e-06,4.0983537e-06,2.1364758e-06,8.296655e-07,4.4309545e-06,2.2790607e-06,3.1566792e-06,7.594193e-08,1.6605138e-06,7.47464e-07,5.475389e-07,1.268817e-06,3.65262e-06,1.0809607e-06,1.0819089e-05,1.0303687e-06,4.7430666e-07,5.3030585e-06,2.9373277e-06,1.6836137e-06,9.202189e-07,3.285644e-07,2.711743e-06,7.3499305e-06,5.211612e-07,2.2419838e-06,1.8416847e-07,1.5413009e-06,1.2809448e-07,1.925338e-06,3.4920022e-06,1.5550761e-06,4.114679e-06,2.6717169e-07,9.390225e-07,9.877655e-08,4.0438536e-06,8.0979265e-07,2.5181607e-06,1.5987908e-06,2.0787625e-06,2.2867434e-06,2.9237856e-07,7.0766595e-07,2.564857e-06,5.8736777e-07,5.215529e-07,1.1206457e-06,1.4989337e-06,3.9013105e-07,2.7496726e-06,1.9523352e-06,5.4038196e-09,6.916552e-07,4.3811966e-07,5.4603447e-07,2.1979624e-06,3.7403536e-06,4.339425e-07,7.656121e-06,1.762761e-07,1.3019496e-06,5.762961e-07,5.567508e-07,6.284928e-06,1.0489531e-05,2.5247118e-06,1.5775603e-06,3.9558895e-06,4.136661e-06,4.9307387e-06,1.9689428e-06,2.3458883e-06,1.7678211e-06,2.0299196e-06,8.4048304e-07
0.0,0.0,0.0,0.0,0.0,0.0,0.0,0.0,0.0,0.0,0.0,0.0,0.0,0.0,0.0,0.0,0.0,0.0,0.0,0.0,0.0,0.0,0.0,0.0,0.0,0.0,0.0,0.0,0.0,0.0,0.0,0.0,0.0,0.0,0.0,0.0,0.0,0.0,0.0,0.0,0.0,0.0,0.0,0.0,0.0,0.0,0.0,0.0,0.0,0.0,0.0,0.0,0.0,0.0,0.0,0.0,0.0,0.0,0.0,0.0,0.0,0.0,0.0,0.0,0.0,0.0,0.0,0.0,0.0,0.0,0.0,0.0,0.0,0.0,0.0,0.0,0.0,0.0,0.0,0.0,0.0,0.0,0.0,0.0,0.0,0.0,0.0,0.0,0.0,0.0,0.0,0.0,0.0,0.0,0.0,0.0,0.0,0.0,0.0,0.0,0.0,0.0,0.0,0.0,0.0,0.0,0.0,0.0,0.0,0.0,0.0,0.0,0.0,0.0,0.0,0.0,0.0,0.0,0.0,0.0,0.0,0.0,0.0,0.0,0.0,0.0,0.0,0.0,0.0,0.0,0.0,0.0,0.0,0.0,0.0,0.0,0.0,0.0,0.0,0.0,0.0,0.0,0.0,0.0,0.0,0.0,0.0,0.0,0.0,0.0,0.0,0.0,0.0,0.0,0.0,0.0,0.0,0.0,0.0,0.0,0.0,0.0,0.0,0.0,0.0,0.0,0.0,0.0,0.0,0.0,0.0,0.0,0.0,0.0,0.0,0.0,0.0,0.0,0.0,0.0,0.0,0.0,0.0,0.0,0.0,0.0,0.0,0.0,0.0
0.00010493756,0.00033110025,0.0010357826,0.00015266295,9.786717e-05,0.0001722415,0.00021556093,0.00021333531,0.00043784222,0.0002732787,6.42373e-05,0.0008803417,0.0001439681,0.0005403754,0.00012983901,0.0001927885,0.00037474866,0.00040237914,5.8162426e-05,0.00011431261,0.000349353,0.00049075024,0.00030994063,0.00012856963,0.00017757041,0.00023138494,7.954722e-05,2.4660018e-05,0.00031370556,0.00019423956,0.00018300598,0.00037781696,0.00039190523,0.0004891239,1.8175258e-05,7.460662e-05,0.00016311141,0.00012555803,0.00032387572,0.00041702768,0.00043610175,0.00019156856,0.00010224685,0.00020323541,0.00011544062,0.00092660426,0.0006757514,0.0011566608,0.00022280947,2.5198766e-05,0.00014807857,0.00030211575,0.00032914407,0.00034413498,0.00027850491,0.00035328325,0.00010484581,0.0009114592,2.8859999e-05,0.00010266768,0.00021028769,0.00024774394,0.0001669977,3.8659713e-05,0.00013898454,0.00011526134,0.00060474826,0.00030118352,0.00014192556,5.0843133e-05,2.1207767e-05,8.73509e-05,0.00017547514,0.00028796878,0.0010879482,0.0003502849,0.00045013195,7.7884106e-05,3.6239377e-05,0.00010252901,0.0003214522,0.00010374327,0.00022846131,0.00034754555,7.480958e-05,2.8819217e-05,5.629019e-05,0.00015892906,9.950301e-05,4.166913e-05,7.908947e-05,0.0010122648,0.00094102946,0.0005488157,5.2661795e-05,8.8504974e-05,0.00046049114,0.00023262044,0.000115374605,2.366464e-05,0.000108445696,0.00025745804,9.7988894e-05,2.3874385e-05,5.6086537e-05,0.00020705734,4.1549956e-05,4.5485434e-05,0.00036129385,0.00015746192,0.0002762741,1.7174818e-05,0.00011618072,0.00013747408,0.00028998975,9.304479e-05,0.00018247656,2.0595267e-05,0.00014004513,0.0003194859,9.453732e-05,0.0001046698,4.1324263e-05,0.00018804804,8.393635e-05,0.00011051622,0.00016083645,0.0002824263,0.0004867124,1.1992379e-06,0.0008351188,0.00027055226,0.00033860945,8.427621e-05,9.659445e-05,0.00014905584,8.802461e-06,0.00016437318,0.0001890726,0.00027219803,0.00011327349,0.00026280666,0.00010306678,2.267008e-05,0.000121535784,4.2266656e-05,3.0414638e-05,4.8614937e-05,6.280321e-05,5.4988537e-05,8.170018e-05,6.6976274e-05,0.00013579908,0.00015892534,0.00010219493,0.0003108924,2.2615828e-05,4.8621903e-05,0.00013589389,0.00015276515,8.770043e-05,5.6634235e-07,0.00022662093,6.9853966e-05,0.00013099314,2.8192835e-05,0.00023343123,9.0709305e-05,0.00010644421,2.727499e-05,0.00020067122,0.00013975966,0.00028172164,0.00070391496,0.0002904606,7.577379e-05,0.0002495598,0.00029826513,0.00018830264,0.00013731516,0.00024044112,0.0001608575,2.3886583e-05,0.0003888632,0.00033568087,0.00029404214,0.00020254063,8.501629e-05,7.521075e-05
0.20171008,0.1838912,0.18226077,0.0026071146,0.23401049,0.31838906,0.020623699,0.051884573,0.1072599,0.16304831,0.06617741,0.010976022,0.14941707,0.06291605,0.350304,0.07358091,0.040120754,0.043754574,0.05138978,0.24748401,0.010298992,0.026846781,0.009679525,0.014097457,0.017623728,0.012429931,0.10591642,0.033001427,0.16605757,0.014068469,0.023032114,0.077335656,0.14078462,0.043893218,0.1820459,0.0753729,0.018443119,0.2137389,0.0014789216,0.13251927,0.07146818,0.08221209,0.042888287,0.062266488,0.092992395,0.019541323,0.39137813,0.0019003036,0.10246849,0.20056917,0.055011354,0.009754278,0.0011861213,0.0646217,0.14078768,0.12937136,0.0725513,0.09812729,0.27825266,0.084927104,0.062760495,0.13969839,0.068981424,0.06018872,0.091450915,0.06025213,0.1296831,0.019989675,0.04613892,0.037878994,0.017853575,0.06565496,0.03093275,0.27647346,0.014066219,0.11401271,0.057204753,0.06875077,0.028293326,0.03502475,0.16580354,0.012146126,0.07339616,0.007326909,0.025924515,0.04779016,0.06786165,0.055899896,1.966441e-05,0.021930266,0.07131023,0.16830039,0.0756115,0.2704714,0.38885733,0.27029264,0.04595528,0.10428129,0.0031047016,0.023173308,0.05325669,0.013406498,0.02293015,0.029394537,0.026440324,0.044215992,0.014504386,0.026148476,0.07864068,0.1367978,0.08155808,0.14365226,0.029514689,0.068507105,0.020595152,0.07242038,0.27789843,0.077252775,0.051024195,0.04906649,0.028850041,0.04667301,0.035465956,0.04861638,0.029612774,0.04522882,0.027254004,0.051388867,0.020390578,0.08066137,0.053126156,0.100596786,0.12385252,0.096500024,0.14663447,0.016909152,0.03567018,0.026585497,0.025527332,0.18724616,0.0023528994,0.017672785,0.04283988,0.0060648303,0.00017584069,0.028437007,0.0706217,0.09380124,0.005200631,0.063204475,0.12203467,0.08254325,0.04385017,0.005373382,0.055026077,0.018785795,0.009248165,0.04935128,0.061215978,0.042623222,0.027135773,0.0050513,0.011550516,0.07992918,0.03815977,0.062274918,0.0953406,0.012953991,0.039012883,0.0014897925,0.06509851,0.034959547,0.29075393,0.019818319,0.1887169,0.005297944,0.0720056,0.024944909,0.13523774,0.05108214,0.00041150488,0.030911982,0.04477312,0.011109697,0.005985237,0.040366326,0.050637096,0.037404854,0.01744916
0.07376525,0.4899387,0.07073214,0.3282053,0.12332738,0.57532895,0.114710554,0.12475654,0.14311388,0.12464488,0.48602414,0.0053815814,0.25253582,0.28336835,0.52334434,0.2226093,0.19389951,0.13764787,0.08145791,0.019998768,0.06547716,0.08251585,0.05933081,0.09318691,0.09892382,0.0114514725,0.06784895,0.01808004,0.22351107,0.12925886,0.035201766,0.004430521,0.19763583,0.018202243,0.08950266,0.017566655,0.05366139,0.094917834,0.020279147,0.15331705,0.02336951,0.11766007,0.043928325,0.023459516,0.0431095,0.09479943,0.42636755,0.20874311,0.33540446,0.084144466,0.19820783,0.122914836,0.09655601,0.054688536,0.123226866,0.053508457,0.025952945,0.17461123,0.3113062,0.35590282,0.06638773,0.0438322,0.042625315,0.003815833,0.029770676,0.007338439,0.19031669,0.22830665,0.01994932,0.015564342,0.07283882,0.03984246,0.09615171,0.15220341,0.015217945,0.40872484,0.12513389,0.13230623,0.01250303,0.07859303,0.016286287,0.009766448,0.14184912,0.020022482,0.07264325,0.07170465,0.19716756,0.05449792,0.0036221228,0.04248766,0.28138006,0.026420105,0.17877257,0.19508919,0.2115531,0.27830327,0.043760724,0.08954024,0.1388689,0.022603694,0.13014758,0.01059446,0.08292572,0.064962976,0.19454873,0.049560815,0.06525099,0.04990542,0.08672122,0.41002464,0.22166103,0.21061115,0.18192665,0.0909291,0.115495905,0.008522363,0.06083714,0.008495815,0.075952366,0.049610265,0.123773396,0.016180236,0.07348791,0.045289613,0.065204546,0.039535604,0.13812661,0.058599375,0.10016778,0.20604452,0.05957593,0.03891477,0.056631852,0.012438552,0.060022116,0.047894124,0.05311701,0.008543689,0.1737023,0.013751283,0.12824224,0.04014696,0.09124439,0.041976776,0.017375402,0.13506478,0.08877257,0.25619453,0.03356071,0.16726127,0.07791946,0.067736804,0.09027127,0.029777702,0.14991283,0.011958093,0.093831606,0.025341311,0.18791975,0.095767304,0.030206334,0.053832866,0.14387363,0.168227,0.06538539,0.14180046,0.021430336,0.089075886,0.09036115,0.033476986,0.063158944,0.2954628,0.16643445,0.20053354,0.20435517,0.3232662,0.089616075,0.15361843,0.09927006,0.006827359,0.003875522,0.048583403,0.0012942255,0.11059657,0.32184443,0.11017611,0.07587366,0.08541086,0.040158678
0.0008437406,0.0030631532,0.0014252394,0.00036710792,0.0009200092,0.0016104463,0.00078635715,0.00050942966,0.00091698405,0.0001921872,0.0036342966,0.000693018,0.0024746903,0.0017235011,0.0015833224,0.0004865889,0.0012421748,0.00030802767,0.00016195944,0.000471718,7.7765624e-05,0.0010102352,0.0014980098,2.4334739e-05,0.00014508764,0.00027658805,0.00045237152,0.0002762937,0.0007926853,1.7126702e-05,0.0010248952,0.0008636822,0.0012965535,0.00022415434,0.00073262875,8.164846e-05,0.00033342492,0.0008732748,1.2543958e-05,0.001078463,0.00050116464,0.000512806,0.00013112507,0.00038003974,1.859705e-05,0.0017995384,0.005118776,0.00085497,0.00019440979,0.0011626076,0.001677991,0.00035072136,0.00018747943,0.0005007602,0.0009819107,0.00055570994,0.00023081631,0.00041715102,0.0008727349,0.00030798986,0.00038897112,0.00063548586,0.00017674733,0.0005637068,0.0012766306,6.144127e-05,0.0009895614,0.0005368724,0.00037592015,0.0001004638,0.00043315598,0.00021055064,0.0010709567,0.0031146056,0.0006378465,0.0017568902,0.0016385297,9.308196e-05,1.1203752e-05,0.0002221701,0.00046446003,0.00029002226,0.0007878485,0.00014980497,0.0004323728,0.0002514274,0.0006538345,6.744966e-05,0.00015276442,7.923569e-05,0.0009442496,0.00237414,0.00024077689,0.0011165413,0.0011725192,0.00092701823,0.00040684518,0.0006401327,0.0001743732,0.00030848075,0.00021715231,0.00013542824,0.0003482806,2.8832837e-05,0.00039685334,6.6765e-05,0.00034009208,0.0003066266,0.0009774031,4.1781168e-05,1.2027478e-05,0.0005740246,0.000106152314,8.091808e-05,0.00015073677,6.346781e-05,0.00073476596,0.00040081583,0.0003917039,5.6178018e-05,0.00043003718,0.00021045237,0.0003747326,7.176205e-05,0.00015610715,3.0955212e-05,6.188346e-05,0.0003378703,0.000335904,0.00014769204,9.286196e-06,0.0003829599,0.00038328298,2.5669113e-05,0.0001207296,0.00080610684,0.00034162082,8.481293e-07,0.00010800435,0.00015659575,9.666606e-05,0.00032119424,5.0980205e-05,0.00016581826,0.0002611612,0.00026906747,0.00015480517,0.0004884237,0.00032847244,4.3372715e-05,0.0005159796,6.872747e-05,0.00054864865,0.00041722134,0.0006200812,0.00013666585,0.000117421514,8.3084946e-05,0.0007193388,0.00025112554,0.000111411704,8.432257e-05,0.0004535678,0.0005893102,0.00063034584,0.000104832805,0.00020659891,0.0007591703,0.00037124698,0.00016191415,0.00015723241,0.00059139787,0.00093922263,0.0014503701,0.0007594261,0.0011308363,0.00067590456,5.1399453e-05,0.00018151812,0.0002899794,0.00089598785,0.00030805462,0.00016568798,0.00039417553,0.0003435339,0.0004691673,2.9947507e-05,0.0002389583,0.00022300835
0.0,0.0,0.0,0.0,0.0,0.0,0.0,0.0,0.0,0.0,0.0,0.0,0.0,0.0,0.0,0.0,0.0,0.0,0.0,0.0,0.0,0.0,0.0,0.0,0.0,0.0,0.0,0.0,0.0,0.0,0.0,0.0,0.0,0.0,0.0,0.0,0.0,0.0,0.0,0.0,0.0,0.0,0.0,0.0,0.0,0.0,0.0,0.0,0.0,0.0,0.0,0.0,0.0,0.0,0.0,0.0,0.0,0.0,0.0,0.0,0.0,0.0,0.0,0.0,0.0,0.0,0.0,0.0,0.0,0.0,0.0,0.0,0.0,0.0,0.0,0.0,0.0,0.0,0.0,0.0,0.0,0.0,0.0,0.0,0.0,0.0,0.0,0.0,0.0,0.0,0.0,0.0,0.0,0.0,0.0,0.0,0.0,0.0,0.0,0.0,0.0,0.0,0.0,0.0,0.0,0.0,0.0,0.0,0.0,0.0,0.0,0.0,0.0,0.0,0.0,0.0,0.0,0.0,0.0,0.0,0.0,0.0,0.0,0.0,0.0,0.0,0.0,0.0,0.0,0.0,0.0,0.0,0.0,0.0,0.0,0.0,0.0,0.0,0.0,0.0,0.0,0.0,0.0,0.0,0.0,0.0,0.0,0.0,0.0,0.0,0.0,0.0,0.0,0.0,0.0,0.0,0.0,0.0,0.0,0.0,0.0,0.0,0.0,0.0,0.0,0.0,0.0,0.0,0.0,0.0,0.0,0.0,0.0,0.0,0.0,0.0,0.0,0.0,0.0,0.0,0.0,0.0,0.0,0.0,0.0,0.0,0.0,0.0,0.0
0.0,0.0,0.0,0.0,0.0,0.0,0.0,0.0,0.0,0.0,0.0,0.0,0.0,0.0,0.0,0.0,0.0,0.0,0.0,0.0,0.0,0.0,0.0,0.0,0.0,0.0,0.0,0.0,0.0,0.0,0.0,0.0,0.0,0.0,0.0,0.0,0.0,0.0,0.0,0.0,0.0,0.0,0.0,0.0,0.0,0.0,0.0,0.0,0.0,0.0,0.0,0.0,0.0,0.0,0.0,0.0,0.0,0.0,0.0,0.0,0.0,0.0,0.0,0.0,0.0,0.0,0.0,0.0,0.0,0.0,0.0,0.0,0.0,0.0,0.0,0.0,0.0,0.0,0.0,0.0,0.0,0.0,0.0,0.0,0.0,0.0,0.0,0.0,0.0,0.0,0.0,0.0,0.0,0.0,0.0,0.0,0.0,0.0,0.0,0.0,0.0,0.0,0.0,0.0,0.0,0.0,0.0,0.0,0.0,0.0,0.0,0.0,0.0,0.0,0.0,0.0,0.0,0.0,0.0,0.0,0.0,0.0,0.0,0.0,0.0,0.0,0.0,0.0,0.0,0.0,0.0,0.0,0.0,0.0,0.0,0.0,0.0,0.0,0.0,0.0,0.0,0.0,0.0,0.0,0.0,0.0,0.0,0.0,0.0,0.0,0.0,0.0,0.0,0.0,0.0,0.0,0.0,0.0,0.0,0.0,0.0,0.0,0.0,0.0,0.0,0.0,0.0,0.0,0.0,0.0,0.0,0.0,0.0,0.0,0.0,0.0,0.0,0.0,0.0,0.0,0.0,0.0,0.0,0.0,0.0,0.0,0.0,0.0,0.0
6.524402e-06,6.504658e-05,3.2242104e-05,7.323782e-06,1.4358628e-05,3.0164796e-05,3.2446462e-06,6.083019e-06,4.954929e-06,3.9955125e-07,7.5215175e-05,4.0527677e-05,2.923647e-05,1.4372543e-05,3.2673554e-05,1.570905e-05,7.2756648e-06,7.36628e-07,2.4456185e-06,8.372466e-06,1.1589884e-07,2.4851277e-05,2.069111e-05,9.960981e-06,3.0868725e-06,3.6428955e-06,3.6036197e-06,1.1701495e-06,1.3928227e-05,1.4479655e-05,1.3656652e-05,2.1798911e-07,1.4164819e-05,2.7538636e-06,7.3647134e-06,9.547608e-07,1.4548623e-06,9.072883e-06,1.637716e-06,1.3718509e-05,6.7024703e-06,3.5851194e-06,6.7954234e-06,1.2357526e-06,4.83551e-06,1.8234108e-05,5.9527883e-05,3.202563e-06,7.547621e-06,1.1049313e-05,1.6631055e-05,1.2185901e-05,6.5552526e-06,9.390026e-06,4.5529264e-06,1.52261655e-05,5.1284574e-06,9.4723555e-07,3.2275213e-06,8.761145e-06,1.3243431e-05,2.406436e-06,2.084451e-06,1.3793828e-05,1.0863974e-05,8.058501e-06,1.2287672e-05,3.1841844e-06,7.5771623e-06,1.3553807e-06,2.5505128e-06,4.1218927e-06,8.803618e-06,3.8285707e-05,5.303831e-06,3.0707284e-05,1.34627235e-05,1.3147451e-05,1.3195355e-05,9.100895e-06,8.4419037e-07,2.4638928e-06,1.8732466e-05,2.574253e-06,4.080793e-06,3.426554e-06,1.0132594e-05,1.273844e-06,9.527181e-07,3.1554719e-06,1.8062943e-05,3.6325375e-05,2.1412932e-05,2.9574815e-06,1.09383245e-05,2.0408443e-05,9.282928e-06,9.358646e-06,5.179189e-06,2.7366843e-06,1.2874665e-05,3.8389185e-06,1.843094e-06,8.638783e-06,1.0236236e-05,8.03846e-07,1.8536381e-06,3.1517814e-06,6.850375e-06,8.37898e-06,5.761746e-06,7.642008e-06,6.8154504e-06,8.382196e-06,1.2302029e-05,1.2857512e-05,2.1459227e-06,4.2868937e-06,1.3537092e-05,4.1389512e-08,5.0787476e-06,4.0531067e-06,4.1109083e-06,3.5507028e-06,7.236385e-06,1.3153319e-05,4.762668e-06,1.0041032e-06,2.432125e-06,1.0674887e-05,5.313794e-06,2.7522747e-06,4.4063745e-07,4.5929964e-06,8.073845e-06,2.7707918e-06,9.537833e-06,3.5794192e-06,5.332481e-08,5.433534e-06,5.9445456e-06,3.1697832e-06,7.186527e-06,3.6860272e-06,4.9531227e-06,1.6426415e-05,6.8439304e-06,3.3930828e-06,1.1734211e-05,1.7636718e-05,9.6400045e-06,4.2787434e-07,1.1558426e-06,8.4544445e-07,1.879327e-05,2.1680609e-07,8.5194256e-07,1.0779383e-05,1.1803391e-05,3.3956242e-06,2.1630326e-06,1.6318252e-06,5.964555e-06,5.3986614e-06,3.6514607e-06,1.7684758e-06,6.0792145e-06,4.493055e-06,3.0331498e-06,9.319725e-07,3.81041e-06,2.9162056e-05,1.6081993e-05,2.3223972e-06,6.5300237e-06,1.5312007e-05,3.548219e-06,1.2006226e-06,6.4148003e-06,5.539554e-06,6.4049677e-06,1.6603105e-06,8.519756e-06,9.157813e-06,3.0463564e-06,7.5489615e-06,1.1315431e-06,1.0900589e-05,1.2675112e-06
0.1534335,0.124493666,0.0021970868,0.102210335,0.12768297,0.21588622,0.060657058,0.012937528,0.031236526,0.18613887,0.17533825,0.009538522,0.05059194,0.2554378,0.23914246,0.07061111,0.028261203,0.02731386,0.0034299255,0.024921205,0.0062567834,0.063164525,0.05988324,0.085825555,0.039556723,0.05183356,0.007481446,0.041206487,0.06439745,0.0009469562,0.022762269,0.014144713,0.06734947,0.05911885,0.029725999,0.03414798,0.04018148,0.061484315,0.0025983574,0.0076687355,0.042087592,0.09658913,0.03870584,0.036443066,0.040507585,0.028863331,0.17292362,0.05595821,0.102879226,0.14463821,0.2532166,0.042400107,0.05016972,0.023454832,0.005802024,0.03614176,0.0011779834,0.017492782,0.04151598,0.033102483,0.086537905,0.07786855,0.011012704,0.032419205,0.054397695,0.026339395,0.03404894,0.06075418,0.09701609,0.051924877,0.021416873,0.0014974196,0.029637314,0.06705687,0.040952235,0.06336845,0.11207138,0.1444822,0.0143333785,0.032405674,0.0031258836,0.017904155,0.0032588635,0.0040195724,0.0032658558,0.06288663,0.07324977,0.020325743,0.0014748538,0.017838502,0.06895643,0.052017428,0.027098723,0.06885855,0.15907755,0.07440144,0.05528648,0.10775024,0.0051909294,0.022064146,0.0043591536,0.025648683,0.016065063,0.037021007,0.029945644,0.033116564,0.0019356429,0.02666205,0.12821442,0.0284612,0.009015564,0.0098858345,0.095113076,0.12326409,0.038676165,0.11013841,0.118032,0.038853403,0.05479602,0.07312023,0.013579011,0.09982677,0.055794097,0.07766863,0.011587703,0.010179805,0.05059665,0.0033864526,0.086915776,0.034813434,0.03477779,0.06209675,0.029719489,0.01276188,0.055892996,0.03034422,0.02136388,0.010360161,0.025161102,0.114534475,0.06877854,0.008729322,0.037988335,0.026225595,0.03913226,0.0052168327,0.05059337,0.047446568,0.081550434,0.022862298,0.0471441,0.010573383,0.024888871,0.02017904,0.0039202045,0.010178697,0.0063763573,0.04202712,0.053403806,0.009444658,0.02074835,0.017197764,0.050096583,0.10482821,0.047883883,0.018941045,0.02582345,0.06863908,0.044448007,0.011340598,0.013869451,0.023203636,0.18309045,0.046935555,0.054280706,0.043431062,0.11760757,0.013312254,0.052766718,0.054363556,0.018036071,0.008629508,0.024654277,0.0010833163,0.010500556,0.0970452,0.028583424,0.053646445,0.015753828
1.8963507e-05,0.00014599338,0.00035125675,1.3026904e-05,0.0001890939,0.00044804678,0.00013324601,5.974011e-05,0.00016182839,2.572104e-05,6.585426e-05,0.0003253093,0.00016447828,0.000510262,0.00047947423,4.1771753e-05,1.3717945e-05,6.279803e-05,5.6093748e-05,4.8969006e-05,0.00013180696,4.5609777e-06,1.1096821e-05,7.748915e-05,5.7139077e-06,2.9221299e-05,3.997544e-05,0.0002096317,3.452951e-05,1.9210533e-05,1.3093941e-06,6.3225285e-05,0.00016268101,8.215086e-05,2.8825561e-05,0.000101105135,5.851925e-05,2.6775022e-05,9.8860946e-05,2.2040877e-07,0.00014605446,0.00014513468,4.5898552e-05,6.463587e-05,1.2483815e-05,0.00013799476,0.00020914676,0.00032784103,0.0001376275,0.00025175564,6.917627e-05,0.00014846171,5.6265602e-05,9.1653455e-05,4.187547e-05,1.2827784e-05,2.3155815e-05,0.00011241324,0.00013564598,0.00027311785,0.0001466335,3.0259602e-05,6.659626e-05,2.6670383e-05,5.761528e-06,1.7379429e-05,7.2942596e-05,3.2087148e-05,5.2617153e-05,2.5070207e-05,1.713811e-06,7.8332014e-05,2.0947777e-05,9.007707e-06,0.00014350358,0.00021177437,0.00017315868,0.000114566654,3.9746403e-05,5.345027e-05,7.40589e-05,1.3035247e-05,1.38933465e-05,1.5120676e-05,7.666872e-06,9.7048556e-05,0.00013176269,1.967372e-05,5.800127e-05,9.747476e-06,2.1401302e-06,0.00018235302,4.2770138e-05,0.0005797546,0.00046496993,7.1521885e-05,6.796517e-05,6.519521e-05,6.0673603e-05,1.5179638e-05,7.024365e-05,1.438967e-05,7.3038686e-06,5.9001053e-05,0.00010305575,6.515028e-05,3.8006267e-05,1.7841245e-05,0.00017718914,2.8903485e-05,0.0002411857,0.00024286442,0.00011801913,0.00011508897,6.764122e-05,0.00020967858,8.2745784e-05,0.00014577148,1.7581642e-05,5.1535848e-05,3.211334e-05,0.000102280595,7.719493e-05,2.7198548e-05,7.518111e-05,2.8827235e-06,0.00017024027,6.234591e-05,2.3941899e-05,8.030044e-05,7.2415874e-05,1.13347905e-05,9.3872804e-05,4.750392e-05,0.00014796059,0.00014743612,8.8144356e-05,1.994743e-05,5.1716477e-05,0.00017736136,0.00014113807,8.4095256e-05,6.340459e-05,3.8208625e-05,0.00016507086,0.00011674226,0.00016717029,1.5429432e-06,6.6546316e-05,0.0001477065,0.00015910773,8.0595775e-05,7.7387434e-05,1.200788e-05,6.9874564e-05,4.563231e-05,2.7396683e-05,9.034487e-05,0.00012545247,4.8907914e-05,1.8858807e-05,9.507942e-06,0.00010608841,1.2597355e-05,6.916227e-05,0.00012336382,5.2666906e-05,4.150939e-05,5.55187e-05,4.5780536e-05,5.482062e-05,7.210609e-05,0.0001866768,0.00013891309,0.00026983142,0.00022585253,7.5937714e-05,7.6800294e-05,4.5966124e-05,3.694814e-05,4.470325e-05,8.2022205e-05,1.2489337e-05,9.086872e-05,0.00013056782,0.00022715222,4.3510947e-05,0.00010016986,1.3751102e-05
4.8817174e-06,4.3826626e-06,3.1022491e-06,3.6937763e-07,8.064532e-06,3.9072333e-06,5.5382793e-07,4.0552227e-06,7.0204233e-06,8.06403e-07,1.2072743e-05,1.5367856e-06,2.412184e-06,3.6794393e-07,7.6381804e-07,2.5477677e-06,7.05784e-06,4.3420896e-06,4.2449773e-07,1.0191909e-06,2.3187504e-06,2.6251107e-07,1.8258108e-06,6.0588997e-07,5.391195e-07,2.7260687e-06,8.9777916e-07,6.583242e-06,1.1665259e-05,1.2514384e-06,4.756982e-07,5.104436e-06,3.691912e-06,2.123043e-06,6.9705325e-06,7.6573485e-07,1.8073263e-06,3.4724603e-06,7.0083604e-07,1.710452e-07,1.0550009e-07,3.950975e-06,1.5500749e-06,4.5114034e-06,2.981969e-06,5.6326116e-06,5.4175202e-06,9.025289e-06,9.784841e-06,1.3820196e-06,9.0633705e-08,5.19617e-06,7.7929435e-06,9.879727e-07,2.3776693e-07,6.999614e-06,1.4083643e-06,9.1524544e-07,3.8880885e-06,1.0198153e-06,1.7721443e-06,1.2553042e-05,1.8733351e-06,3.6424674e-06,1.3065928e-06,3.0290537e-06,2.9744642e-06,4.149353e-06,1.839027e-06,6.577826e-07,1.5761829e-06,2.4829735e-06,5.5321398e-06,2.1785631e-06,4.4612148e-06,8.2424265e-08,6.8374056e-06,2.2763752e-06,1.0044555e-06,6.1536102e-06,3.0580486e-07,1.6055748e-06,3.5703526e-06,1.2198102e-06,9.510033e-07,2.3053092e-06,1.0427163e-06,8.22786e-07,1.113923e-06,1.6428548e-06,5.1768548e-06,8.4343355e-06,3.850052e-06,4.414323e-06,3.8396943e-06,5.650864e-06,4.4783883e-07,8.630271e-06,9.273681e-07,1.721153e-06,1.0016421e-06,2.8847245e-07,5.3435656e-09,3.655543e-06,8.819594e-07,8.484492e-07,2.0153336e-06,9.576429e-07,6.068429e-06,9.282137e-06,3.209849e-06,5.6803574e-06,8.923009e-06,2.0435762e-06,4.0983537e-06,2.1364758e-06,8.296655e-07,4.4309545e-06,2.2790607e-06,3.1566792e-06,7.594193e-08,1.6605138e-06,7.47464e-07,5.475389e-07,1.268817e-06,3.65262e-06,1.0809607e-06,1.0819089e-05,1.0303687e-06,4.7430666e-07,5.3030585e-06,2.9373277e-06,1.6836137e-06,9.202189e-07,3.285644e-07,2.711743e-06,7.3499305e-06,5.211612e-07,2.2419838e-06,1.8416847e-07,1.5413009e-06,1.2809448e-07,1.925338e-06,3.4920022e-06,1.5550761e-06,4.114679e-06,2.6717169e-07,9.390225e-07,9.877655e-08,4.0438536e-06,8.0979265e-07,2.5181607e-06,1.5987908e-06,2.0787625e-06,2.2867434e-06,2.9237856e-07,7.0766595e-07,2.564857e-06,5.8736777e-07,5.215529e-07,1.1206457e-06,1.4989337e-06,3.9013105e-07,2.7496726e-06,1.9523352e-06,5.4038196e-09,6.916552e-07,4.3811966e-07,5.4603447e-07,2.1979624e-06,3.7403536e-06,4.339425e-07,7.656121e-06,1.762761e-07,1.3019496e-06,5.762961e-07,5.567508e-07,6.284928e-06,1.0489531e-05,2.5247118e-06,1.5775603e-06,3.9558895e-06,4.136661e-06,4.9307387e-06,1.9689428e-06,2.3458883e-06,1.7678211e-06,2.0299196e-06,8.4048304e-07
0.0,0.0,0.0,0.0,0.0,0.0,0.0,0.0,0.0,0.0,0.0,0.0,0.0,0.0,0.0,0.0,0.0,0.0,0.0,0.0,0.0,0.0,0.0,0.0,0.0,0.0,0.0,0.0,0.0,0.0,0.0,0.0,0.0,0.0,0.0,0.0,0.0,0.0,0.0,0.0,0.0,0.0,0.0,0.0,0.0,0.0,0.0,0.0,0.0,0.0,0.0,0.0,0.0,0.0,0.0,0.0,0.0,0.0,0.0,0.0,0.0,0.0,0.0,0.0,0.0,0.0,0.0,0.0,0.0,0.0,0.0,0.0,0.0,0.0,0.0,0.0,0.0,0.0,0.0,0.0,0.0,0.0,0.0,0.0,0.0,0.0,0.0,0.0,0.0,0.0,0.0,0.0,0.0,0.0,0.0,0.0,0.0,0.0,0.0,0.0,0.0,0.0,0.0,0.0,0.0,0.0,0.0,0.0,0.0,0.0,0.0,0.0,0.0,0.0,0.0,0.0,0.0,0.0,0.0,0.0,0.0,0.0,0.0,0.0,0.0,0.0,0.0,0.0,0.0,0.0,0.0,0.0,0.0,0.0,0.0,0.0,0.0,0.0,0.0,0.0,0.0,0.0,0.0,0.0,0.0,0.0,0.0,0.0,0.0,0.0,0.0,0.0,0.0,0.0,0.0,0.0,0.0,0.0,0.0,0.0,0.0,0.0,0.0,0.0,0.0,0.0,0.0,0.0,0.0,0.0,0.0,0.0,0.0,0.0,0.0,0.0,0.0,0.0,0.0,0.0,0.0,0.0,0.0,0.0,0.0,0.0,0.0,0.0,0.0
0.00010493756,0.00033110025,0.0010357826,0.00015266295,9.786717e-05,0.0001722415,0.00021556093,0.00021333531,0.00043784222,0.0002732787,6.42373e-05,0.0008803417,0.0001439681,0.0005403754,0.00012983901,0.0001927885,0.00037474866,0.00040237914,5.8162426e-05,0.00011431261,0.000349353,0.00049075024,0.00030994063,0.00012856963,0.00017757041,0.00023138494,7.954722e-05,2.4660018e-05,0.00031370556,0.00019423956,0.00018300598,0.00037781696,0.00039190523,0.0004891239,1.8175258e-05,7.460662e-05,0.00016311141,0.00012555803,0.00032387572,0.00041702768,0.00043610175,0.00019156856,0.00010224685,0.00020323541,0.00011544062,0.00092660426,0.0006757514,0.0011566608,0.00022280947,2.5198766e-05,0.00014807857,0.00030211575,0.00032914407,0.00034413498,0.00027850491,0.00035328325,0.00010484581,0.0009114592,2.8859999e-05,0.00010266768,0.00021028769,0.00024774394,0.0001669977,3.8659713e-05,0.00013898454,0.00011526134,0.00060474826,0.00030118352,0.00014192556,5.0843133e-05,2.1207767e-05,8.73509e-05,0.00017547514,0.00028796878,0.0010879482,0.0003502849,0.00045013195,7.7884106e-05,3.6239377e-05,0.00010252901,0.0003214522,0.00010374327,0.00022846131,0.00034754555,7.480958e-05,2.8819217e-05,5.629019e-05,0.00015892906,9.950301e-05,4.166913e-05,7.908947e-05,0.0010122648,0.00094102946,0.0005488157,5.2661795e-05,8.8504974e-05,0.00046049114,0.00023262044,0.000115374605,2.366464e-05,0.000108445696,0.00025745804,9.7988894e-05,2.3874385e-05,5.6086537e-05,0.00020705734,4.1549956e-05,4.5485434e-05,0.00036129385,0.00015746192,0.0002762741,1.7174818e-05,0.00011618072,0.00013747408,0.00028998975,9.304479e-05,0.00018247656,2.0595267e-05,0.00014004513,0.0003194859,9.453732e-05,0.0001046698,4.1324263e-05,0.00018804804,8.393635e-05,0.00011051622,0.00016083645,0.0002824263,0.0004867124,1.1992379e-06,0.0008351188,0.00027055226,0.00033860945,8.427621e-05,9.659445e-05,0.00014905584,8.802461e-06,0.00016437318,0.0001890726,0.00027219803,0.00011327349,0.00026280666,0.00010306678,2.267008e-05,0.000121535784,4.2266656e-05,3.0414638e-05,4.8614937e-05,6.280321e-05,5.4988537e-05,8.170018e-05,6.6976274e-05,0.00013579908,0.00015892534,0.00010219493,0.0003108924,2.2615828e-05,4.8621903e-05,0.00013589389,0.00015276515,8.770043e-05,5.6634235e-07,0.00022662093,6.9853966e-05,0.00013099314,2.8192835e-05,0.00023343123,9.0709305e-05,0.00010644421,2.727499e-05,0.00020067122,0.00013975966,0.00028172164,0.00070391496,0.0002904606,7.577379e-05,0.0002495598,0.00029826513,0.00018830264,0.00013731516,0.00024044112,0.0001608575,2.3886583e-05,0.0003888632,0.00033568087,0.00029404214,0.00020254063,8.501629e-05,7.521075e-05
0.20171008,0.1838912,0.18226077,0.0026071146,0.23401049,0.31838906,0.020623699,0.051884573,0.1072599,0.16304831,0.06617741,0.010976022,0.14941707,0.06291605,0.350304,0.07358091,0.040120754,0.043754574,0.05138978,0.24748401,0.010298992,0.026846781,0.009679525,0.014097457,0.017623728,0.012429931,0.10591642,0.033001427,0.16605757,0.014068469,0.023032114,0.077335656,0.14078462,0.043893218,0.1820459,0.0753729,0.018443119,0.2137389,0.0014789216,0.13251927,0.07146818,0.08221209,0.042888287,0.062266488,0.092992395,0.019541323,0.39137813,0.0019003036,0.10246849,0.20056917,0.055011354,0.009754278,0.0011861213,0.0646217,0.14078768,0.12937136,0.0725513,0.09812729,0.27825266,0.084927104,0.062760495,0.13969839,0.068981424,0.06018872,0.091450915,0.06025213,0.1296831,0.019989675,0.04613892,0.037878994,0.017853575,0.06565496,0.03093275,0.27647346,0.014066219,0.11401271,0.057204753,0.06875077,0.028293326,0.03502475,0.16580354,0.012146126,0.07339616,0.007326909,0.025924515,0.04779016,0.06786165,0.055899896,1.966441e-05,0.021930266,0.07131023,0.16830039,0.0756115,0.2704714,0.38885733,0.27029264,0.04595528,0.10428129,0.0031047016,0.023173308,0.05325669,0.013406498,0.02293015,0.029394537,0.026440324,0.044215992,0.014504386,0.026148476,0.07864068,0.1367978,0.08155808,0.14365226,0.029514689,0.068507105,0.020595152,0.07242038,0.27789843,0.077252775,0.051024195,0.04906649,0.028850041,0.04667301,0.035465956,0.04861638,0.029612774,0.04522882,0.027254004,0.051388867,0.020390578,0.08066137,0.053126156,0.100596786,0.12385252,0.096500024,0.14663447,0.016909152,0.03567018,0.026585497,0.025527332,0.18724616,0.0023528994,0.017672785,0.04283988,0.0060648303,0.00017584069,0.028437007,0.0706217,0.09380124,0.005200631,0.063204475,0.12203467,0.08254325,0.04385017,0.005373382,0.055026077,0.018785795,0.009248165,0.04935128,0.061215978,0.042623222,0.027135773,0.0050513,0.011550516,0.07992918,0.03815977,0.062274918,0.0953406,0.012953991,0.039012883,0.0014897925,0.06509851,0.034959547,0.29075393,0.019818319,0.1887169,0.005297944,0.0720056,0.024944909,0.13523774,0.05108214,0.00041150488,0.030911982,0.04477312,0.011109697,0.005985237,0.040366326,0.050637096,0.037404854,0.01744916
0.07376525,0.4899387,0.07073214,0.3282053,0.12332738,0.57532895,0.114710554,0.12475654,0.14311388,0.12464488,0.48602414,0.0053815814,0.25253582,0.28336835,0.52334434,0.2226093,0.19389951,0.13764787,0.08145791,0.019998768,0.06547716,0.08251585,0.05933081,0.09318691,0.09892382,0.0114514725,0.06784895,0.01808004,0.22351107,0.12925886,0.035201766,0.004430521,0.19763583,0.018202243,0.08950266,0.017566655,0.05366139,0.094917834,0.020279147,0.15331705,0.02336951,0.11766007,0.043928325,0.023459516,0.0431095,0.09479943,0.42636755,0.20874311,0.33540446,0.084144466,0.19820783,0.122914836,0.09655601,0.054688536,0.123226866,0.053508457,0.025952945,0.17461123,0.3113062,0.35590282,0.06638773,0.0438322,0.042625315,0.003815833,0.029770676,0.007338439,0.19031669,0.22830665,0.01994932,0.015564342,0.07283882,0.03984246,0.09615171,0.15220341,0.015217945,0.40872484,0.12513389,0.13230623,0.01250303,0.07859303,0.016286287,0.009766448,0.14184912,0.020022482,0.07264325,0.07170465,0.19716756,0.05449792,0.0036221228,0.04248766,0.28138006,0.026420105,0.17877257,0.19508919,0.2115531,0.27830327,0.043760724,0.08954024,0.1388689,0.022603694,0.13014758,0.01059446,0.08292572,0.064962976,0.19454873,0.049560815,0.06525099,0.04990542,0.08672122,0.41002464,0.22166103,0.21061115,0.18192665,0.0909291,0.115495905,0.008522363,0.06083714,0.008495815,0.075952366,0.049610265,0.123773396,0.016180236,0.07348791,0.045289613,0.065204546,0.039535604,0.13812661,0.058599375,0.10016778,0.20604452,0.05957593,0.03891477,0.056631852,0.012438552,0.060022116,0.047894124,0.05311701,0.008543689,0.1737023,0.013751283,0.12824224,0.04014696,0.09124439,0.041976776,0.017375402,0.13506478,0.08877257,0.25619453,0.03356071,0.16726127,0.07791946,0.067736804,0.09027127,0.029777702,0.14991283,0.011958093,0.093831606,0.025341311,0.18791975,0.095767304,0.030206334,0.053832866,0.14387363,0.168227,0.06538539,0.14180046,0.021430336,0.089075886,0.09036115,0.033476986,0.063158944,0.2954628,0.16643445,0.20053354,0.20435517,0.3232662,0.089616075,0.15361843,0.09927006,0.006827359,0.003875522,0.048583403,0.0012942255,0.11059657,0.32184443,0.11017611,0.07587366,0.08541086,0.040158678
0.0008437406,0.0030631532,0.0014252394,0.00036710792,0.0009200092,0.0016104463,0.00078635715,0.00050942966,0.00091698405,0.0001921872,0.0036342966,0.000693018,0.0024746903,0.0017235011,0.0015833224,0.0004865889,0.0012421748,0.00030802767,0.00016195944,0.000471718,7.7765624e-05,0.0010102352,0.0014980098,2.4334739e-05,0.00014508764,0.00027658805,0.00045237152,0.0002762937,0.0007926853,1.7126702e-05,0.0010248952,0.0008636822,0.0012965535,0.00022415434,0.00073262875,8.164846e-05,0.00033342492,0.0008732748,1.2543958e-05,0.001078463,0.00050116464,0.000512806,0.00013112507,0.00038003974,1.859705e-05,0.0017995384,0.005118776,0.00085497,0.00019440979,0.0011626076,0.001677991,0.00035072136,0.00018747943,0.0005007602,0.0009819107,0.00055570994,0.00023081631,0.00041715102,0.0008727349,0.00030798986,0.00038897112,0.00063548586,0.00017674733,0.0005637068,0.0012766306,6.144127e-05,0.0009895614,0.0005368724,0.00037592015,0.0001004638,0.00043315598,0.00021055064,0.0010709567,0.0031146056,0.0006378465,0.0017568902,0.0016385297,9.308196e-05,1.1203752e-05,0.0002221701,0.00046446003,0.00029002226,0.0007878485,0.00014980497,0.0004323728,0.0002514274,0.0006538345,6.744966e-05,0.00015276442,7.923569e-05,0.0009442496,0.00237414,0.00024077689,0.0011165413,0.0011725192,0.00092701823,0.00040684518,0.0006401327,0.0001743732,0.00030848075,0.00021715231,0.00013542824,0.0003482806,2.8832837e-05,0.00039685334,6.6765e-05,0.00034009208,0.0003066266,0.0009774031,4.1781168e-05,1.2027478e-05,0.0005740246,0.000106152314,8.091808e-05,0.00015073677,6.346781e-05,0.00073476596,0.00040081583,0.0003917039,5.6178018e-05,0.00043003718,0.00021045237,0.0003747326,7.176205e-05,0.00015610715,3.0955212e-05,6.188346e-05,0.0003378703,0.000335904,0.00014769204,9.286196e-06,0.0003829599,0.00038328298,2.5669113e-05,0.0001207296,0.00080610684,0.00034162082,8.481293e-07,0.00010800435,0.00015659575,9.666606e-05,0.00032119424,5.0980205e-05,0.00016581826,0.0002611612,0.00026906747,0.00015480517,0.0004884237,0.00032847244,4.3372715e-05,0.0005159796,6.872747e-05,0.00054864865,0.00041722134,0.0006200812,0.00013666585,0.000117421514,8.3084946e-05,0.0007193388,0.00025112554,0.000111411704,8.432257e-05,0.0004535678,0.0005893102,0.00063034584,0.000104832805,0.00020659891,0.0007591703,0.00037124698,0.00016191415,0.00015723241,0.00059139787,0.00093922263,0.0014503701,0.0007594261,0.0011308363,0.00067590456,5.1399453e-05,0.00018151812,0.0002899794,0.00089598785,0.00030805462,0.00016568798,0.00039417553,0.0003435339,0.0004691673,2.9947507e-05,0.0002389583,0.00022300835
0.0,0.0,0.0,0.0,0.0,0.0,0.0,0.0,0.0,0.0,0.0,0.0,0.0,0.0,0.0,0.0,0.0,0.0,0.0,0.0,0.0,0.0,0.0,0.0,0.0,0.0,0.0,0.0,0.0,0.0,0.0,0.0,0.0,0.0,0.0,0.0,0.0,0.0,0.0,0.0,0.0,0.0,0.0,0.0,0.0,0.0,0.0,0.0,0.0,0.0,0.0,0.0,0.0,0.0,0.0,0.0,0.0,0.0,0.0,0.0,0.0,0.0,0.0,0.0,0.0,0.0,0.0,0.0,0.0,0.0,0.0,0.0,0.0,0.0,0.0,0.0,0.0,0.0,0.0,0.0,0.0,0.0,0.0,0.0,0.0,0.0,0.0,0.0,0.0,0.0,0.0,0.0,0.0,0.0,0.0,0.0,0.0,0.0,0.0,0.0,0.0,0.0,0.0,0.0,0.0,0.0,0.0,0.0,0.0,0.0,0.0,0.0,0.0,0.0,0.0,0.0,0.0,0.0,0.0,0.0,0.0,0.0,0.0,0.0,0.0,0.0,0.0,0.0,0.0,0.0,0.0,0.0,0.0,0.0,0.0,0.0,0.0,0.0,0.0,0.0,0.0,0.0,0.0,0.0,0.0,0.0,0.0,0.0,0.0,0.0,0.0,0.0,0.0,0.0,0.0,0.0,0.0,0.0,0.0,0.0,0.0,0.0,0.0,0.0,0.0,0.0,0.0,0.0,0.0,0.0,0.0,0.0,0.0,0.0,0.0,0.0,0.0,0.0,0.0,0.0,0.0,0.0,0.0,0.0,0.0,0.0,0.0,0.0,0.0
0.0,0.0,0.0,0.0,0.0,0.0,0.0,0.0,0.0,0.0,0.0,0.0,0.0,0.0,0.0,0.0,0.0,0.0,0.0,0.0,0.0,0.0,0.0,0.0,0.0,0.0,0.0,0.0,0.0,0.0,0.0,0.0,0.0,0.0,0.0,0.0,0.0,0.0,0.0,0.0,0.0,0.0,0.0,0.0,0.0,0.0,0.0,0.0,0.0,0.0,0.0,0.0,0.0,0.0,0.0,0.0,0.0,0.0,0.0,0.0,0.0,0.0,0.0,0.0,0.0,0.0,0.0,0.0,0.0,0.0,0.0,0.0,0.0,0.0,0.0,0.0,0.0,0.0,0.0,0.0,0.0,0.0,0.0,0.0,0.0,0.0,0.0,0.0,0.0,0.0,0.0,0.0,0.0,0.0,0.0,0.0,0.0,0.0,0.0,0.0,0.0,0.0,0.0,0.0,0.0,0.0,0.0,0.0,0.0,0.0,0.0,0.0,0.0,0.0,0.0,0.0,0.0,0.0,0.0,0.0,0.0,0.0,0.0,0.0,0.0,0.0,0.0,0.0,0.0,0.0,0.0,0.0,0.0,0.0,0.0,0.0,0.0,0.0,0.0,0.0,0.0,0.0,0.0,0.0,0.0,0.0,0.0,0.0,0.0,0.0,0.0,0.0,0.0,0.0,0.0,0.0,0.0,0.0,0.0,0.0,0.0,0.0,0.0,0.0,0.0,0.0,0.0,0.0,0.0,0.0,0.0,0.0,0.0,0.0,0.0,0.0,0.0,0.0,0.0,0.0,0.0,0.0,0.0,0.0,0.0,0.0,0.0,0.0,0.0
6.524402e-06,6.504658e-05,3.2242104e-05,7.323782e-06,1.4358628e-05,3.0164796e-05,3.2446462e-06,6.083019e-06,4.954929e-06,3.9955125e-07,7.5215175e-05,4.0527677e-05,2.923647e-05,1.4372543e-05,3.2673554e-05,1.570905e-05,7.2756648e-06,7.36628e-07,2.4456185e-06,8.372466e-06,1.1589884e-07,2.4851277e-05,2.069111e-05,9.960981e-06,3.0868725e-06,3.6428955e-06,3.6036197e-06,1.1701495e-06,1.3928227e-05,1.4479655e-05,1.3656652e-05,2.1798911e-07,1.4164819e-05,2.7538636e-06,7.3647134e-06,9.547608e-07,1.4548623e-06,9.072883e-06,1.637716e-06,1.3718509e-05,6.7024703e-06,3.5851194e-06,6.7954234e-06,1.2357526e-06,4.83551e-06,1.8234108e-05,5.9527883e-05,3.202563e-06,7.547621e-06,1.1049313e-05,1.6631055e-05,1.2185901e-05,6.5552526e-06,9.390026e-06,4.5529264e-06,1.52261655e-05,5.1284574e-06,9.4723555e-07,3.2275213e-06,8.761145e-06,1.3243431e-05,2.406436e-06,2.084451e-06,1.3793828e-05,1.0863974e-05,8.058501e-06,1.2287672e-05,3.1841844e-06,7.5771623e-06,1.3553807e-06,2.5505128e-06,4.1218927e-06,8.803618e-06,3.8285707e-05,5.303831e-06,3.0707284e-05,1.34627235e-05,1.3147451e-05,1.3195355e-05,9.100895e-06,8.4419037e-07,2.4638928e-06,1.8732466e-05,2.574253e-06,4.080793e-06,3.426554e-06,1.0132594e-05,1.273844e-06,9.527181e-07,3.1554719e-06,1.8062943e-05,3.6325375e-05,2.1412932e-05,2.9574815e-06,1.09383245e-05,2.0408443e-05,9.282928e-06,9.358646e-06,5.179189e-06,2.7366843e-06,1.2874665e-05,3.8389185e-06,1.843094e-06,8.638783e-06,1.0236236e-05,8.03846e-07,1.8536381e-06,3.1517814e-06,6.850375e-06,8.37898e-06,5.761746e-06,7.642008e-06,6.8154504e-06,8.382196e-06,1.2302029e-05,1.2857512e-05,2.1459227e-06,4.2868937e-06,1.3537092e-05,4.1389512e-08,5.0787476e-06,4.0531067e-06,4.1109083e-06,3.5507028e-06,7.236385e-06,1.3153319e-05,4.762668e-06,1.0041032e-06,2.432125e-06,1.0674887e-05,5.313794e-06,2.7522747e-06,4.4063745e-07,4.5929964e-06,8.073845e-06,2.7707918e-06,9.537833e-06,3.5794192e-06,5.332481e-08,5.433534e-06,5.9445456e-06,3.1697832e-06,7.186527e-06,3.6860272e-06,4.9531227e-06,1.6426415e-05,6.8439304e-06,3.3930828e-06,1.1734211e-05,1.7636718e-05,9.6400045e-06,4.2787434e-07,1.1558426e-06,8.4544445e-07,1.879327e-05,2.1680609e-07,8.5194256e-07,1.0779383e-05,1.1803391e-05,3.3956242e-06,2.1630326e-06,1.6318252e-06,5.964555e-06,5.3986614e-06,3.6514607e-06,1.7684758e-06,6.0792145e-06,4.493055e-06,3.0331498e-06,9.319725e-07,3.81041e-06,2.9162056e-05,1.6081993e-05,2.3223972e-06,6.5300237e-06,1.5312007e-05,3.548219e-06,1.2006226e-06,6.4148003e-06,5.539554e-06,6.4049677e-06,1.6603105e-06,8.519756e-06,9.157813e-06,3.0463564e-06,7.5489615e-06,1.1315431e-06,1.0900589e-05,1.2675112e-06
0.1534335,0.124493666,0.0021970868,0.102210335,0.12768297,0.21588622,0.060657058,0.012937528,0.031236526,0.18613887,0.17533825,0.009538522,0.05059194,0.2554378,0.23914246,0.07061111,0.028261203,0.02731386,0.0034299255,0.024921205,0.0062567834,0.063164525,0.05988324,0.085825555,0.039556723,0.05183356,0.007481446,0.041206487,0.06439745,0.0009469562,0.022762269,0.014144713,0.06734947,0.05911885,0.029725999,0.03414798,0.04018148,0.061484315,0.0025983574,0.0076687355,0.042087592,0.09658913,0.03870584,0.036443066,0.040507585,0.028863331,0.17292362,0.05595821,0.102879226,0.14463821,0.2532166,0.042400107,0.05016972,0.023454832,0.005802024,0.03614176,0.0011779834,0.017492782,0.04151598,0.033102483,0.086537905,0.07786855,0.011012704,0.032419205,0.054397695,0.026339395,0.03404894,0.06075418,0.09701609,0.051924877,0.021416873,0.0014974196,0.029637314,0.06705687,0.040952235,0.06336845,0.11207138,0.1444822,0.0143333785,0.032405674,0.0031258836,0.017904155,0.0032588635,0.0040195724,0.0032658558,0.06288663,0.07324977,0.020325743,0.0014748538,0.017838502,0.06895643,0.052017428,0.027098723,0.06885855,0.15907755,0.07440144,0.05528648,0.10775024,0.0051909294,0.022064146,0.0043591536,0.025648683,0.016065063,0.037021007,0.029945644,0.033116564,0.0019356429,0.02666205,0.12821442,0.0284612,0.009015564,0.0098858345,0.095113076,0.12326409,0.038676165,0.11013841,0.118032,0.038853403,0.05479602,0.07312023,0.013579011,0.09982677,0.055794097,0.07766863,0.011587703,0.010179805,0.05059665,0.0033864526,0.086915776,0.034813434,0.03477779,0.06209675,0.029719489,0.01276188,0.055892996,0.03034422,0.02136388,0.010360161,0.025161102,0.114534475,0.06877854,0.008729322,0.037988335,0.026225595,0.03913226,0.0052168327,0.05059337,0.047446568,0.081550434,0.022862298,0.0471441,0.010573383,0.024888871,0.02017904,0.0039202045,0.010178697,0.0063763573,0.04202712,0.053403806,0.009444658,0.02074835,0.017197764,0.050096583,0.10482821,0.047883883,0.018941045,0.02582345,0.06863908,0.044448007,0.011340598,0.013869451,0.023203636,0.18309045,0.046935555,0.054280706,0.043431062,0.11760757,0.013312254,0.052766718,0.054363556,0.018036071,0.008629508,0.024654277,0.0010833163,0.010500556,0.0970452,0.028583424,0.053646445,0.015753828
1.8963507e-05,0.00014599338,0.00035125675,1.3026904e-05,0.0001890939,0.00044804678,0.00013324601,5.974011e-05,0.00016182839,2.572104e-05,6.585426e-05,0.0003253093,0.00016447828,0.000510262,0.00047947423,4.1771753e-05,1.3717945e-05,6.279803e-05,5.6093748e-05,4.8969006e-05,0.00013180696,4.5609777e-06,1.1096821e-05,7.748915e-05,5.7139077e-06,2.9221299e-05,3.997544e-05,0.0002096317,3.452951e-05,1.9210533e-05,1.3093941e-06,6.3225285e-05,0.00016268101,8.215086e-05,2.8825561e-05,0.000101105135,5.851925e-05,2.6775022e-05,9.8860946e-05,2.2040877e-07,0.00014605446,0.00014513468,4.5898552e-05,6.463587e-05,1.2483815e-05,0.00013799476,0.00020914676,0.00032784103,0.0001376275,0.00025175564,6.917627e-05,0.00014846171,5.6265602e-05,9.1653455e-05,4.187547e-05,1.2827784e-05,2.3155815e-05,0.00011241324,0.00013564598,0.00027311785,0.0001466335,3.0259602e-05,6.659626e-05,2.6670383e-05,5.761528e-06,1.7379429e-05,7.2942596e-05,3.2087148e-05,5.2617153e-05,2.5070207e-05,1.713811e-06,7.8332014e-05,2.0947777e-05,9.007707e-06,0.00014350358,0.00021177437,0.00017315868,0.000114566654,3.9746403e-05,5.345027e-05,7.40589e-05,1.3035247e-05,1.38933465e-05,1.5120676e-05,7.666872e-06,9.7048556e-05,0.00013176269,1.967372e-05,5.800127e-05,9.747476e-06,2.1401302e-06,0.00018235302,4.2770138e-05,0.0005797546,0.00046496993,7.1521885e-05,6.796517e-05,6.519521e-05,6.0673603e-05,1.5179638e-05,7.024365e-05,1.438967e-05,7.3038686e-06,5.9001053e-05,0.00010305575,6.515028e-05,3.8006267e-05,1.7841245e-05,0.00017718914,2.8903485e-05,0.0002411857,0.00024286442,0.00011801913,0.00011508897,6.764122e-05,0.00020967858,8.2745784e-05,0.00014577148,1.7581642e-05,5.1535848e-05,3.211334e-05,0.000102280595,7.719493e-05,2.7198548e-05,7.518111e-05,2.8827235e-06,0.00017024027,6.234591e-05,2.3941899e-05,8.030044e-05,7.2415874e-05,1.13347905e-05,9.3872804e-05,4.750392e-05,0.00014796059,0.00014743612,8.8144356e-05,1.994743e-05,5.1716477e-05,0.00017736136,0.00014113807,8.4095256e-05,6.340459e-05,3.8208625e-05,0.00016507086,0.00011674226,0.00016717029,1.5429432e-06,6.6546316e-05,0.0001477065,0.00015910773,8.0595775e-05,7.7387434e-05,1.200788e-05,6.9874564e-05,4.563231e-05,2.7396683e-05,9.034487e-05,0.00012545247,4.8907914e-05,1.8858807e-05,9.507942e-06,0.00010608841,1.2597355e-05,6.916227e-05,0.00012336382,5.2666906e-05,4.150939e-05,5.55187e-05,4.5780536e-05,5.482062e-05,7.210609e-05,0.0001866768,0.00013891309,0.00026983142,0.00022585253,7.5937714e-05,7.6800294e-05,4.5966124e-05,3.694814e-05,4.470325e-05,8.2022205e-05,1.2489337e-05,9.086872e-05,0.00013056782,0.00022715222,4.3510947e-05,0.00010016986,1.3751102e-05
4.8817174e-06,4.3826626e-06,3.1022491e-06,3.6937763e-07,8.064532e-06,3.9072333e-06,5.5382793e-07,4.0552227e-06,7.0204233e-06,8.06403e-07,1.2072743e-05,1.5367856e-06,2.412184e-06,3.6794393e-07,7.6381804e-07,2.5477677e-06,7.05784e-06,4.3420896e-06,4.2449773e-07,1.0191909e-06,2.3187504e-06,2.6251107e-07,1.8258108e-06,6.0588997e-07,5.391195e-07,2.7260687e-06,8.9777916e-07,6.583242e-06,1.1665259e-05,1.2514384e-06,4.756982e-07,5.104436e-06,3.691912e-06,2.123043e-06,6.9705325e-06,7.6573485e-07,1.8073263e-06,3.4724603e-06,7.0083604e-07,1.710452e-07,1.0550009e-07,3.950975e-06,1.5500749e-06,4.5114034e-06,2.981969e-06,5.6326116e-06,5.4175202e-06,9.025289e-06,9.784841e-06,1.3820196e-06,9.0633705e-08,5.19617e-06,7.7929435e-06,9.879727e-07,2.3776693e-07,6.999614e-06,1.4083643e-06,9.1524544e-07,3.8880885e-06,1.0198153e-06,1.7721443e-06,1.2553042e-05,1.8733351e-06,3.6424674e-06,1.3065928e-06,3.0290537e-06,2.9744642e-06,4.149353e-06,1.839027e-06,6.577826e-07,1.5761829e-06,2.4829735e-06,5.5321398e-06,2.1785631e-06,4.4612148e-06,8.2424265e-08,6.8374056e-06,2.2763752e-06,1.0044555e-06,6.1536102e-06,3.0580486e-07,1.6055748e-06,3.5703526e-06,1.2198102e-06,9.510033e-07,2.3053092e-06,1.0427163e-06,8.22786e-07,1.113923e-06,1.6428548e-06,5.1768548e-06,8.4343355e-06,3.850052e-06,4.414323e-06,3.8396943e-06,5.650864e-06,4.4783883e-07,8.630271e-06,9.273681e-07,1.721153e-06,1.0016421e-06,2.8847245e-07,5.3435656e-09,3.655543e-06,8.819594e-07,8.484492e-07,2.0153336e-06,9.576429e-07,6.068429e-06,9.282137e-06,3.209849e-06,5.6803574e-06,8.923009e-06,2.0435762e-06,4.0983537e-06,2.1364758e-06,8.296655e-07,4.4309545e-06,2.2790607e-06,3.1566792e-06,7.594193e-08,1.6605138e-06,7.47464e-07,5.475389e-07,1.268817e-06,3.65262e-06,1.0809607e-06,1.0819089e-05,1.0303687e-06,4.7430666e-07,5.3030585e-06,2.9373277e-06,1.6836137e-06,9.202189e-07,3.285644e-07,2.711743e-06,7.3499305e-06,5.211612e-07,2.2419838e-06,1.8416847e-07,1.5413009e-06,1.2809448e-07,1.925338e-06,3.4920022e-06,1.5550761e-06,4.114679e-06,2.6717169e-07,9.390225e-07,9.877655e-08,4.0438536e-06,8.0979265e-07,2.5181607e-06,1.5987908e-06,2.0787625e-06,2.2867434e-06,2.9237856e-07,7.0766595e-07,2.564857e-06,5.8736777e-07,5.215529e-07,1.1206457e-06,1.4989337e-06,3.9013105e-07,2.7496726e-06,1.9523352e-06,5.4038196e-09,6.916552e-07,4.3811966e-07,5.4603447e-07,2.1979624e-06,3.7403536e-06,4.339425e-07,7.656121e-06,1.762761e-07,1.3019496e-06,5.762961e-07,5.567508e-07,6.284928e-06,1.0489531e-05,2.5247118e-06,1.5775603e-06,3.9558895e-06,4.136661e-06,4.9307387e-06,1.9689428e-06,2.3458883e-06,1.7678211e-06,2.0299196e-06,8.4048304e-07
0.0,0.0,0.0,0.0,0.0,0.0,0.0,0.0,0.0,0.0,0.0,0.0,0.0,0.0,0.0,0.0,0.0,0.0,0.0,0.0,0.0,0.0,0.0,0.0,0.0,0.0,0.0,0.0,0.0,0.0,0.0,0.0,0.0,0.0,0.0,0.0,0.0,0.0,0.0,0.0,0.0,0.0,0.0,0.0,0.0,0.0,0.0,0.0,0.0,0.0,0.0,0.0,0.0,0.0,0.0,0.0,0.0,0.0,0.0,0.0,0.0,0.0,0.0,0.0,0.0,0.0,0.0,0.0,0.0,0.0,0.0,0.0,0.0,0.0,0.0,0.0,0.0,0.0,0.0,0.0,0.0,0.0,0.0,0.0,0.0,0.0,0.0,0.0,0.0,0.0,0.0,0.0,0.0,0.0,0.0,0.0,0.0,0.0,0.0,0.0,0.0,0.0,0.0,0.0,0.0,0.0,0.0,0.0,0.0,0.0,0.0,0.0,0.0,0.0,0.0,0.0,0.0,0.0,0.0,0.0,0.0,0.0,0.0,0.0,0.0,0.0,0.0,0.0,0.0,0.0,0.0,0.0,0.0,0.0,0.0,0.0,0.0,0.0,0.0,0.0,0.0,0.0,0.0,0.0,0.0,0.0,0.0,0.0,0.0,0.0,0.0,0.0,0.0,0.0,0.0,0.0,0.0,0.0,0.0,0.0,0.0,0.0,0.0,0.0,0.0,0.0,0.0,0.0,0.0,0.0,0.0,0.0,0.0,0.0,0.0,0.0,0.0,0.0,0.0,0.0,0.0,0.0,0.0,0.0,0.0,0.0,0.0,0.0,0.0
