0,1,2,3,4,5,6,7,8,9,10,11,12,13,14,15,16,17,18,19,20,21,22,23,24,25,26,27,28,29,30,31,32,33,34,35,36,37,38,39,40,41,42,43,44,45,46,47,48,49,50,51,52,53,54,55,56,57,58,59,60,61,62,63,64,65,66,67,68,69,70,71,72,73,74,75,76,77,78,79,80,81,82,83,84,85,86,87,88,89,90,91,92,93,94,95,96,97,98,99,100,101,102,103,104,105,106,107,108,109,110,111,112,113,114,115,116,117,118,119,120,121,122,123,124,125,126,127,128,129,130,131,132,133,134,135,136,137,138,139,140,141,142,143,144,145,146,147,148,149,150,151,152,153,154,155,156,157,158,159,160,161,162,163,164,165,166,167,168,169,170,171,172,173,174,175,176,177,178,179,180,181,182,183,184,185,186,187,188
0.0,0.0,0.0,0.0,0.0,0.0,0.0,0.0,0.0,0.0,0.0,0.0,0.0,0.0,0.0,0.0,0.0,0.0,0.0,0.0,0.0,0.0,0.0,0.0,0.0,0.0,0.0,0.0,0.0,0.0,0.0,0.0,0.0,0.0,0.0,0.0,0.0,0.0,0.0,0.0,0.0,0.0,0.0,0.0,0.0,0.0,0.0,0.0,0.0,0.0,0.0,0.0,0.0,0.0,0.0,0.0,0.0,0.0,0.0,0.0,0.0,0.0,0.0,0.0,0.0,0.0,0.0,0.0,0.0,0.0,0.0,0.0,0.0,0.0,0.0,0.0,0.0,0.0,0.0,0.0,0.0,0.0,0.0,0.0,0.0,0.0,0.0,0.0,0.0,0.0,0.0,0.0,0.0,0.0,0.0,0.0,0.0,0.0,0.0,0.0,0.0,0.0,0.0,0.0,0.0,0.0,0.0,0.0,0.0,0.0,0.0,0.0,0.0,0.0,0.0,0.0,0.0,0.0,0.0,0.0,0.0,0.0,0.0,0.0,0.0,0.0,0.0,0.0,0.0,0.0,0.0,0.0,0.0,0.0,0.0,0.0,0.0,0.0,0.0,0.0,0.0,0.0,0.0,0.0,0.0,0.0,0.0,0.0,0.0,0.0,0.0,0.0,0.0,0.0,0.0,0.0,0.0,0.0,0.0,0.0,0.0,0.0,0.0,0.0,0.0,0.0,0.0,0.0,0.0,0.0,0.0,0.0,0.0,0.0,0.0,0.0,0.0,0.0,0.0,0.0,0.0,0.0,0.0,0.0,0.0,0.0,0.0,0.0,0.0
7.6144806e-07,1.112915e-05,2.8806237e-06,3.6904048e-06,8.709932e-06,3.8641483e-06,1.7299651e-06,5.058367e-06,2.600025e-06,8.690631e-08,8.673795e-06,1.1509591e-06,3.757682e-06,7.497633e-06,4.5131733e-06,1.9049035e-06,3.7182137e-06,5.045717e-06,6.485278e-07,1.8707098e-06,6.906971e-07,4.3888326e-06,3.2828364e-06,1.6363097e-06,2.6689045e-06,2.272491e-06,1.95161e-07,1.2973198e-06,2.2374525e-06,4.3503707e-07,3.3846695e-06,8.9414823e-07,4.2015745e-06,3.3144972e-06,2.039425e-07,4.472501e-06,1.4408192e-07,2.0399464e-06,9.1880366e-07,3.2792827e-06,7.012335e-07,1.4057916e-06,2.6900907e-06,1.1434937e-06,1.3568144e-06,3.7466102e-06,1.714205e-05,5.3451063e-06,3.295499e-06,9.971182e-06,3.2575504e-06,3.7265363e-06,8.9624893e-07,2.843886e-07,3.5463677e-06,8.0798594e-07,1.0270747e-06,1.7475531e-07,2.9885489e-06,1.6658269e-06,2.0017212e-06,1.6679323e-06,2.5349927e-06,4.1532207e-06,2.9560942e-06,3.9191764e-06,1.3653535e-06,3.2332287e-06,1.7599016e-06,8.405835e-07,8.989813e-07,1.5349707e-07,5.9303884e-06,1.0160965e-05,2.016347e-06,1.6694544e-06,7.0366045e-06,4.659112e-07,2.8965594e-06,1.4951211e-06,9.5087466e-07,1.8325203e-06,3.015171e-06,3.4238832e-07,1.1183647e-06,2.6258135e-06,5.263466e-07,7.3429476e-07,5.185094e-08,6.178434e-07,5.465685e-06,1.0237628e-05,5.0777358e-06,7.647115e-06,5.7011603e-06,7.9488734e-07,5.955576e-06,5.0103586e-06,4.671995e-06,1.2512627e-06,1.8966923e-06,4.1226374e-07,3.3316093e-07,1.9512636e-06,7.672018e-08,1.0590322e-06,5.712148e-07,2.7761823e-07,3.0018766e-06,2.9638554e-06,6.981488e-07,5.6029785e-06,2.2519598e-06,3.5969197e-06,2.8653885e-06,3.8815297e-06,1.4542388e-06,2.4140566e-06,6.1802905e-07,8.7938e-07,2.9210942e-06,1.4164009e-06,1.4721786e-06,7.1972875e-07,5.881612e-07,2.4770065e-06,6.373046e-06,5.104635e-06,4.2285214e-07,3.479268e-06,3.6944596e-06,3.083479e-06,1.5675031e-06,1.0499155e-06,4.4515588e-07,3.2199978e-06,4.450484e-07,3.4002795e-07,8.268623e-08,2.3975795e-06,8.381088e-08,4.977841e-07,1.3645317e-06,6.3200184e-07,4.7264075e-06,2.5924962e-06,1.7575757e-06,1.7789647e-06,7.7907487e-07,9.823614e-07,3.4361217e-06,7.0243885e-08,1.2177456e-06,2.2027187e-07,3.2355233e-06,7.272967e-07,2.2997094e-07,2.7758433e-06,5.5789445e-07,7.122669e-07,2.6925113e-07,3.7602945e-07,1.9414447e-06,1.1186863e-06,1.4638202e-06,1.3064353e-06,1.0942344e-07,7.7540557e-07,3.3985493e-06,1.2294396e-06,2.047164e-06,6.894536e-07,2.808504e-06,2.9714706e-06,3.6859356e-06,3.7755024e-06,6.221898e-06,2.0642933e-06,1.4421582e-06,5.0236786e-06,1.3293459e-06,1.2926971e-06,6.946948e-07,6.7827784e-07,4.7100139e-07,3.267262e-06,1.4492903e-06,1.1986796e-06,1.9881065e-06
0.0,0.0,0.0,0.0,0.0,0.0,0.0,0.0,0.0,0.0,0.0,0.0,0.0,0.0,0.0,0.0,0.0,0.0,0.0,0.0,0.0,0.0,0.0,0.0,0.0,0.0,0.0,0.0,0.0,0.0,0.0,0.0,0.0,0.0,0.0,0.0,0.0,0.0,0.0,0.0,0.0,0.0,0.0,0.0,0.0,0.0,0.0,0.0,0.0,0.0,0.0,0.0,0.0,0.0,0.0,0.0,0.0,0.0,0.0,0.0,0.0,0.0,0.0,0.0,0.0,0.0,0.0,0.0,0.0,0.0,0.0,0.0,0.0,0.0,0.0,0.0,0.0,0.0,0.0,0.0,0.0,0.0,0.0,0.0,0.0,0.0,0.0,0.0,0.0,0.0,0.0,0.0,0.0,0.0,0.0,0.0,0.0,0.0,0.0,0.0,0.0,0.0,0.0,0.0,0.0,0.0,0.0,0.0,0.0,0.0,0.0,0.0,0.0,0.0,0.0,0.0,0.0,0.0,0.0,0.0,0.0,0.0,0.0,0.0,0.0,0.0,0.0,0.0,0.0,0.0,0.0,0.0,0.0,0.0,0.0,0.0,0.0,0.0,0.0,0.0,0.0,0.0,0.0,0.0,0.0,0.0,0.0,0.0,0.0,0.0,0.0,0.0,0.0,0.0,0.0,0.0,0.0,0.0,0.0,0.0,0.0,0.0,0.0,0.0,0.0,0.0,0.0,0.0,0.0,0.0,0.0,0.0,0.0,0.0,0.0,0.0,0.0,0.0,0.0,0.0,0.0,0.0,0.0,0.0,0.0,0.0,0.0,0.0,0.0
1.6047472e-05,8.541534e-05,8.222956e-06,1.763962e-05,1.9277668e-05,6.3876314e-08,5.2082837e-06,2.6040183e-05,2.554376e-05,1.4748546e-05,7.031545e-05,4.8447664e-06,3.9470706e-05,6.80377e-06,9.288357e-06,3.9149268e-06,2.2628048e-05,7.0918313e-06,1.2353245e-05,2.6598505e-05,1.2242344e-07,1.3520632e-05,3.0349183e-05,1.13655515e-05,9.444846e-06,1.6634951e-05,1.7277956e-05,9.033862e-06,2.7538134e-05,5.076385e-06,2.2985938e-05,1.5010923e-05,2.9093764e-05,1.43696925e-05,1.0044873e-06,8.257725e-06,3.442247e-06,3.1535543e-05,4.0917985e-06,2.6254296e-05,1.3304089e-05,1.5490896e-05,2.1930546e-06,4.2964252e-06,4.851036e-06,3.645222e-05,0.00012855217,2.2944027e-05,6.551475e-07,1.2268973e-05,5.706891e-06,1.4370251e-05,5.219008e-06,7.1233903e-06,2.2895116e-05,1.4989233e-05,1.9943336e-06,2.2304582e-06,2.6475864e-05,5.645602e-06,8.703875e-06,8.8497145e-06,7.7009145e-07,1.17146965e-05,3.4042225e-06,8.455498e-06,1.7405386e-06,8.881596e-06,1.5156185e-05,8.7149306e-07,2.3514876e-06,9.9806675e-06,2.730645e-05,6.780656e-05,6.5919437e-07,1.43617135e-05,6.9830467e-06,7.3230303e-06,2.9397147e-06,2.5857844e-08,5.1401057e-06,6.6774282e-06,2.6137808e-05,4.424851e-06,3.903244e-06,1.6887806e-06,3.1067443e-06,2.5847967e-06,5.029516e-07,8.946827e-07,2.7165315e-05,7.053435e-05,1.594705e-05,9.2146774e-07,2.597395e-05,1.5982543e-05,1.4299669e-05,2.0610913e-05,1.9796282e-05,2.3993596e-06,1.6714219e-05,8.299492e-07,8.9271225e-06,6.3024277e-07,1.6124604e-06,4.061034e-06,2.7275887e-06,8.1712176e-07,6.4800706e-06,1.4315453e-05,3.9526494e-06,1.588832e-05,6.7235496e-06,1.4951258e-05,1.8341441e-05,1.5066007e-05,3.352185e-05,1.1412805e-05,9.1399124e-07,1.1370425e-05,4.573873e-06,4.3541822e-06,5.3985227e-06,3.717712e-06,5.431566e-07,3.2447906e-06,9.87506e-06,2.7528044e-05,8.763078e-06,1.9661504e-06,2.6250206e-07,5.3020767e-06,5.064777e-06,8.263756e-06,1.308975e-05,8.218453e-06,4.246949e-06,4.8480997e-06,1.2892147e-06,1.3181806e-05,1.6408497e-06,6.656316e-06,4.8368474e-07,2.1592018e-06,8.688325e-06,2.6043002e-05,6.1999885e-06,5.1249085e-06,7.739404e-07,8.64095e-06,6.6392454e-06,1.35210485e-05,8.351584e-06,1.3014441e-06,2.2713708e-05,2.4320912e-06,3.5980938e-06,6.0533284e-07,1.0785959e-07,4.413009e-06,4.014312e-06,3.6334302e-06,5.668212e-06,5.9806425e-06,1.6803688e-07,4.625609e-06,9.767284e-06,3.4671075e-06,9.089947e-06,8.624184e-06,7.788236e-06,8.534437e-06,3.983984e-05,1.5993932e-05,1.6024916e-05,1.6653798e-05,2.8675053e-05,2.7667948e-06,1.2400865e-06,1.3118321e-05,7.6265096e-06,1.2427087e-05,7.795661e-06,1.215084e-05,7.3268725e-06,5.511899e-06,1.23525215e-05,3.5154844e-06,7.675045e-06
5.2020147e-07,1.1855126e-06,3.8752142e-07,1.8871772e-07,6.4162083e-07,3.7662662e-08,6.7471724e-08,5.751712e-07,4.1227892e-07,3.738084e-07,8.3169556e-07,3.221592e-07,5.666125e-07,1.1045145e-07,2.6937087e-07,5.162815e-08,6.4680637e-07,3.0210967e-07,2.9473142e-08,2.9549676e-07,6.353788e-08,3.5138106e-07,4.819915e-07,2.7404255e-07,1.1025365e-07,3.531162e-07,2.6166506e-07,1.5356704e-07,2.9759758e-07,3.142258e-07,3.0015576e-07,2.3110982e-08,3.121308e-07,8.7589065e-08,1.2460937e-07,5.4439628e-08,9.97067e-08,4.236972e-07,1.3410057e-07,2.6404268e-07,7.654479e-08,3.237685e-07,1.3253705e-07,1.0242439e-07,1.6640016e-08,1.70693e-07,1.7034197e-06,2.405311e-07,6.6042524e-08,7.3202455e-07,1.2734472e-07,2.7586302e-07,2.1306457e-08,1.2818091e-07,3.9948964e-07,2.0750089e-07,2.900964e-07,2.9716762e-07,2.2441704e-07,5.8502195e-08,2.1344121e-08,2.8651127e-07,1.6854324e-07,2.4518172e-07,1.8416706e-08,1.7673929e-07,6.452769e-08,3.7867355e-07,1.5629787e-07,2.139493e-08,4.3872994e-09,2.1154864e-07,2.8038806e-07,1.2970556e-06,2.6185019e-08,1.7592694e-07,2.5644536e-07,3.9269743e-08,3.7561026e-08,5.157143e-08,2.951279e-07,2.8511009e-08,3.7262788e-07,1.2782445e-07,5.7329657e-08,2.0975426e-07,5.6798125e-08,1.2474335e-07,1.5783849e-08,7.5079356e-08,3.108152e-07,1.3197752e-06,3.6254468e-07,4.698524e-07,2.9041482e-07,2.1877281e-07,3.4562018e-07,2.8646878e-07,2.8133277e-07,5.08354e-08,3.149543e-07,6.9043175e-08,3.933806e-08,1.7882797e-07,1.4514928e-08,1.2173454e-07,7.1033696e-08,9.435195e-09,1.224884e-08,5.775207e-07,4.5659007e-08,4.388825e-08,6.1889244e-07,4.016534e-07,4.5624427e-07,4.2635765e-08,3.43548e-07,6.6484986e-08,1.7854846e-07,3.2346904e-08,5.8730592e-08,1.37532e-07,6.7395554e-08,6.0596975e-08,9.463347e-09,3.5396954e-09,2.683571e-07,4.810935e-07,1.9542088e-07,3.5478172e-07,1.998321e-07,2.175546e-07,3.8731326e-08,7.8717277e-10,2.2241099e-07,1.5709107e-07,4.0977937e-08,1.7281101e-07,2.8113732e-07,1.10124084e-07,7.207523e-08,1.5030449e-07,1.16722504e-07,3.8958614e-08,1.2467841e-07,3.1870093e-07,5.9191265e-08,3.3810622e-08,2.0174579e-07,1.5203915e-07,4.7728783e-08,9.240159e-08,7.072974e-09,1.1034053e-07,4.115692e-07,1.3472078e-07,1.12992e-08,1.9150491e-07,5.9511176e-08,1.1023796e-07,1.2889617e-08,3.2751394e-08,8.6778755e-08,5.719608e-08,3.381868e-08,8.181237e-08,4.420723e-07,2.0489065e-07,1.11844045e-07,1.1654294e-07,2.2962715e-07,5.3470426e-08,3.4020798e-07,4.503842e-07,9.650445e-08,1.18170696e-07,5.144076e-07,3.2207248e-07,1.5662631e-07,1.13228886e-07,2.2854024e-08,2.4456472e-07,7.551732e-08,7.166449e-08,8.518787e-08,1.9488213e-07,3.581651e-08,5.8358612e-08,4.3744016e-08
0.0010387083,0.005115768,0.0016868891,0.0011444547,0.00036669505,0.0006955947,0.00063040736,0.0011481666,0.00080618466,0.0014721736,0.0034799895,0.0011765609,0.002722047,0.0011106527,0.00035298706,0.0005864104,0.0027153848,0.0005684303,0.0004518038,0.0016626052,0.00046810094,0.00091150624,0.0029800949,0.0017993603,0.0002932348,0.0009763918,0.0009000809,0.0003397675,0.0010110494,0.00053407496,0.00039014648,0.000482626,0.0016500533,0.00042255933,0.0002543216,0.00053734024,8.0429425e-05,0.0020160524,5.6043078e-05,0.0018590622,0.00030496807,0.0011479423,3.4583907e-05,0.0003785193,0.00039181052,0.0014365411,0.0074335574,0.0008336055,9.051536e-05,0.000895223,3.0498952e-05,0.0002584897,0.00018172908,0.00053400267,0.00012320597,0.0013570104,0.000816129,0.0006359492,0.0019830493,5.6321158e-05,0.0005058553,0.00032736664,0.00067960186,0.00013597283,0.00018502622,9.605891e-05,0.00023043892,0.001294823,0.000729111,0.00028629997,0.00034994437,0.0013809623,0.00026839966,0.0046793167,0.0004379903,0.001249704,0.0008690062,0.0001166912,0.00023048368,0.00045830442,0.0002795891,0.00016332108,0.0018113197,0.00041161207,7.4306794e-05,0.00018687194,0.00012031623,0.00017982407,0.00019032368,0.00026407448,0.0021776874,0.004406011,0.00012771355,0.00081308605,0.0014898796,0.0013900619,3.730601e-05,0.0011543256,0.00096690934,8.179798e-05,0.0012057659,0.00011715229,0.0002940023,4.339619e-05,4.7216166e-05,0.00024706544,8.466596e-05,0.00013811016,0.00060090155,0.0003891897,0.0011882496,0.0013812977,0.001695823,0.00078093325,0.00013149297,0.00013511238,0.0011753103,0.00076867116,0.00026110624,6.907614e-05,0.00013754507,5.1445168e-05,0.00025445689,0.00015633245,4.951625e-05,5.464515e-05,0.00010196278,0.001162486,0.00021335049,9.175774e-05,0.0007014099,0.00043734047,0.00010966975,0.00014753209,0.00056766026,0.00011398,0.0010320346,0.00052514987,6.625126e-05,0.00032082514,0.00028435822,0.0011214868,2.808695e-05,0.00015739065,0.00044423155,0.0011461881,0.00026705515,0.00037101744,0.000391507,0.0009020746,0.0003630843,0.00064046396,0.00055984186,2.9171722e-05,0.0013010893,0.00025345042,0.0001101322,9.157911e-05,0.00022138299,0.00017683071,0.0004935276,6.916435e-05,0.00024158407,0.00036748708,2.3908273e-05,0.00027495628,0.001504396,0.00047917198,0.00035705202,0.00074889476,0.000334741,0.00029913805,0.0023398302,0.00054501195,0.001612253,0.0010352626,0.0022124944,0.00041864783,2.5257032e-05,0.0003961592,0.0006013999,0.00097506796,0.0009629583,0.00052084564,0.0010104756,9.392131e-05,0.00096640503,0.0007142064,0.00030333098
0.0022861825,0.007281026,0.00044559716,0.0011941832,0.0011709417,0.0012681254,0.0009103312,0.00307962,0.00022338454,0.0012194436,0.006403171,0.0019173828,0.0036567166,0.0031933498,0.00011745287,0.0020868534,0.002650193,0.0010580732,0.00071189913,0.0024334453,0.00055308803,0.0020300662,0.0031667629,0.0009616739,0.0006998754,0.000922086,0.0007911236,0.001452065,0.0031082486,0.0013117397,0.003108563,0.0022283832,0.0010347707,0.0021199007,0.00030014635,0.00071541354,0.00049461523,0.0035749858,0.00083157985,0.0030798824,0.0007561059,0.002227928,0.0010759456,0.0005249264,0.0007399645,0.0039952756,0.012788361,0.0007663162,0.0020301894,0.0013771345,0.00048957416,0.0014236752,0.0010550437,0.0010198742,0.0010017965,0.0020206815,0.0018632176,0.0027930127,0.0016293345,0.0031053338,0.0005224787,0.00035038716,0.0013837063,0.0007914508,0.0012963172,0.0013462766,0.0009373249,0.0014514694,0.001535635,0.00048005357,0.00021070057,0.0007137965,0.0016603875,0.008214227,0.0013466846,0.002774923,0.003317219,0.00075496564,0.0011050293,0.0016503673,0.0014918617,0.0003085374,0.0029213955,4.151027e-05,0.00093252317,0.00025422548,3.453346e-05,0.0006214908,0.00056522945,6.421516e-05,0.0036046542,0.0076571875,0.00084427546,0.0027959244,0.0009199342,0.0015851008,0.002603233,0.0010657689,0.00026525542,0.00024034918,0.0015253548,0.00022317425,0.00048208766,0.0003051028,0.00043178463,0.0008314634,0.00029845067,0.00052617403,0.0005494533,0.0009902453,0.00064512354,9.516388e-05,0.004411018,0.0023844626,0.0011433882,0.0002142677,0.00028024428,0.0014309585,0.00066418166,0.000101430545,0.00056885276,0.00012956996,0.00064341765,0.0014042052,0.00077492994,0.00018720352,0.0022339954,0.0031602327,0.00013427224,0.0008898523,0.0020569013,0.00050401635,0.0013235386,0.00082621333,0.00044329028,0.001478956,0.00094007514,0.000344129,0.0021449435,0.0006064839,7.0363356e-05,0.0013421668,0.0012034562,0.0007980367,0.0018203692,0.0015231462,0.00056582305,0.00053671934,0.0021206676,0.00017389425,5.0455543e-05,0.0014486695,0.00085337705,0.00073093385,0.0022662033,0.00027691858,0.0008609991,3.2505486e-06,0.00024587812,0.0006686172,0.00051915547,0.000785852,0.001716383,0.0005041916,5.3037118e-05,0.00043857226,0.0019472659,9.843215e-05,0.0004917957,0.00081713096,0.00019725981,0.0023506056,0.0050201123,0.0014433712,0.00044423656,0.0008181409,0.00015323136,0.00042906834,0.0008261527,0.0006258517,0.0010862894,0.0012254531,0.00023734698,0.00047603302,0.00038486265,0.0011374622,0.0010884334,0.0005992057,0.00021598196
0.0017526648,0.0063097365,0.0011450719,0.00032473935,0.001998424,0.0013469867,0.0006204249,0.0023374502,0.0010358994,0.001685532,0.0045085335,0.0006835589,0.0024269072,0.000521929,0.00058746024,0.00068565755,0.003414113,0.00024195894,0.0006436041,0.002119835,6.6525216e-05,0.0014677269,0.0031446875,0.0015688936,0.00042381708,0.0016403621,0.0010952459,0.00033318432,0.0010600851,0.0010595054,0.00035664666,0.0010592106,0.0018521298,2.5815345e-05,0.00017882558,0.0005536908,0.00037050404,0.0029640482,0.00046441748,0.0016583486,0.00071926066,0.0009482576,0.00018417859,0.0001620552,0.00046408124,0.0010149346,0.010590834,8.529294e-05,0.00026611506,0.0014983923,0.00055323524,0.00021858464,1.1827651e-06,0.0011062732,0.00019423902,0.0023726025,0.00061745336,0.001320522,0.0020707692,0.00016093659,0.00024497637,0.00020484213,0.00095911906,0.0006736775,0.0003361746,8.853178e-05,0.00064525096,0.0013688786,0.0011233411,0.00030453308,0.00011080761,0.0015952487,0.0008688512,0.006562725,0.0012055533,0.0006953329,0.00045464162,0.0004276443,0.00016409645,0.00067428045,0.0008338396,0.00045666765,0.0024386127,0.00036865583,0.00015372067,0.00033312713,8.56468e-05,0.00036390885,0.00025589173,0.00018910425,0.0035041273,0.006089232,0.0007077117,0.0012884991,0.0013194475,0.0011555894,0.00010177716,0.0018350149,0.0006026084,0.00022344306,0.0015655457,3.6707002e-05,0.00013009172,0.0007338013,0.00023110275,0.00049406796,0.0002714398,0.00038596994,6.82594e-05,0.001479365,0.0024175462,0.0011971119,0.0019464345,0.0008078683,0.00061037374,0.0004974867,0.0018301352,3.3920485e-05,2.880262e-05,2.4886976e-06,0.00029312086,0.0009845367,0.00039633195,0.0003822101,5.322139e-05,0.0004479014,0.00020337553,0.0020207937,0.00018531329,7.517813e-05,0.0010758108,0.00036866762,0.00034197245,0.0009984281,0.00019957236,0.00016246617,0.0014279652,0.00084979075,0.0008574599,0.00023548189,0.00017253269,0.0013345248,0.00052010897,0.00030618702,0.00053394894,0.0016401848,0.00022384376,0.0012833258,0.00093878637,0.0011122352,4.5193636e-05,0.00041687748,3.714552e-05,0.00035600015,0.0016203979,0.0002815156,0.00014308456,0.0008192103,0.00012445395,0.00017126078,0.00032536066,0.00019069698,0.00041962662,6.426459e-05,0.00015537336,0.0011219591,0.0012641466,0.00012637202,0.0006488986,0.0021275354,0.00094879046,0.00070579577,0.0042102956,0.0018687597,0.0018080289,0.00025023852,0.0010020402,0.00077684957,0.000995944,5.3647687e-05,4.9937807e-06,0.0008900928,0.0013248748,7.88114e-05,0.0005804524,7.8766825e-05,2.0070474e-05,0.00047066563,0.0006375448
1.9401313e-08,2.7468548e-08,1.9876065e-08,1.8239648e-08,8.273736e-09,1.6638206e-09,2.1081796e-08,2.3950488e-08,1.2364987e-09,3.3267852e-08,2.7268593e-08,6.5860566e-09,2.4950484e-08,4.3226263e-09,1.3227311e-09,1.653953e-08,1.5951562e-08,1.0642546e-08,1.1625184e-08,3.5587857e-09,3.8413384e-09,2.5501083e-09,1.2523878e-08,6.4542447e-09,3.5541428e-09,5.570395e-10,4.098223e-09,2.0767963e-09,1.4155985e-09,1.4560799e-09,2.4850761e-09,6.1661e-09,6.29249e-09,1.1876084e-08,6.3635737e-09,3.639285e-09,9.426418e-09,4.611205e-09,1.1756559e-08,1.4931977e-08,1.6115877e-08,7.1013206e-10,4.930208e-09,4.2090864e-10,5.6496496e-10,1.2431678e-09,6.084153e-09,1.4629488e-08,1.2527811e-08,1.4589361e-08,9.101144e-09,7.974616e-09,2.9569428e-08,8.461234e-09,1.6949043e-08,1.574448e-08,1.207639e-08,8.084315e-09,1.2568561e-08,3.2208771e-09,1.015657e-08,3.8605164e-10,2.5373925e-09,5.675921e-09,3.0242675e-09,6.3564514e-09,1.9249333e-09,1.727351e-09,1.7821463e-09,2.0437259e-09,1.7501773e-09,2.9420941e-09,2.6206031e-08,2.6709063e-10,2.1950951e-08,2.1084988e-08,1.2328014e-08,2.5515776e-09,1.1538709e-08,5.994974e-09,4.5288493e-09,1.5884773e-09,8.5595714e-10,5.894672e-09,3.5697003e-09,8.572086e-09,2.9975813e-09,3.2541307e-09,5.2084403e-09,9.589001e-10,2.0787226e-08,1.701537e-08,2.5419315e-08,1.1160825e-08,2.0109336e-09,8.534845e-09,1.4115036e-08,8.058253e-09,4.168634e-09,4.179928e-09,5.6496124e-10,2.7698872e-09,3.3532013e-09,7.018616e-09,1.0566512e-09,1.0383534e-09,6.467051e-09,1.6193522e-09,8.479219e-09,1.9893445e-09,1.2800361e-09,9.579894e-09,3.5882376e-08,7.193828e-09,1.0092851e-09,1.7101172e-08,1.3580059e-09,8.955335e-09,4.3708432e-09,7.222507e-09,3.2611527e-09,1.8352917e-09,1.3291457e-10,5.6364016e-09,6.514955e-11,2.8553075e-09,3.3348033e-09,1.7996332e-08,1.5440458e-08,1.45913495e-08,5.2452127e-09,1.9213473e-09,1.7903428e-08,4.9272004e-09,8.7717833e-10,3.6062027e-09,1.8466741e-09,5.3049976e-10,1.4668889e-09,1.4661175e-08,3.9130517e-09,1.14173835e-08,5.277673e-09,7.346068e-10,8.262842e-09,3.318164e-09,2.1970191e-10,8.629546e-09,1.070672e-08,5.640902e-09,7.453506e-09,8.391202e-09,2.0888924e-09,6.380925e-09,9.1549446e-10,4.647909e-09,8.7729407e-10,8.026555e-09,3.2558045e-09,2.1518716e-09,4.620439e-09,3.4349235e-09,4.228353e-09,4.969035e-09,1.0953387e-08,7.693941e-09,4.6662274e-09,8.146184e-09,9.516137e-09,5.998125e-09,5.686288e-09,2.0711337e-08,2.243531e-08,1.2760996e-08,2.939342e-09,9.990402e-09,4.506356e-09,6.741658e-09,5.0335967e-09,1.7087551e-09,1.9287132e-09,7.9702795e-09,2.2149687e-09,1.0024434e-09,9.494937e-09,3.8768775e-09,1.0309531e-11,1.9759991e-09,7.291767e-10
0.020960456,0.1427139,0.055258445,0.018049192,0.011165762,0.049966626,0.0103367,0.027487906,0.008803947,0.022616021,0.13235614,0.010748835,0.072852395,0.048673045,0.032435387,0.020520976,0.02494953,0.0035238648,0.010539053,0.046366263,0.00837757,0.029618783,0.073977344,0.015305399,0.0027036248,0.03380349,0.030737832,0.033669993,0.042708155,0.003778982,0.029818097,0.04742432,0.03773271,0.021796588,0.003611113,0.0010646738,0.0021416536,0.06390996,0.00020388514,0.04116998,0.029027209,0.040209778,0.007940312,0.010734741,0.0021384908,0.076268494,0.22820437,0.008486869,0.03127177,0.023091149,0.010302083,0.021463811,0.014769757,0.01670165,0.026778553,0.025896423,0.045705117,0.031128041,0.029939992,0.032304708,0.0024598902,0.0070584067,0.018029647,0.0047682915,0.008450678,0.021401709,0.010036396,0.027179886,0.026394194,0.006293865,0.0038859101,0.0043336623,0.03759696,0.1401133,0.002546627,0.03495977,0.056934025,0.0054524923,0.015005319,0.011531071,0.02742607,0.0025357762,0.04654481,0.004192344,0.0059406487,0.0054306975,0.0065185376,0.0103288,0.0061876248,0.0074512595,0.046235174,0.13034283,0.0068726693,0.014571147,0.036411528,0.0026371852,0.017933488,0.015344354,0.012555689,0.0006097965,0.027677642,0.0042486624,0.00072382647,9.591365e-05,0.011845392,0.0114428345,0.0036426114,0.010483353,0.026282659,0.024888823,0.006916102,0.003962973,0.06242547,0.050680064,0.044229813,0.014623361,0.030802028,0.04337123,0.0072479798,0.0075778593,0.0049910727,0.003437133,0.006389904,0.0028951042,0.025941722,0.00048348837,0.01701013,0.03426128,0.0044253385,0.020833079,0.021099577,0.016659897,0.0072845095,0.023591906,0.0054677473,0.011016963,0.010372576,0.010282909,0.024469528,0.003287091,9.619119e-05,0.018693127,0.019729342,0.020959979,0.021226272,0.03641607,0.0024158119,0.0014335457,0.0071116565,0.018182687,0.005569126,0.023336152,0.002470872,0.008699957,0.038271084,0.0050224364,0.004571704,2.4485169e-05,0.0060518202,0.008583527,0.00679692,0.018999508,0.0064433664,0.028022027,0.005280404,0.011287918,0.021016065,0.010162773,0.0018663453,0.0056853783,0.011367692,0.02047958,0.06665938,0.03147113,0.0044299252,0.04483349,0.02723872,0.001507978,0.005925252,0.009926466,0.020962756,0.03118609,0.01302768,0.0072236746,0.0017369017,0.009046468,0.0073049637,0.02144379,0.013515254
0.024371944,0.57643133,0.28931877,0.22606781,0.168646,0.20896111,0.020045336,0.10425779,0.07676938,0.013120744,0.63016534,0.21778147,0.36471996,0.13855173,0.21867292,0.06992749,0.27578717,0.032139774,0.09680128,0.025497574,0.107061416,0.08200854,0.14239651,0.16094926,0.06956191,0.11363105,0.027736047,0.12157396,0.10087521,0.16901907,0.07288422,0.026000168,0.17828664,0.010093845,0.052295767,0.005693152,0.048579767,0.09300104,0.15239842,0.14415565,0.051174488,0.12044841,0.05570422,0.05247297,0.02793643,0.05871044,0.5931965,0.11668807,0.012501487,0.106085114,0.11668256,0.008815337,0.026517803,0.099914804,0.06627224,0.029299654,0.09399205,0.03707883,0.029745646,0.0027622283,0.0948735,0.033931144,0.006160331,0.004452217,0.032418206,0.092370965,0.05335652,0.02399805,0.02182578,0.0030534342,0.03910131,0.032471105,0.036286972,0.34864792,0.10907604,0.14137724,0.056886926,0.10440733,0.052118346,0.015178822,0.00603698,0.007807583,0.17680645,0.055179153,0.018434312,0.015436877,0.024776712,0.007456908,0.022263978,0.015886648,0.19365013,0.31097925,0.052151594,0.09200989,0.19222601,0.08099845,0.020496367,0.08065884,0.0051643923,0.015823495,0.13418493,0.024368485,0.04017272,0.025934048,0.05355973,0.0041243904,0.0013269223,0.02959096,0.1349526,0.08679444,0.012916008,0.19652435,0.0114752855,0.04913459,0.016898625,0.0026604347,0.07962643,0.08293879,0.058239438,0.055019237,0.050392807,0.037866354,0.038307212,0.022897653,0.042304937,0.0038790128,0.059926204,0.10720967,0.15035626,0.052970197,0.046315778,0.096165426,0.023411153,0.08672607,0.015493246,0.0026146285,0.120208964,0.044479445,0.029117607,0.03879604,0.011946579,0.1563665,0.057324283,0.008985924,0.005645642,0.12149264,0.04878345,0.08911057,0.09230691,0.18595488,0.049533404,0.020852892,0.07031858,0.0073414706,0.14748663,0.018802397,0.055081356,0.069348544,0.036437135,0.0038032392,0.032162834,0.013433296,0.05935765,0.022033693,0.046270095,0.055837683,0.045706905,0.031371117,0.07161406,0.16532747,0.11137166,0.02282394,0.15807223,0.028155394,0.12901297,0.012377918,0.18842056,0.085232556,0.023402885,0.088568196,0.00035479444,0.029611858,0.0908432,0.06531283,0.035256974,0.058778785,0.02754913,0.025155876,0.08774024
0.010962181,0.025982343,0.0071936864,0.003182471,0.012748541,0.008431739,0.0019533313,0.017179746,0.0005449753,0.0127028385,0.0168776,0.0023480305,0.0017539735,0.019892944,0.0019412371,0.00085753493,0.008711822,0.0089789685,0.0029117763,0.0030372106,0.00036546355,0.002200583,0.006214907,0.006171569,0.0006139218,0.004452205,0.0033107686,0.004657593,0.011475188,0.0035923012,0.004200218,0.011358871,0.016929068,0.0036840502,0.0005991927,0.0046924073,0.002154613,0.010539582,0.0032376382,0.0012808568,0.0014212448,0.0022863261,0.0051102717,0.0022605157,0.0058889557,0.020933054,0.026384609,0.0046389955,0.007337262,0.015009045,0.017126817,0.0004199529,0.0043047937,0.0067337723,0.006357,0.009092579,0.004295915,0.00086306315,0.017308924,0.0017039895,0.009767832,0.010881379,0.011610494,0.000924589,0.0037205727,0.0049726684,0.00039747663,0.00015369378,0.0010350981,0.00030240964,0.001025656,0.0015465907,0.009623863,0.012890738,0.007350803,0.0064825527,0.007056898,0.0073739886,0.005062479,0.004551301,0.0076033426,0.0026210586,0.0060099913,0.0005750749,0.0014775494,0.010612265,0.0028804461,0.00064187334,0.0014882602,0.0021081436,0.0036741954,0.00260083,0.008766205,0.01317399,0.03465419,0.01695289,0.0078594405,0.0035687063,0.005875727,0.0014501457,0.0058345427,0.00082111073,0.00046589185,0.006798642,0.004275048,0.0005262927,0.0008696527,0.0032738706,0.006874793,0.013437902,0.008124896,0.0047538443,0.005147054,0.00026869378,0.00573759,0.004317878,0.0050458433,0.0031475613,0.0026113188,0.005803849,0.0050491663,0.008933564,0.005541967,7.151975e-05,0.005347172,0.0030696404,0.002100083,0.0009768379,0.0030413216,0.00090559246,0.015264322,0.0041397396,0.0041546435,0.0038167995,0.0023744581,0.00077932375,0.00753171,0.000676177,0.004897029,0.010994941,0.0010801915,0.0037222044,0.009973269,0.00017414615,0.001516134,0.008484881,0.0019593693,0.0032836702,0.003945481,0.0040810085,0.0019472721,0.00032087287,0.003886745,0.002827546,0.0060923034,0.0010639302,0.0011209636,0.009725133,0.0061806613,0.00028251536,0.0010447709,0.002654594,0.004133815,0.003436789,0.0029820576,0.00044494192,0.0019888305,0.00422163,0.0006947767,0.0067252168,0.0002446724,0.005708919,0.007945066,0.007087545,0.0021245235,0.01177,0.007926782,4.339963e-06,0.012454444,0.0025491854,0.0019026623,0.010601383,0.0012302303,0.0013351091,0.014403725,0.00038556184,0.0023420048,0.004725658,0.00071160117
0.0,0.0,0.0,0.0,0.0,0.0,0.0,0.0,0.0,0.0,0.0,0.0,0.0,0.0,0.0,0.0,0.0,0.0,0.0,0.0,0.0,0.0,0.0,0.0,0.0,0.0,0.0,0.0,0.0,0.0,0.0,0.0,0.0,0.0,0.0,0.0,0.0,0.0,0.0,0.0,0.0,0.0,0.0,0.0,0.0,0.0,0.0,0.0,0.0,0.0,0.0,0.0,0.0,0.0,0.0,0.0,0.0,0.0,0.0,0.0,0.0,0.0,0.0,0.0,0.0,0.0,0.0,0.0,0.0,0.0,0.0,0.0,0.0,0.0,0.0,0.0,0.0,0.0,0.0,0.0,0.0,0.0,0.0,0.0,0.0,0.0,0.0,0.0,0.0,0.0,0.0,0.0,0.0,0.0,0.0,0.0,0.0,0.0,0.0,0.0,0.0,0.0,0.0,0.0,0.0,0.0,0.0,0.0,0.0,0.0,0.0,0.0,0.0,0.0,0.0,0.0,0.0,0.0,0.0,0.0,0.0,0.0,0.0,0.0,0.0,0.0,0.0,0.0,0.0,0.0,0.0,0.0,0.0,0.0,0.0,0.0,0.0,0.0,0.0,0.0,0.0,0.0,0.0,0.0,0.0,0.0,0.0,0.0,0.0,0.0,0.0,0.0,0.0,0.0,0.0,0.0,0.0,0.0,0.0,0.0,0.0,0.0,0.0,0.0,0.0,0.0,0.0,0.0,0.0,0.0,0.0,0.0,0.0,0.0,0.0,0.0,0.0,0.0,0.0,0.0,0.0,0.0,0.0,0.0,0.0,0.0,0.0,0.0,0.0
0.0,0.0,0.0,0.0,0.0,0.0,0.0,0.0,0.0,0.0,0.0,0.0,0.0,0.0,0.0,0.0,0.0,0.0,0.0,0.0,0.0,0.0,0.0,0.0,0.0,0.0,0.0,0.0,0.0,0.0,0.0,0.0,0.0,0.0,0.0,0.0,0.0,0.0,0.0,0.0,0.0,0.0,0.0,0.0,0.0,0.0,0.0,0.0,0.0,0.0,0.0,0.0,0.0,0.0,0.0,0.0,0.0,0.0,0.0,0.0,0.0,0.0,0.0,0.0,0.0,0.0,0.0,0.0,0.0,0.0,0.0,0.0,0.0,0.0,0.0,0.0,0.0,0.0,0.0,0.0,0.0,0.0,0.0,0.0,0.0,0.0,0.0,0.0,0.0,0.0,0.0,0.0,0.0,0.0,0.0,0.0,0.0,0.0,0.0,0.0,0.0,0.0,0.0,0.0,0.0,0.0,0.0,0.0,0.0,0.0,0.0,0.0,0.0,0.0,0.0,0.0,0.0,0.0,0.0,0.0,0.0,0.0,0.0,0.0,0.0,0.0,0.0,0.0,0.0,0.0,0.0,0.0,0.0,0.0,0.0,0.0,0.0,0.0,0.0,0.0,0.0,0.0,0.0,0.0,0.0,0.0,0.0,0.0,0.0,0.0,0.0,0.0,0.0,0.0,0.0,0.0,0.0,0.0,0.0,0.0,0.0,0.0,0.0,0.0,0.0,0.0,0.0,0.0,0.0,0.0,0.0,0.0,0.0,0.0,0.0,0.0,0.0,0.0,0.0,0.0,0.0,0.0,0.0,0.0,0.0,0.0,0.0,0.0,0.0
0.0007898169,0.0015958325,0.00021427042,0.00014437735,0.00014784514,0.00070172845,0.0001994193,0.00024241522,0.00057402713,0.0006977221,0.0015645461,0.0005303574,0.0006286899,0.00030896912,0.000105306244,7.932837e-05,0.00074904587,0.00065739546,5.421473e-05,0.0006304707,0.00042235188,0.00026830417,0.0017598146,0.0003818854,0.00011705344,4.2921092e-05,0.00012986563,0.0006843749,0.00061242643,0.0006645996,0.0007286618,0.00062589685,0.00084877596,0.0007160871,0.00094434276,0.0001912496,0.00048034673,0.00029641038,0.000507705,0.0013103227,0.0010330238,0.00046058002,0.00030755973,2.2904496e-05,8.004945e-05,0.00132078,0.0031909582,0.0005507198,8.800202e-05,0.00076382986,0.0002396891,0.0001183134,0.00046649663,0.0005216473,7.168831e-05,0.00048090404,0.0001408592,0.00019959544,0.00052332855,0.00081591774,0.0003383485,0.00022539472,2.299386e-05,0.00055721134,0.0005576752,4.0621297e-05,0.00058445503,0.0004862404,0.00037282938,0.0003165363,7.4743424e-05,0.00018894288,0.000772241,0.0014996266,0.00061046326,0.000526758,0.0014278151,0.00029358396,0.00019785785,0.00047055073,3.4302338e-06,0.00010222319,0.0006652609,0.00010295637,0.00019446589,0.0003427919,8.567949e-06,8.3514395e-05,0.00011863271,0.00023119555,0.00047504622,0.0013581519,0.00027398227,0.00042602007,0.0012061266,0.00071117387,0.00041790027,0.00029805955,0.00016713029,0.00019024934,0.0003427465,6.785363e-05,0.00014991585,0.00011377265,5.707649e-05,7.2218514e-05,0.00013308662,9.3276816e-05,0.0007584976,0.0007872321,0.0005616991,0.0009940984,0.0011159484,0.00011065851,0.0002209776,0.00016816761,0.00032420686,0.0004918446,0.00013008769,0.00042471348,0.0008988662,0.00044615183,0.00030499272,2.3674642e-05,0.0008508408,0.00061743474,0.00018559326,0.00030443724,0.0004924707,0.00023978231,0.0004911707,0.00040481286,0.0006407068,0.000600277,1.4644378e-05,0.00033095054,0.00031697983,0.00018484022,0.0010569295,0.0003574909,0.00014986398,0.00048552075,0.000119520926,4.3307373e-06,0.0002912223,0.00044658102,0.0003349155,0.00020631285,0.00012250457,0.00038619584,0.0011221606,0.0003837586,0.00054738164,0.0001514538,0.00041503905,3.0692627e-05,0.00020439061,1.721608e-06,0.00014106891,0.00016555833,0.0003668411,0.00014052015,0.0004780619,0.0002309467,0.00011769304,0.0001972352,0.0011882072,0.0004985244,2.841375e-05,8.015374e-05,0.00033578323,0.0002821243,0.0013274645,0.0010622687,0.0010642397,0.00029461514,0.0016519311,2.7118713e-05,0.0010041755,0.00014920392,4.958365e-05,0.00018623285,0.00028525636,0.0005717413,0.00068442663,1.4751073e-05,0.00070344325,9.9070574e-05,0.00021830724
3.8541407e-07,2.211623e-05,4.9375008e-06,1.505638e-06,5.002221e-12,3.21601e-06,1.9774166e-06,2.9853215e-06,9.249583e-06,1.6341186e-06,2.3147164e-05,5.1577413e-06,1.1875603e-05,2.0451384e-06,2.4710816e-06,2.8045597e-06,2.2517145e-06,6.311652e-06,3.0617268e-06,4.072641e-06,1.5857362e-06,7.93715e-06,1.3226667e-05,3.488116e-06,2.2761576e-06,5.204395e-06,7.78262e-06,3.950139e-06,4.0162527e-06,3.5598268e-06,8.452839e-06,7.848625e-06,6.3749094e-06,1.8064442e-06,5.5250835e-06,2.0480417e-07,9.458473e-07,4.651547e-06,1.2521981e-06,8.972924e-06,6.253749e-06,2.504548e-06,2.3644793e-07,1.325343e-06,2.3404325e-06,9.528291e-06,3.5154746e-05,2.2127026e-06,8.227446e-07,1.6894996e-06,3.4149539e-06,6.1529454e-07,2.770518e-06,1.9297477e-06,2.4324495e-06,2.691882e-06,4.189638e-06,2.748739e-06,6.0735842e-06,5.2586975e-06,3.025913e-06,1.0502818e-06,1.972019e-06,1.2761873e-06,4.31811e-06,1.3714435e-06,4.823059e-06,4.116325e-06,4.5859247e-06,6.3966695e-08,2.9400547e-07,2.9742478e-06,6.2569634e-06,2.0623247e-05,2.1291748e-06,1.0815839e-05,6.745262e-06,8.029974e-08,1.5104315e-06,3.2978878e-06,5.1248294e-06,1.298643e-07,5.734467e-06,1.4363122e-06,6.739707e-07,1.08261474e-07,1.6641438e-06,9.332827e-07,7.22302e-07,6.223851e-07,7.552934e-06,1.6884265e-05,2.1030667e-06,3.5138387e-06,1.1359687e-06,1.06064035e-05,2.943385e-06,5.8743726e-06,2.9244998e-06,6.3612123e-07,3.0782628e-06,9.333144e-07,2.914856e-07,5.185179e-07,1.1230145e-06,1.2235533e-06,1.8415881e-06,1.602095e-06,1.0469854e-06,4.95598e-07,1.2079889e-06,8.267041e-06,1.9017283e-06,5.271183e-06,3.37779e-06,4.5039985e-07,5.5938863e-06,1.487289e-06,3.3239419e-06,4.1891252e-07,2.8174472e-06,2.189082e-06,9.286083e-07,2.2605773e-06,8.284326e-07,4.4457597e-06,6.8324795e-07,9.0879166e-07,1.2663794e-06,9.720485e-07,1.1730776e-07,2.7241003e-07,1.9879587e-06,1.584935e-06,2.1462704e-06,1.5724252e-07,3.9375136e-06,9.95366e-07,3.7506746e-07,1.4410537e-07,7.4080765e-07,1.6935916e-06,1.0432757e-06,3.9839284e-07,2.3513364e-06,6.3528223e-06,8.899799e-07,3.8790017e-07,3.853063e-08,3.6718604e-06,3.5971889e-06,2.1458711e-06,1.6649474e-07,2.3381602e-07,3.92504e-06,7.8946783e-07,2.6306014e-07,1.9366635e-06,1.126925e-06,1.9016966e-08,1.5637022e-07,6.063815e-07,1.6274523e-06,8.2685983e-07,7.461242e-07,1.7580937e-06,4.219064e-06,2.969312e-06,2.825696e-06,1.9823935e-06,1.2514087e-06,1.2104724e-06,1.1418238e-05,3.424692e-07,6.185417e-06,4.1325475e-06,1.3279158e-06,3.0627386e-06,4.3426286e-07,1.3279144e-06,6.864138e-07,9.552193e-07,1.8941697e-06,2.515917e-06,5.247171e-06,1.710509e-06,1.6681834e-06,2.3911596e-06,2.122588e-08
0.00014755246,0.00033924374,7.517973e-05,0.00015379794,8.011374e-05,0.00020613578,1.1079577e-05,3.0597025e-06,1.8688126e-05,8.896578e-05,0.00031203177,0.00021740493,6.754083e-05,0.000100759426,0.00018737002,4.3121934e-05,2.0806714e-05,2.609133e-06,3.7129823e-05,9.673514e-05,6.945181e-05,4.030617e-05,0.00023683553,7.133825e-05,0.00012928215,2.9588815e-05,4.8430193e-05,0.00015325098,5.220691e-05,0.00017294372,0.00022914032,0.00018439109,0.00024769083,0.00013794663,0.00020516079,0.00011952147,0.0001787755,3.8391652e-05,9.6777134e-05,0.00016530935,0.000221917,7.8427925e-05,4.662407e-05,4.5195284e-05,2.567101e-05,0.00022727042,0.00050651986,0.00011589845,0.00027669547,1.8589155e-05,0.00021157424,9.099498e-06,2.2064098e-05,2.0084786e-05,2.8243252e-05,1.9041352e-05,5.1015806e-05,3.796828e-05,0.00015620273,0.00015603605,3.3374206e-05,3.7134232e-06,6.363469e-05,6.916968e-05,9.984727e-05,2.13588e-06,0.00011746537,6.427368e-05,6.476146e-05,3.9191047e-05,1.1921555e-05,1.49428515e-05,0.00014240545,0.0002582464,0.00015770254,2.7169983e-05,0.00015110298,1.8723003e-05,2.1763168e-05,9.972079e-06,8.505129e-05,4.2267468e-05,0.00014320805,3.6461922e-06,2.0935859e-06,5.6050783e-05,8.552811e-06,6.7109086e-06,1.4480898e-05,1.5426758e-05,8.289993e-05,0.00021118931,2.4882238e-06,5.6453195e-05,6.931171e-05,0.00025991703,8.404774e-05,2.5786969e-05,4.7636382e-05,5.207831e-05,7.046439e-05,1.1794682e-06,1.1351075e-05,1.0356819e-05,1.4032597e-05,1.540995e-05,2.186769e-05,2.3238528e-05,0.00012353757,0.0001511796,8.6572305e-05,0.00023577984,2.9725794e-05,0.000118331925,2.3020933e-05,0.000106371284,0.00015493392,3.2144584e-05,8.858503e-05,4.722552e-05,0.00017273636,7.6083525e-05,3.979096e-05,6.013196e-05,3.2554002e-05,0.0002365499,9.613422e-05,0.000106174586,0.00013008721,4.2982334e-05,0.00018022828,0.00013823545,5.519006e-05,0.00015393918,1.9251966e-05,8.8086905e-05,8.211108e-05,4.949066e-05,0.00013800626,5.4587406e-05,7.199372e-06,1.0004333e-06,2.1708422e-05,3.417004e-05,4.020285e-05,7.548922e-05,3.135374e-05,0.00013648416,3.786172e-07,0.000101251746,0.00021191171,2.1053482e-05,0.00017178133,3.633495e-05,8.2080056e-05,2.8375161e-05,2.7663657e-07,5.9028534e-06,4.9264032e-05,1.012614e-05,4.2854415e-05,1.9497355e-05,8.166356e-05,0.00013584983,1.8062332e-05,2.7417347e-05,0.00028352826,0.00010584998,6.699605e-05,5.3040974e-05,1.4953228e-05,0.00013679286,0.00015600913,0.00037684405,5.7864327e-06,4.775021e-05,0.00034602472,0.00010800318,0.00015988314,6.7884714e-05,1.8175117e-05,3.399187e-05,2.828011e-06,0.00012476253,4.1349154e-05,1.857061e-05,6.213419e-05,3.73631e-05,0.000107483436
9.919983e-05,0.0006207461,5.0643124e-05,9.1893e-06,7.2732128e-06,0.0002465888,0.00015498974,0.00017332438,0.0004114013,4.2248503e-05,0.0007028005,2.1788772e-05,0.00034357575,0.0002560024,0.0003657335,9.838627e-05,0.00030601828,0.00031398862,2.9380186e-05,5.9045597e-06,7.044383e-05,0.00013215287,0.00036716915,0.00011078693,5.8551643e-05,4.400276e-05,1.3521958e-05,1.24893195e-05,0.00013528354,9.62133e-05,0.00011029179,8.4064224e-05,4.1131396e-05,8.2987535e-06,6.2335e-05,2.5276444e-05,1.7636878e-05,3.228296e-05,7.240362e-05,0.00012114046,0.00015201836,9.255078e-06,3.5142417e-05,9.784507e-05,7.370656e-06,0.00024453618,0.0010075642,5.8013684e-05,1.7521352e-05,0.00012384585,0.00029335756,5.7205816e-06,5.4309472e-05,0.00012761813,6.66236e-05,0.0002545889,6.305753e-05,0.00012796494,0.00019339491,0.00018166323,7.5965996e-05,8.726864e-05,5.294297e-05,7.6805794e-05,0.00021912839,2.1071464e-05,5.6569934e-05,0.00010220693,0.00012059848,0.00013211962,2.8603605e-05,0.00013012759,0.00013507916,0.00046451064,7.846205e-05,0.00030710403,0.00032890713,0.00023349849,1.2287606e-05,7.464623e-05,6.3084204e-05,1.7725766e-05,0.00018911215,6.826107e-06,3.536476e-05,7.070128e-05,8.4732405e-05,4.5226145e-05,1.270869e-05,0.00010762188,2.9756353e-05,0.00036891038,0.0001751618,0.00015017201,0.0004767816,9.604331e-05,7.977902e-05,8.24029e-05,9.4153314e-05,6.5764525e-06,0.000101910686,7.6021934e-06,2.6205187e-05,2.7815866e-05,0.00010160418,5.117184e-05,7.270914e-06,0.00011534428,3.6332858e-06,5.355702e-05,1.7826638e-05,8.1979575e-05,0.00018341727,0.00022661487,7.6322714e-05,6.9579546e-05,0.00011833164,8.148804e-05,0.00012184672,7.548299e-05,0.0001133764,0.00017900576,4.9397582e-05,0.00012852604,8.657756e-05,6.759288e-05,3.2733144e-05,4.4851902e-05,0.00010763341,8.6375905e-05,5.3994678e-05,0.00010047249,7.997041e-06,5.888284e-05,0.00010020395,2.833828e-05,0.000111002024,1.4552857e-05,1.9669382e-05,7.054767e-05,3.291925e-05,2.5139707e-05,2.4627374e-05,9.054591e-05,0.00010440275,0.00011517441,5.297965e-06,6.156165e-05,8.5444546e-05,0.00012102284,8.304996e-05,0.0001366056,2.4102914e-05,2.155525e-05,0.00013364805,8.9884325e-06,1.2576908e-05,2.793365e-05,0.000114049755,2.656355e-05,5.7604164e-05,8.7781795e-05,8.85516e-05,9.800274e-05,1.672129e-05,7.3790274e-05,7.621759e-05,5.8178433e-05,1.8445262e-06,5.5469874e-05,0.00020790682,0.0002199364,0.00040948958,6.178301e-05,0.000433021,1.8724713e-05,2.529228e-05,1.0738404e-06,1.2337681e-05,1.9994131e-05,5.9449834e-05,1.6345566e-05,0.00011832347,1.539789e-05,0.00015380803,9.196898e-05,6.596648e-05,1.7804208e-05,1.6799813e-05
6.30945e-05,0.00033134854,8.419455e-05,5.5260134e-06,8.654563e-05,0.00013521254,4.6884717e-05,9.095931e-06,0.00011951369,4.9528335e-05,0.00033407868,8.3029736e-05,0.00020955144,0.00011320432,0.00013074209,3.5156893e-06,3.7001377e-05,0.000120146724,5.0241666e-05,7.651783e-05,4.492251e-05,7.316691e-05,0.00018787454,2.4526944e-05,5.1335483e-06,3.343355e-05,5.2156633e-05,6.9926165e-05,9.209466e-05,6.882764e-05,0.0001433969,0.00012318035,3.3640783e-05,5.339387e-05,7.502285e-05,1.305234e-05,4.0543917e-05,6.858941e-05,2.2686983e-05,0.00011542201,0.00011658504,4.2402313e-05,3.4368062e-05,3.7670998e-06,2.381092e-05,0.00018334165,0.0005795536,2.6973887e-05,4.8615515e-05,8.4360305e-05,9.8586774e-05,2.4936582e-05,1.837873e-05,4.4819724e-05,9.1310885e-06,7.390318e-05,4.2241467e-05,4.2741947e-05,0.00012194835,2.8494916e-05,1.2846846e-05,2.3484079e-05,6.579271e-06,5.5144552e-05,7.448041e-05,3.163563e-05,8.205535e-05,3.3844473e-05,3.818536e-05,2.8793536e-05,4.858925e-06,4.925688e-05,0.000112689435,0.0003196908,4.5581117e-05,0.0001803025,0.0001760583,4.811197e-05,2.7694114e-07,2.6577402e-05,5.862467e-05,2.0127283e-05,7.8722085e-05,2.1198846e-05,2.3982151e-05,2.1189964e-05,4.987543e-05,1.5029927e-06,2.9551943e-06,1.2298251e-05,6.199554e-05,0.00026146715,8.021072e-06,0.00014221118,0.00015972748,7.174846e-05,5.481302e-05,6.2037907e-06,3.1486194e-05,8.127169e-06,4.2320786e-05,1.7841838e-05,9.855155e-06,2.771064e-06,4.914435e-05,1.4661659e-05,6.576639e-06,2.4936784e-05,1.340235e-05,3.6340716e-05,2.5643663e-05,7.231103e-05,7.416894e-05,5.782664e-05,1.7514863e-05,1.5099753e-05,4.4915025e-05,7.7308294e-05,1.9339306e-05,1.7184182e-05,8.452579e-05,5.298723e-05,7.612861e-06,2.7476628e-05,2.2084872e-05,5.0263552e-05,1.1874861e-05,1.7753393e-05,2.546389e-05,3.1273416e-05,1.4611292e-05,1.6412434e-05,3.978955e-05,5.804739e-05,1.8901192e-05,1.3255178e-05,5.2832132e-05,2.4544903e-05,2.6873186e-05,2.0595851e-05,2.8530452e-05,9.110947e-06,1.840379e-05,2.2468976e-07,5.522776e-05,7.3017436e-05,5.372688e-06,1.6795937e-05,3.941896e-05,2.774836e-05,5.919338e-05,1.5182028e-05,1.58547e-05,1.8645997e-05,6.267242e-05,1.0734254e-05,7.434707e-06,2.955113e-06,5.645721e-05,2.790609e-06,1.0257294e-05,2.0612008e-05,4.213937e-05,4.3919106e-05,2.9557512e-05,8.320495e-06,1.8121309e-05,4.1306164e-05,9.352754e-06,6.941207e-06,1.3019238e-05,7.424424e-05,0.00021431419,1.3340006e-05,0.00014868351,3.629659e-05,1.0382284e-05,1.4236546e-05,1.5982889e-05,2.604308e-06,1.5183249e-05,4.6803194e-05,3.7155423e-05,2.8017617e-05,4.9495335e-05,2.4481902e-05,2.1966864e-05,2.6863829e-05,1.7683738e-05
0.0097052455,0.023757165,0.0019152373,0.0086357845,0.00040530117,0.0059311925,0.00637613,0.0069277594,0.009367477,0.007407997,0.027384656,0.0044682887,0.017740933,0.0014352377,0.0066307858,0.016955435,0.008314455,0.00757857,0.00076032884,0.00010314983,0.00017960268,0.0036347925,0.006712184,0.0033905157,0.0012771098,3.9428007e-05,0.0022683684,0.009411266,0.011571989,0.00014063925,0.004987173,0.0015365998,0.0062753265,0.0059296074,0.0001669352,0.0018132786,0.0024688656,0.0047550877,0.0020226792,0.0046369936,0.0013072786,0.0034144951,0.0016204468,0.0027527926,0.0012879318,0.0021406962,0.027088115,0.00067428057,0.004375961,0.010061657,0.0070187263,0.0031540468,4.2818632e-05,0.002770294,0.005505239,0.0033207373,0.0003785193,0.0002933105,0.010295006,0.0056095347,0.0040561478,0.004116027,0.0026154532,0.0031074793,0.002857516,0.0011690382,0.001203147,0.0060791336,0.0012502663,0.0013724446,0.0016357914,0.0023917865,0.0064694397,0.019543009,0.0019934308,0.008073101,0.0031776715,0.005027212,0.0055404594,0.0008050479,0.0011184622,0.0030270002,0.00784765,8.686898e-05,0.0012601757,0.0006343475,0.0015920668,7.470965e-05,0.0015624297,0.0011028501,0.0046140105,0.011579134,0.0023588,0.0026167147,0.004302593,0.008838106,0.006542401,0.0017462596,0.0028087045,0.0017959126,0.0044066245,2.1856249e-05,0.002987274,0.001212584,0.0018305671,0.0003604365,0.0018028213,0.0010936436,0.006545836,0.008113641,0.0012507883,0.013671333,0.0003165304,0.003257682,0.0062526707,0.0017695708,0.003960235,0.0048984136,0.0057879975,0.0005842309,0.0035072025,0.0018528146,0.0014150797,0.004866004,0.004090238,0.002480942,0.0015660059,0.012541057,0.004873733,0.0005214453,0.003228372,0.001667236,0.0072100693,0.009772576,0.00074902724,0.0031813509,0.0020561162,0.00072755595,0.0024766754,0.00054306834,0.0011528868,0.0024944001,0.001368995,0.00088812725,0.0012472367,0.00014629975,0.0017074605,0.0065853912,0.002460353,0.003027753,0.0031397932,0.00020460202,0.0017458729,0.0030416786,0.007461547,0.0008225396,0.0018423861,0.0007597596,0.001504876,0.00051628344,0.0026434232,0.00095984066,0.0011029134,0.0022148835,0.0010779952,0.0007721897,0.006356552,0.0003340587,0.0033577902,0.005741035,0.00040840532,0.0081896875,0.0070577697,0.003220236,0.00054163416,0.000647862,0.006192453,0.011365587,0.0018883054,0.0012423148,0.00014413995,0.0029537193,0.00055040594,0.0006885014,0.0019318475,0.0004339072,0.0049586585,0.004341727,0.00012478612
0.0010940621,0.003194868,0.00017247436,0.0002453455,0.00050256215,0.0017713984,0.00091256807,0.0006758149,0.0021131379,0.00096635736,0.0037672753,4.0590527e-05,0.0021511284,0.0013752341,0.0027222629,0.0005981214,0.0009377652,0.0018918657,5.552068e-05,0.00011364384,0.00034130845,0.0009235438,0.0018915609,0.0004723103,0.00042001624,0.00051197654,0.00014352692,0.00012631156,0.00089396193,0.0006392083,0.000522197,0.0004069739,3.1219835e-05,0.00014993007,0.00024321854,0.00024034955,1.5109748e-05,0.00019714888,0.00021203433,0.0008872401,0.0008028321,0.00018493412,0.00014559092,0.00047510688,0.00019024823,0.0015708104,0.0048512914,6.203045e-05,0.00026426354,0.0010153163,0.0021842082,4.373622e-05,0.000202489,0.0005550539,0.00013860193,0.0007523254,0.00035487878,0.0010537225,0.00086715625,0.00088196824,0.00042123543,0.0004221944,0.00050423894,0.0007943823,0.0011206073,0.00014496702,0.00033852618,0.0005044152,0.00035021632,0.00086565217,0.00027013937,0.0005126966,0.00090318464,0.0026889956,0.00028797012,0.0020663515,0.0023983568,0.0016090261,0.00012894411,0.00048280178,0.00045902672,0.00023402774,0.0008089763,4.6989007e-05,0.0002336662,0.00046460752,0.0005706229,0.00028473616,5.0568167e-05,0.0005263402,0.00015261694,0.0020818138,0.00022806405,0.0005233633,0.0026600782,0.00031210764,0.00040119077,8.2967905e-05,0.00020568617,1.4896519e-05,0.0003851743,1.822154e-05,0.00011106326,0.00012749524,0.00060354086,0.00033019905,4.3626562e-05,0.0005806367,0.00015061564,0.00023517787,0.00026609696,0.00023699211,0.0012312849,0.00090477953,0.00038887834,0.0005165938,0.00023863028,0.0006499573,0.0005428428,0.00049820985,0.00079336006,0.0011121605,0.00050304126,0.00081309373,0.00057255046,0.00047080737,0.00038138815,2.4736712e-05,0.00034973465,0.000120828314,0.00016680174,0.00038385316,5.641584e-05,0.0005861163,0.00063578837,0.00034799468,0.00042744743,6.723855e-05,0.00022821588,0.00055988546,0.00022499061,0.00026141352,2.1980377e-05,0.0005190122,0.0004460096,0.0005926282,6.672636e-05,0.00016344982,0.00049061194,0.00038581464,0.0006773005,0.0006878588,0.00027295487,0.00017685207,0.00070024875,0.00015234279,4.0361894e-05,9.8118275e-05,0.0007262154,0.00014748235,0.0002653046,0.0003761081,0.0005360612,0.00055536325,0.00022939687,0.00047768292,0.0003209777,1.41860655e-05,0.00020827653,0.0006450498,0.00094765297,0.0014038186,0.0026142146,0.00015574759,0.0026261765,0.00010509917,0.00010390747,2.7675458e-05,0.000119958495,0.00020924915,0.00047381344,9.7987795e-05,0.0005534627,7.4378884e-05,0.00075420976,0.00041811334,0.00038867845,0.0004814869,2.4640845e-05
2.8735922e-05,0.00020600637,9.2208666e-07,4.218585e-05,7.7326054e-05,1.457006e-05,3.301861e-05,3.940196e-05,1.1354056e-05,2.6747459e-05,0.0002092375,2.5965704e-05,9.608184e-05,4.3702163e-05,1.9535692e-05,2.6271115e-05,3.2560634e-05,2.3668676e-06,2.8858241e-05,6.67373e-05,7.201719e-06,1.0748317e-05,7.3522366e-05,2.1069109e-06,5.0058534e-06,8.660032e-06,4.7704543e-07,3.2602922e-05,6.255983e-05,2.9908004e-05,9.9078876e-05,1.7925842e-05,7.647378e-05,1.18517255e-05,5.0064853e-05,1.0787875e-05,1.3240739e-05,5.382564e-05,3.7230042e-05,6.049176e-05,7.556082e-07,2.2915408e-05,8.262042e-06,7.153638e-06,3.3180863e-06,4.8274585e-05,0.00027132095,2.021336e-05,2.4210593e-05,1.1184817e-05,3.2209067e-05,2.7931583e-05,1.3814966e-05,1.7140432e-05,3.5925514e-05,1.1861837e-05,4.0176303e-05,1.3795713e-05,8.8091176e-05,4.8534082e-05,2.5248384e-05,8.5521115e-06,1.5894859e-05,1.0405349e-05,2.7516035e-05,3.4762346e-05,4.827931e-05,2.5454992e-06,1.1966194e-05,1.2150184e-06,8.819276e-06,2.7310774e-05,5.5550878e-05,0.0001467013,3.8625603e-06,6.98927e-05,5.994025e-08,1.6687487e-05,1.7215305e-05,1.5165565e-05,1.2662087e-05,8.557208e-06,5.76628e-05,2.0727794e-06,1.8546947e-05,3.0605872e-05,2.0917909e-05,3.3600697e-06,3.8747476e-07,1.3083049e-05,5.6708137e-05,8.231218e-05,7.76158e-05,2.9102683e-05,6.345971e-05,0.00011893304,8.638684e-06,3.822812e-05,4.8878837e-06,6.394698e-06,4.1415828e-05,4.035072e-06,2.0911839e-05,4.203319e-05,4.8415086e-06,1.7001526e-05,5.4712195e-06,1.8480122e-06,7.5781e-05,3.928768e-06,1.4664729e-06,4.6806792e-05,2.855367e-05,3.531918e-05,3.289497e-05,2.3074808e-05,3.0356925e-05,6.124693e-05,3.3756896e-05,1.0466739e-05,5.193879e-05,7.1292074e-05,2.44747e-05,1.1267643e-05,6.503371e-06,6.650838e-06,1.9170126e-05,8.3625084e-05,5.734966e-05,2.451865e-05,1.4284624e-06,4.2457223e-06,4.035452e-06,3.4358185e-05,3.398098e-05,1.547314e-05,1.1861478e-05,2.3591463e-05,1.3429146e-05,1.8180903e-05,1.4061972e-05,4.2818365e-06,1.9552637e-05,2.1812139e-06,1.28881875e-05,7.5777834e-06,2.7436308e-05,7.1431587e-06,2.7684737e-05,2.815128e-05,4.6196128e-05,2.0411057e-05,4.7835374e-06,7.860382e-06,7.010852e-05,9.835003e-06,1.8405839e-05,3.5634705e-05,8.555353e-06,8.82476e-06,1.3946974e-06,3.8484877e-06,3.436005e-05,3.144968e-05,4.33323e-06,2.9028839e-05,5.3645505e-05,1.51157565e-05,2.1059986e-07,2.1629763e-05,4.569813e-05,1.652029e-05,6.04309e-05,3.5730198e-05,2.0418975e-07,2.4868164e-05,0.00010714118,1.5285521e-05,5.9568538e-05,2.5263951e-05,2.9548915e-05,1.0022779e-05,2.1174701e-05,1.5756724e-06,4.1029813e-05,4.7215262e-06,6.3347816e-06,1.6812897e-05,3.1198302e-05
1.2053699e-06,4.1688796e-05,1.3282414e-05,1.0636026e-05,2.1586247e-06,6.8185943e-07,6.020714e-06,5.3636136e-06,3.3814486e-06,3.677203e-06,3.9306422e-05,1.3446827e-05,2.1567737e-05,3.942795e-06,1.660287e-05,5.1594293e-07,7.050749e-06,3.6842494e-06,4.03826e-06,8.4255935e-06,1.3242038e-06,9.185865e-07,2.9828225e-06,1.7522061e-06,2.6851594e-06,5.3702806e-06,2.9741165e-07,8.23205e-06,9.596367e-06,4.835935e-06,1.4245671e-05,1.3417625e-06,1.6026883e-05,3.1325928e-06,8.898485e-06,3.0404458e-06,7.232999e-06,1.0919851e-05,2.0260698e-06,7.7815e-06,4.18787e-06,5.500413e-06,2.2700845e-06,5.177657e-06,5.102702e-07,1.056711e-05,3.2032527e-05,1.6934395e-06,3.843056e-06,1.2740697e-05,1.8003527e-06,1.5750459e-06,5.304738e-06,2.600491e-06,1.744336e-06,3.9736797e-06,8.588912e-06,9.832213e-06,1.1663244e-05,2.7810509e-06,5.300877e-06,8.221476e-07,1.4807871e-06,1.3645226e-06,1.1479957e-06,3.7470209e-06,5.563647e-06,1.0861693e-05,5.721106e-06,4.57332e-06,1.9780282e-07,1.7902275e-07,1.00624275e-05,2.561669e-05,1.4328389e-06,2.8256495e-06,3.835222e-06,1.2574494e-06,8.8027036e-08,2.7140359e-06,3.2106873e-06,3.4786315e-06,1.5009888e-05,2.8308687e-06,3.1083664e-06,2.059395e-07,1.0175262e-06,1.8067847e-06,1.3855719e-06,2.6895298e-06,1.0712283e-05,2.4108282e-05,2.0865002e-05,1.9752315e-06,7.5081143e-06,2.1389253e-05,7.222372e-06,2.8815698e-06,2.3037628e-06,1.6597471e-07,1.369517e-05,7.640114e-07,4.305661e-06,2.6230298e-06,2.9735327e-07,2.25138e-06,1.823465e-06,1.931291e-06,4.499666e-06,3.156804e-06,1.5273756e-05,7.245805e-06,1.13965325e-05,8.67607e-06,5.858221e-06,5.178633e-06,6.3876814e-06,5.8547243e-06,9.032361e-06,3.904591e-06,2.2469017e-06,1.2901616e-05,1.4648992e-06,1.995888e-06,4.62583e-06,6.233627e-06,3.2207495e-06,9.961704e-06,7.852538e-06,2.6147266e-06,1.0426667e-05,1.0733133e-05,2.1237802e-06,4.4754934e-06,7.9697775e-06,4.1317703e-06,1.0260159e-05,6.090828e-06,6.311084e-06,3.7567488e-06,9.212488e-08,1.7608335e-06,5.6089493e-06,3.8606195e-06,3.289377e-07,1.5902942e-05,1.2058214e-05,2.3242933e-06,1.0806088e-05,1.17567615e-05,6.13649e-06,8.179398e-06,1.7483848e-06,1.4815237e-06,1.720248e-05,3.4689046e-07,3.5505293e-06,1.5063574e-07,9.376404e-07,1.828736e-06,1.3865955e-06,3.5141002e-06,4.6395885e-06,3.4277941e-06,5.8226954e-07,1.3771601e-06,1.8351524e-05,4.090276e-06,1.8232561e-06,1.2184167e-06,4.986684e-06,8.986343e-06,4.201479e-08,4.901621e-06,2.9429466e-06,2.6055286e-06,3.844889e-05,7.2744315e-06,1.0348494e-05,2.1224423e-08,3.442134e-06,1.1436134e-06,1.0012484e-06,2.3839918e-06,3.99993e-07,1.9473823e-06,3.0003066e-06,2.6578919e-06,1.976002e-06
0.00030569654,0.0009243289,0.0003963662,0.00013912286,8.6144966e-05,0.0009748057,9.278757e-05,4.4955232e-07,0.0002971696,0.00038407336,0.0011150176,0.00042254495,0.00029721393,0.0002217184,0.0011800148,3.143787e-05,0.00014707215,0.00026039052,7.923508e-05,2.1736781e-05,0.00014692204,0.00027802258,0.00039539553,6.2528714e-05,0.00015139725,7.6467e-05,8.923262e-05,6.349481e-05,0.00022468434,0.00022849833,0.0002477478,6.903212e-05,0.00013159751,5.7376878e-05,8.434028e-05,9.7008015e-06,3.3310134e-05,0.00011223394,6.0082122e-05,0.00020254776,0.00010183364,0.00015220368,2.048765e-06,0.00010317326,2.1676105e-05,0.00034357884,0.0010840729,4.33252e-06,4.5806413e-05,0.00045293634,0.0008286095,0.000132715,0.00014327545,9.656034e-05,0.00010997598,4.8882757e-05,0.00018602851,0.00018877332,0.000100692705,2.5882802e-05,0.00010194284,1.3477791e-05,7.00233e-05,0.00030353628,0.00035020337,5.736578e-05,0.00010825365,6.0520084e-05,6.922489e-05,0.00013770803,0.00013588338,1.09535395e-05,0.00020974038,0.000664611,0.00019294742,0.00045263086,0.0006056778,0.00045922297,6.238347e-05,2.9502517e-05,7.862339e-05,8.9736786e-05,0.00019597363,1.1458068e-05,6.845193e-05,3.423528e-05,0.00024808137,6.806549e-07,1.3126364e-05,0.00012557722,5.1784227e-05,0.0005221488,0.0001353565,2.8895362e-05,0.0007220926,2.506328e-05,6.198365e-05,0.00016297458,0.00011268631,3.2021097e-05,0.00011243586,3.7628895e-05,3.076059e-05,1.3790533e-05,0.0002859011,2.3192311e-05,3.923325e-05,0.00010148749,3.2374006e-05,8.529762e-05,0.000120046876,9.992071e-06,9.502888e-05,0.0002033118,6.330763e-05,5.8854515e-05,4.274588e-05,0.00015905876,0.00011733656,6.5656786e-05,0.00020763517,7.817547e-05,0.00023769953,0.00017492246,2.0827278e-05,0.00023765146,7.756604e-05,1.31277575e-05,0.00017729486,1.7409024e-05,7.1976065e-05,0.00015431659,5.3250005e-05,4.2247782e-05,0.00013692409,7.8536046e-05,9.026776e-05,1.7929668e-05,4.576247e-05,9.365514e-05,0.00014483267,0.00012965297,1.3405928e-05,9.883296e-05,9.414181e-05,0.000138859,0.00011010988,2.6771617e-05,2.492855e-05,0.000110334324,0.00017614721,0.000121033256,3.9120223e-05,7.946692e-05,0.0002183554,1.1833408e-06,1.2307373e-05,2.1171003e-05,0.0003307858,7.914041e-06,4.2901185e-05,7.3049545e-05,0.00010391274,0.00016839235,7.390228e-05,0.00012910059,3.786247e-05,3.488968e-05,9.623653e-05,7.6277334e-05,9.296699e-05,0.0004104139,0.00034655805,0.000364973,0.000369326,0.00024387358,5.424573e-05,0.0001168374,0.000130998,2.6015805e-05,0.00013291903,3.1364387e-05,0.00013012011,6.06193e-05,0.00012613162,0.00025180128,1.2547589e-05,4.6464906e-05,3.111739e-05
0.0008437406,0.0030631532,0.0014252394,0.00036710792,0.0009200092,0.0016104463,0.00078635715,0.00050942966,0.00091698405,0.0001921872,0.0036342966,0.000693018,0.0024746903,0.0017235011,0.0015833224,0.0004865889,0.0012421748,0.00030802767,0.00016195944,0.000471718,7.7765624e-05,0.0010102352,0.0014980098,2.4334739e-05,0.00014508764,0.00027658805,0.00045237152,0.0002762937,0.0007926853,1.7126702e-05,0.0010248952,0.0008636822,0.0012965535,0.00022415434,0.00073262875,8.164846e-05,0.00033342492,0.0008732748,1.2543958e-05,0.001078463,0.00050116464,0.000512806,0.00013112507,0.00038003974,1.859705e-05,0.0017995384,0.005118776,0.00085497,0.00019440979,0.0011626076,0.001677991,0.00035072136,0.00018747943,0.0005007602,0.0009819107,0.00055570994,0.00023081631,0.00041715102,0.0008727349,0.00030798986,0.00038897112,0.00063548586,0.00017674733,0.0005637068,0.0012766306,6.144127e-05,0.0009895614,0.0005368724,0.00037592015,0.0001004638,0.00043315598,0.00021055064,0.0010709567,0.0031146056,0.0006378465,0.0017568902,0.0016385297,9.308196e-05,1.1203752e-05,0.0002221701,0.00046446003,0.00029002226,0.0007878485,0.00014980497,0.0004323728,0.0002514274,0.0006538345,6.744966e-05,0.00015276442,7.923569e-05,0.0009442496,0.00237414,0.00024077689,0.0011165413,0.0011725192,0.00092701823,0.00040684518,0.0006401327,0.0001743732,0.00030848075,0.00021715231,0.00013542824,0.0003482806,2.8832837e-05,0.00039685334,6.6765e-05,0.00034009208,0.0003066266,0.0009774031,4.1781168e-05,1.2027478e-05,0.0005740246,0.000106152314,8.091808e-05,0.00015073677,6.346781e-05,0.00073476596,0.00040081583,0.0003917039,5.6178018e-05,0.00043003718,0.00021045237,0.0003747326,7.176205e-05,0.00015610715,3.0955212e-05,6.188346e-05,0.0003378703,0.000335904,0.00014769204,9.286196e-06,0.0003829599,0.00038328298,2.5669113e-05,0.0001207296,0.00080610684,0.00034162082,8.481293e-07,0.00010800435,0.00015659575,9.666606e-05,0.00032119424,5.0980205e-05,0.00016581826,0.0002611612,0.00026906747,0.00015480517,0.0004884237,0.00032847244,4.3372715e-05,0.0005159796,6.872747e-05,0.00054864865,0.00041722134,0.0006200812,0.00013666585,0.000117421514,8.3084946e-05,0.0007193388,0.00025112554,0.000111411704,8.432257e-05,0.0004535678,0.0005893102,0.00063034584,0.000104832805,0.00020659891,0.0007591703,0.00037124698,0.00016191415,0.00015723241,0.00059139787,0.00093922263,0.0014503701,0.0007594261,0.0011308363,0.00067590456,5.1399453e-05,0.00018151812,0.0002899794,0.00089598785,0.00030805462,0.00016568798,0.00039417553,0.0003435339,0.0004691673,2.9947507e-05,0.0002389583,0.00022300835
0.0,0.0,0.0,0.0,0.0,0.0,0.0,0.0,0.0,0.0,0.0,0.0,0.0,0.0,0.0,0.0,0.0,0.0,0.0,0.0,0.0,0.0,0.0,0.0,0.0,0.0,0.0,0.0,0.0,0.0,0.0,0.0,0.0,0.0,0.0,0.0,0.0,0.0,0.0,0.0,0.0,0.0,0.0,0.0,0.0,0.0,0.0,0.0,0.0,0.0,0.0,0.0,0.0,0.0,0.0,0.0,0.0,0.0,0.0,0.0,0.0,0.0,0.0,0.0,0.0,0.0,0.0,0.0,0.0,0.0,0.0,0.0,0.0,0.0,0.0,0.0,0.0,0.0,0.0,0.0,0.0,0.0,0.0,0.0,0.0,0.0,0.0,0.0,0.0,0.0,0.0,0.0,0.0,0.0,0.0,0.0,0.0,0.0,0.0,0.0,0.0,0.0,0.0,0.0,0.0,0.0,0.0,0.0,0.0,0.0,0.0,0.0,0.0,0.0,0.0,0.0,0.0,0.0,0.0,0.0,0.0,0.0,0.0,0.0,0.0,0.0,0.0,0.0,0.0,0.0,0.0,0.0,0.0,0.0,0.0,0.0,0.0,0.0,0.0,0.0,0.0,0.0,0.0,0.0,0.0,0.0,0.0,0.0,0.0,0.0,0.0,0.0,0.0,0.0,0.0,0.0,0.0,0.0,0.0,0.0,0.0,0.0,0.0,0.0,0.0,0.0,0.0,0.0,0.0,0.0,0.0,0.0,0.0,0.0,0.0,0.0,0.0,0.0,0.0,0.0,0.0,0.0,0.0,0.0,0.0,0.0,0.0,0.0,0.0
0.0,0.0,0.0,0.0,0.0,0.0,0.0,0.0,0.0,0.0,0.0,0.0,0.0,0.0,0.0,0.0,0.0,0.0,0.0,0.0,0.0,0.0,0.0,0.0,0.0,0.0,0.0,0.0,0.0,0.0,0.0,0.0,0.0,0.0,0.0,0.0,0.0,0.0,0.0,0.0,0.0,0.0,0.0,0.0,0.0,0.0,0.0,0.0,0.0,0.0,0.0,0.0,0.0,0.0,0.0,0.0,0.0,0.0,0.0,0.0,0.0,0.0,0.0,0.0,0.0,0.0,0.0,0.0,0.0,0.0,0.0,0.0,0.0,0.0,0.0,0.0,0.0,0.0,0.0,0.0,0.0,0.0,0.0,0.0,0.0,0.0,0.0,0.0,0.0,0.0,0.0,0.0,0.0,0.0,0.0,0.0,0.0,0.0,0.0,0.0,0.0,0.0,0.0,0.0,0.0,0.0,0.0,0.0,0.0,0.0,0.0,0.0,0.0,0.0,0.0,0.0,0.0,0.0,0.0,0.0,0.0,0.0,0.0,0.0,0.0,0.0,0.0,0.0,0.0,0.0,0.0,0.0,0.0,0.0,0.0,0.0,0.0,0.0,0.0,0.0,0.0,0.0,0.0,0.0,0.0,0.0,0.0,0.0,0.0,0.0,0.0,0.0,0.0,0.0,0.0,0.0,0.0,0.0,0.0,0.0,0.0,0.0,0.0,0.0,0.0,0.0,0.0,0.0,0.0,0.0,0.0,0.0,0.0,0.0,0.0,0.0,0.0,0.0,0.0,0.0,0.0,0.0,0.0,0.0,0.0,0.0,0.0,0.0,0.0
6.524402e-06,6.504658e-05,3.2242104e-05,7.323782e-06,1.4358628e-05,3.0164796e-05,3.2446462e-06,6.083019e-06,4.954929e-06,3.9955125e-07,7.5215175e-05,4.0527677e-05,2.923647e-05,1.4372543e-05,3.2673554e-05,1.570905e-05,7.2756648e-06,7.36628e-07,2.4456185e-06,8.372466e-06,1.1589884e-07,2.4851277e-05,2.069111e-05,9.960981e-06,3.0868725e-06,3.6428955e-06,3.6036197e-06,1.1701495e-06,1.3928227e-05,1.4479655e-05,1.3656652e-05,2.1798911e-07,1.4164819e-05,2.7538636e-06,7.3647134e-06,9.547608e-07,1.4548623e-06,9.072883e-06,1.637716e-06,1.3718509e-05,6.7024703e-06,3.5851194e-06,6.7954234e-06,1.2357526e-06,4.83551e-06,1.8234108e-05,5.9527883e-05,3.202563e-06,7.547621e-06,1.1049313e-05,1.6631055e-05,1.2185901e-05,6.5552526e-06,9.390026e-06,4.5529264e-06,1.52261655e-05,5.1284574e-06,9.4723555e-07,3.2275213e-06,8.761145e-06,1.3243431e-05,2.406436e-06,2.084451e-06,1.3793828e-05,1.0863974e-05,8.058501e-06,1.2287672e-05,3.1841844e-06,7.5771623e-06,1.3553807e-06,2.5505128e-06,4.1218927e-06,8.803618e-06,3.8285707e-05,5.303831e-06,3.0707284e-05,1.34627235e-05,1.3147451e-05,1.3195355e-05,9.100895e-06,8.4419037e-07,2.4638928e-06,1.8732466e-05,2.574253e-06,4.080793e-06,3.426554e-06,1.0132594e-05,1.273844e-06,9.527181e-07,3.1554719e-06,1.8062943e-05,3.6325375e-05,2.1412932e-05,2.9574815e-06,1.09383245e-05,2.0408443e-05,9.282928e-06,9.358646e-06,5.179189e-06,2.7366843e-06,1.2874665e-05,3.8389185e-06,1.843094e-06,8.638783e-06,1.0236236e-05,8.03846e-07,1.8536381e-06,3.1517814e-06,6.850375e-06,8.37898e-06,5.761746e-06,7.642008e-06,6.8154504e-06,8.382196e-06,1.2302029e-05,1.2857512e-05,2.1459227e-06,4.2868937e-06,1.3537092e-05,4.1389512e-08,5.0787476e-06,4.0531067e-06,4.1109083e-06,3.5507028e-06,7.236385e-06,1.3153319e-05,4.762668e-06,1.0041032e-06,2.432125e-06,1.0674887e-05,5.313794e-06,2.7522747e-06,4.4063745e-07,4.5929964e-06,8.073845e-06,2.7707918e-06,9.537833e-06,3.5794192e-06,5.332481e-08,5.433534e-06,5.9445456e-06,3.1697832e-06,7.186527e-06,3.6860272e-06,4.9531227e-06,1.6426415e-05,6.8439304e-06,3.3930828e-06,1.1734211e-05,1.7636718e-05,9.6400045e-06,4.2787434e-07,1.1558426e-06,8.4544445e-07,1.879327e-05,2.1680609e-07,8.5194256e-07,1.0779383e-05,1.1803391e-05,3.3956242e-06,2.1630326e-06,1.6318252e-06,5.964555e-06,5.3986614e-06,3.6514607e-06,1.7684758e-06,6.0792145e-06,4.493055e-06,3.0331498e-06,9.319725e-07,3.81041e-06,2.9162056e-05,1.6081993e-05,2.3223972e-06,6.5300237e-06,1.5312007e-05,3.548219e-06,1.2006226e-06,6.4148003e-06,5.539554e-06,6.4049677e-06,1.6603105e-06,8.519756e-06,9.157813e-06,3.0463564e-06,7.5489615e-06,1.1315431e-06,1.0900589e-05,1.2675112e-06
0.1534335,0.124493666,0.0021970868,0.102210335,0.12768297,0.21588622,0.060657058,0.012937528,0.031236526,0.18613887,0.17533825,0.009538522,0.05059194,0.2554378,0.23914246,0.07061111,0.028261203,0.02731386,0.0034299255,0.024921205,0.0062567834,0.063164525,0.05988324,0.085825555,0.039556723,0.05183356,0.007481446,0.041206487,0.06439745,0.0009469562,0.022762269,0.014144713,0.06734947,0.05911885,0.029725999,0.03414798,0.04018148,0.061484315,0.0025983574,0.0076687355,0.042087592,0.09658913,0.03870584,0.036443066,0.040507585,0.028863331,0.17292362,0.05595821,0.102879226,0.14463821,0.2532166,0.042400107,0.05016972,0.023454832,0.005802024,0.03614176,0.0011779834,0.017492782,0.04151598,0.033102483,0.086537905,0.07786855,0.011012704,0.032419205,0.054397695,0.026339395,0.03404894,0.06075418,0.09701609,0.051924877,0.021416873,0.0014974196,0.029637314,0.06705687,0.040952235,0.06336845,0.11207138,0.1444822,0.0143333785,0.032405674,0.0031258836,0.017904155,0.0032588635,0.0040195724,0.0032658558,0.06288663,0.07324977,0.020325743,0.0014748538,0.017838502,0.06895643,0.052017428,0.027098723,0.06885855,0.15907755,0.07440144,0.05528648,0.10775024,0.0051909294,0.022064146,0.0043591536,0.025648683,0.016065063,0.037021007,0.029945644,0.033116564,0.0019356429,0.02666205,0.12821442,0.0284612,0.009015564,0.0098858345,0.095113076,0.12326409,0.038676165,0.11013841,0.118032,0.038853403,0.05479602,0.07312023,0.013579011,0.09982677,0.055794097,0.07766863,0.011587703,0.010179805,0.05059665,0.0033864526,0.086915776,0.034813434,0.03477779,0.06209675,0.029719489,0.01276188,0.055892996,0.03034422,0.02136388,0.010360161,0.025161102,0.114534475,0.06877854,0.008729322,0.037988335,0.026225595,0.03913226,0.0052168327,0.05059337,0.047446568,0.081550434,0.022862298,0.0471441,0.010573383,0.024888871,0.02017904,0.0039202045,0.010178697,0.0063763573,0.04202712,0.053403806,0.009444658,0.02074835,0.017197764,0.050096583,0.10482821,0.047883883,0.018941045,0.02582345,0.06863908,0.044448007,0.011340598,0.013869451,0.023203636,0.18309045,0.046935555,0.054280706,0.043431062,0.11760757,0.013312254,0.052766718,0.054363556,0.018036071,0.008629508,0.024654277,0.0010833163,0.010500556,0.0970452,0.028583424,0.053646445,0.015753828
1.8963507e-05,0.00014599338,0.00035125675,1.3026904e-05,0.0001890939,0.00044804678,0.00013324601,5.974011e-05,0.00016182839,2.572104e-05,6.585426e-05,0.0003253093,0.00016447828,0.000510262,0.00047947423,4.1771753e-05,1.3717945e-05,6.279803e-05,5.6093748e-05,4.8969006e-05,0.00013180696,4.5609777e-06,1.1096821e-05,7.748915e-05,5.7139077e-06,2.9221299e-05,3.997544e-05,0.0002096317,3.452951e-05,1.9210533e-05,1.3093941e-06,6.3225285e-05,0.00016268101,8.215086e-05,2.8825561e-05,0.000101105135,5.851925e-05,2.6775022e-05,9.8860946e-05,2.2040877e-07,0.00014605446,0.00014513468,4.5898552e-05,6.463587e-05,1.2483815e-05,0.00013799476,0.00020914676,0.00032784103,0.0001376275,0.00025175564,6.917627e-05,0.00014846171,5.6265602e-05,9.1653455e-05,4.187547e-05,1.2827784e-05,2.3155815e-05,0.00011241324,0.00013564598,0.00027311785,0.0001466335,3.0259602e-05,6.659626e-05,2.6670383e-05,5.761528e-06,1.7379429e-05,7.2942596e-05,3.2087148e-05,5.2617153e-05,2.5070207e-05,1.713811e-06,7.8332014e-05,2.0947777e-05,9.007707e-06,0.00014350358,0.00021177437,0.00017315868,0.000114566654,3.9746403e-05,5.345027e-05,7.40589e-05,1.3035247e-05,1.38933465e-05,1.5120676e-05,7.666872e-06,9.7048556e-05,0.00013176269,1.967372e-05,5.800127e-05,9.747476e-06,2.1401302e-06,0.00018235302,4.2770138e-05,0.0005797546,0.00046496993,7.1521885e-05,6.796517e-05,6.519521e-05,6.0673603e-05,1.5179638e-05,7.024365e-05,1.438967e-05,7.3038686e-06,5.9001053e-05,0.00010305575,6.515028e-05,3.8006267e-05,1.7841245e-05,0.00017718914,2.8903485e-05,0.0002411857,0.00024286442,0.00011801913,0.00011508897,6.764122e-05,0.00020967858,8.2745784e-05,0.00014577148,1.7581642e-05,5.1535848e-05,3.211334e-05,0.000102280595,7.719493e-05,2.7198548e-05,7.518111e-05,2.8827235e-06,0.00017024027,6.234591e-05,2.3941899e-05,8.030044e-05,7.2415874e-05,1.13347905e-05,9.3872804e-05,4.750392e-05,0.00014796059,0.00014743612,8.8144356e-05,1.994743e-05,5.1716477e-05,0.00017736136,0.00014113807,8.4095256e-05,6.340459e-05,3.8208625e-05,0.00016507086,0.00011674226,0.00016717029,1.5429432e-06,6.6546316e-05,0.0001477065,0.00015910773,8.0595775e-05,7.7387434e-05,1.200788e-05,6.9874564e-05,4.563231e-05,2.7396683e-05,9.034487e-05,0.00012545247,4.8907914e-05,1.8858807e-05,9.507942e-06,0.00010608841,1.2597355e-05,6.916227e-05,0.00012336382,5.2666906e-05,4.150939e-05,5.55187e-05,4.5780536e-05,5.482062e-05,7.210609e-05,0.0001866768,0.00013891309,0.00026983142,0.00022585253,7.5937714e-05,7.6800294e-05,4.5966124e-05,3.694814e-05,4.470325e-05,8.2022205e-05,1.2489337e-05,9.086872e-05,0.00013056782,0.00022715222,4.3510947e-05,0.00010016986,1.3751102e-05
4.8817174e-06,4.3826626e-06,3.1022491e-06,3.6937763e-07,8.064532e-06,3.9072333e-06,5.5382793e-07,4.0552227e-06,7.0204233e-06,8.06403e-07,1.2072743e-05,1.5367856e-06,2.412184e-06,3.6794393e-07,7.6381804e-07,2.5477677e-06,7.05784e-06,4.3420896e-06,4.2449773e-07,1.0191909e-06,2.3187504e-06,2.6251107e-07,1.8258108e-06,6.0588997e-07,5.391195e-07,2.7260687e-06,8.9777916e-07,6.583242e-06,1.1665259e-05,1.2514384e-06,4.756982e-07,5.104436e-06,3.691912e-06,2.123043e-06,6.9705325e-06,7.6573485e-07,1.8073263e-06,3.4724603e-06,7.0083604e-07,1.710452e-07,1.0550009e-07,3.950975e-06,1.5500749e-06,4.5114034e-06,2.981969e-06,5.6326116e-06,5.4175202e-06,9.025289e-06,9.784841e-06,1.3820196e-06,9.0633705e-08,5.19617e-06,7.7929435e-06,9.879727e-07,2.3776693e-07,6.999614e-06,1.4083643e-06,9.1524544e-07,3.8880885e-06,1.0198153e-06,1.7721443e-06,1.2553042e-05,1.8733351e-06,3.6424674e-06,1.3065928e-06,3.0290537e-06,2.9744642e-06,4.149353e-06,1.839027e-06,6.577826e-07,1.5761829e-06,2.4829735e-06,5.5321398e-06,2.1785631e-06,4.4612148e-06,8.2424265e-08,6.8374056e-06,2.2763752e-06,1.0044555e-06,6.1536102e-06,3.0580486e-07,1.6055748e-06,3.5703526e-06,1.2198102e-06,9.510033e-07,2.3053092e-06,1.0427163e-06,8.22786e-07,1.113923e-06,1.6428548e-06,5.1768548e-06,8.4343355e-06,3.850052e-06,4.414323e-06,3.8396943e-06,5.650864e-06,4.4783883e-07,8.630271e-06,9.273681e-07,1.721153e-06,1.0016421e-06,2.8847245e-07,5.3435656e-09,3.655543e-06,8.819594e-07,8.484492e-07,2.0153336e-06,9.576429e-07,6.068429e-06,9.282137e-06,3.209849e-06,5.6803574e-06,8.923009e-06,2.0435762e-06,4.0983537e-06,2.1364758e-06,8.296655e-07,4.4309545e-06,2.2790607e-06,3.1566792e-06,7.594193e-08,1.6605138e-06,7.47464e-07,5.475389e-07,1.268817e-06,3.65262e-06,1.0809607e-06,1.0819089e-05,1.0303687e-06,4.7430666e-07,5.3030585e-06,2.9373277e-06,1.6836137e-06,9.202189e-07,3.285644e-07,2.711743e-06,7.3499305e-06,5.211612e-07,2.2419838e-06,1.8416847e-07,1.5413009e-06,1.2809448e-07,1.925338e-06,3.4920022e-06,1.5550761e-06,4.114679e-06,2.6717169e-07,9.390225e-07,9.877655e-08,4.0438536e-06,8.0979265e-07,2.5181607e-06,1.5987908e-06,2.0787625e-06,2.2867434e-06,2.9237856e-07,7.0766595e-07,2.564857e-06,5.8736777e-07,5.215529e-07,1.1206457e-06,1.4989337e-06,3.9013105e-07,2.7496726e-06,1.9523352e-06,5.4038196e-09,6.916552e-07,4.3811966e-07,5.4603447e-07,2.1979624e-06,3.7403536e-06,4.339425e-07,7.656121e-06,1.762761e-07,1.3019496e-06,5.762961e-07,5.567508e-07,6.284928e-06,1.0489531e-05,2.5247118e-06,1.5775603e-06,3.9558895e-06,4.136661e-06,4.9307387e-06,1.9689428e-06,2.3458883e-06,1.7678211e-06,2.0299196e-06,8.4048304e-07
0.0,0.0,0.0,0.0,0.0,0.0,0.0,0.0,0.0,0.0,0.0,0.0,0.0,0.0,0.0,0.0,0.0,0.0,0.0,0.0,0.0,0.0,0.0,0.0,0.0,0.0,0.0,0.0,0.0,0.0,0.0,0.0,0.0,0.0,0.0,0.0,0.0,0.0,0.0,0.0,0.0,0.0,0.0,0.0,0.0,0.0,0.0,0.0,0.0,0.0,0.0,0.0,0.0,0.0,0.0,0.0,0.0,0.0,0.0,0.0,0.0,0.0,0.0,0.0,0.0,0.0,0.0,0.0,0.0,0.0,0.0,0.0,0.0,0.0,0.0,0.0,0.0,0.0,0.0,0.0,0.0,0.0,0.0,0.0,0.0,0.0,0.0,0.0,0.0,0.0,0.0,0.0,0.0,0.0,0.0,0.0,0.0,0.0,0.0,0.0,0.0,0.0,0.0,0.0,0.0,0.0,0.0,0.0,0.0,0.0,0.0,0.0,0.0,0.0,0.0,0.0,0.0,0.0,0.0,0.0,0.0,0.0,0.0,0.0,0.0,0.0,0.0,0.0,0.0,0.0,0.0,0.0,0.0,0.0,0.0,0.0,0.0,0.0,0.0,0.0,0.0,0.0,0.0,0.0,0.0,0.0,0.0,0.0,0.0,0.0,0.0,0.0,0.0,0.0,0.0,0.0,0.0,0.0,0.0,0.0,0.0,0.0,0.0,0.0,0.0,0.0,0.0,0.0,0.0,0.0,0.0,0.0,0.0,0.0,0.0,0.0,0.0,0.0,0.0,0.0,0.0,0.0,0.0,0.0,0.0,0.0,0.0,0.0,0.0
0.00010493756,0.00033110025,0.0010357826,0.00015266295,9.786717e-05,0.0001722415,0.00021556093,0.00021333531,0.00043784222,0.0002732787,6.42373e-05,0.0008803417,0.0001439681,0.0005403754,0.00012983901,0.0001927885,0.00037474866,0.00040237914,5.8162426e-05,0.00011431261,0.000349353,0.00049075024,0.00030994063,0.00012856963,0.00017757041,0.00023138494,7.954722e-05,2.4660018e-05,0.00031370556,0.00019423956,0.00018300598,0.00037781696,0.00039190523,0.0004891239,1.8175258e-05,7.460662e-05,0.00016311141,0.00012555803,0.00032387572,0.00041702768,0.00043610175,0.00019156856,0.00010224685,0.00020323541,0.00011544062,0.00092660426,0.0006757514,0.0011566608,0.00022280947,2.5198766e-05,0.00014807857,0.00030211575,0.00032914407,0.00034413498,0.00027850491,0.00035328325,0.00010484581,0.0009114592,2.8859999e-05,0.00010266768,0.00021028769,0.00024774394,0.0001669977,3.8659713e-05,0.00013898454,0.00011526134,0.00060474826,0.00030118352,0.00014192556,5.0843133e-05,2.1207767e-05,8.73509e-05,0.00017547514,0.00028796878,0.0010879482,0.0003502849,0.00045013195,7.7884106e-05,3.6239377e-05,0.00010252901,0.0003214522,0.00010374327,0.00022846131,0.00034754555,7.480958e-05,2.8819217e-05,5.629019e-05,0.00015892906,9.950301e-05,4.166913e-05,7.908947e-05,0.0010122648,0.00094102946,0.0005488157,5.2661795e-05,8.8504974e-05,0.00046049114,0.00023262044,0.000115374605,2.366464e-05,0.000108445696,0.00025745804,9.7988894e-05,2.3874385e-05,5.6086537e-05,0.00020705734,4.1549956e-05,4.5485434e-05,0.00036129385,0.00015746192,0.0002762741,1.7174818e-05,0.00011618072,0.00013747408,0.00028998975,9.304479e-05,0.00018247656,2.0595267e-05,0.00014004513,0.0003194859,9.453732e-05,0.0001046698,4.1324263e-05,0.00018804804,8.393635e-05,0.00011051622,0.00016083645,0.0002824263,0.0004867124,1.1992379e-06,0.0008351188,0.00027055226,0.00033860945,8.427621e-05,9.659445e-05,0.00014905584,8.802461e-06,0.00016437318,0.0001890726,0.00027219803,0.00011327349,0.00026280666,0.00010306678,2.267008e-05,0.000121535784,4.2266656e-05,3.0414638e-05,4.8614937e-05,6.280321e-05,5.4988537e-05,8.170018e-05,6.6976274e-05,0.00013579908,0.00015892534,0.00010219493,0.0003108924,2.2615828e-05,4.8621903e-05,0.00013589389,0.00015276515,8.770043e-05,5.6634235e-07,0.00022662093,6.9853966e-05,0.00013099314,2.8192835e-05,0.00023343123,9.0709305e-05,0.00010644421,2.727499e-05,0.00020067122,0.00013975966,0.00028172164,0.00070391496,0.0002904606,7.577379e-05,0.0002495598,0.00029826513,0.00018830264,0.00013731516,0.00024044112,0.0001608575,2.3886583e-05,0.0003888632,0.00033568087,0.00029404214,0.00020254063,8.501629e-05,7.521075e-05
0.20171008,0.1838912,0.18226077,0.0026071146,0.23401049,0.31838906,0.020623699,0.051884573,0.1072599,0.16304831,0.06617741,0.010976022,0.14941707,0.06291605,0.350304,0.07358091,0.040120754,0.043754574,0.05138978,0.24748401,0.010298992,0.026846781,0.009679525,0.014097457,0.017623728,0.012429931,0.10591642,0.033001427,0.16605757,0.014068469,0.023032114,0.077335656,0.14078462,0.043893218,0.1820459,0.0753729,0.018443119,0.2137389,0.0014789216,0.13251927,0.07146818,0.08221209,0.042888287,0.062266488,0.092992395,0.019541323,0.39137813,0.0019003036,0.10246849,0.20056917,0.055011354,0.009754278,0.0011861213,0.0646217,0.14078768,0.12937136,0.0725513,0.09812729,0.27825266,0.084927104,0.062760495,0.13969839,0.068981424,0.06018872,0.091450915,0.06025213,0.1296831,0.019989675,0.04613892,0.037878994,0.017853575,0.06565496,0.03093275,0.27647346,0.014066219,0.11401271,0.057204753,0.06875077,0.028293326,0.03502475,0.16580354,0.012146126,0.07339616,0.007326909,0.025924515,0.04779016,0.06786165,0.055899896,1.966441e-05,0.021930266,0.07131023,0.16830039,0.0756115,0.2704714,0.38885733,0.27029264,0.04595528,0.10428129,0.0031047016,0.023173308,0.05325669,0.013406498,0.02293015,0.029394537,0.026440324,0.044215992,0.014504386,0.026148476,0.07864068,0.1367978,0.08155808,0.14365226,0.029514689,0.068507105,0.020595152,0.07242038,0.27789843,0.077252775,0.051024195,0.04906649,0.028850041,0.04667301,0.035465956,0.04861638,0.029612774,0.04522882,0.027254004,0.051388867,0.020390578,0.08066137,0.053126156,0.100596786,0.12385252,0.096500024,0.14663447,0.016909152,0.03567018,0.026585497,0.025527332,0.18724616,0.0023528994,0.017672785,0.04283988,0.0060648303,0.00017584069,0.028437007,0.0706217,0.09380124,0.005200631,0.063204475,0.12203467,0.08254325,0.04385017,0.005373382,0.055026077,0.018785795,0.009248165,0.04935128,0.061215978,0.042623222,0.027135773,0.0050513,0.011550516,0.07992918,0.03815977,0.062274918,0.0953406,0.012953991,0.039012883,0.0014897925,0.06509851,0.034959547,0.29075393,0.019818319,0.1887169,0.005297944,0.0720056,0.024944909,0.13523774,0.05108214,0.00041150488,0.030911982,0.04477312,0.011109697,0.005985237,0.040366326,0.050637096,0.037404854,0.01744916
0.07376525,0.4899387,0.07073214,0.3282053,0.12332738,0.57532895,0.114710554,0.12475654,0.14311388,0.12464488,0.48602414,0.0053815814,0.25253582,0.28336835,0.52334434,0.2226093,0.19389951,0.13764787,0.08145791,0.019998768,0.06547716,0.08251585,0.05933081,0.09318691,0.09892382,0.0114514725,0.06784895,0.01808004,0.22351107,0.12925886,0.035201766,0.004430521,0.19763583,0.018202243,0.08950266,0.017566655,0.05366139,0.094917834,0.020279147,0.15331705,0.02336951,0.11766007,0.043928325,0.023459516,0.0431095,0.09479943,0.42636755,0.20874311,0.33540446,0.084144466,0.19820783,0.122914836,0.09655601,0.054688536,0.123226866,0.053508457,0.025952945,0.17461123,0.3113062,0.35590282,0.06638773,0.0438322,0.042625315,0.003815833,0.029770676,0.007338439,0.19031669,0.22830665,0.01994932,0.015564342,0.07283882,0.03984246,0.09615171,0.15220341,0.015217945,0.40872484,0.12513389,0.13230623,0.01250303,0.07859303,0.016286287,0.009766448,0.14184912,0.020022482,0.07264325,0.07170465,0.19716756,0.05449792,0.0036221228,0.04248766,0.28138006,0.026420105,0.17877257,0.19508919,0.2115531,0.27830327,0.043760724,0.08954024,0.1388689,0.022603694,0.13014758,0.01059446,0.08292572,0.064962976,0.19454873,0.049560815,0.06525099,0.04990542,0.08672122,0.41002464,0.22166103,0.21061115,0.18192665,0.0909291,0.115495905,0.008522363,0.06083714,0.008495815,0.075952366,0.049610265,0.123773396,0.016180236,0.07348791,0.045289613,0.065204546,0.039535604,0.13812661,0.058599375,0.10016778,0.20604452,0.05957593,0.03891477,0.056631852,0.012438552,0.060022116,0.047894124,0.05311701,0.008543689,0.1737023,0.013751283,0.12824224,0.04014696,0.09124439,0.041976776,0.017375402,0.13506478,0.08877257,0.25619453,0.03356071,0.16726127,0.07791946,0.067736804,0.09027127,0.029777702,0.14991283,0.011958093,0.093831606,0.025341311,0.18791975,0.095767304,0.030206334,0.053832866,0.14387363,0.168227,0.06538539,0.14180046,0.021430336,0.089075886,0.09036115,0.033476986,0.063158944,0.2954628,0.16643445,0.20053354,0.20435517,0.3232662,0.089616075,0.15361843,0.09927006,0.006827359,0.003875522,0.048583403,0.0012942255,0.11059657,0.32184443,0.11017611,0.07587366,0.08541086,0.040158678
0.0008437406,0.0030631532,0.0014252394,0.00036710792,0.0009200092,0.0016104463,0.00078635715,0.00050942966,0.00091698405,0.0001921872,0.0036342966,0.000693018,0.0024746903,0.0017235011,0.0015833224,0.0004865889,0.0012421748,0.00030802767,0.00016195944,0.000471718,7.7765624e-05,0.0010102352,0.0014980098,2.4334739e-05,0.00014508764,0.00027658805,0.00045237152,0.0002762937,0.0007926853,1.7126702e-05,0.0010248952,0.0008636822,0.0012965535,0.00022415434,0.00073262875,8.164846e-05,0.00033342492,0.0008732748,1.2543958e-05,0.001078463,0.00050116464,0.000512806,0.00013112507,0.00038003974,1.859705e-05,0.0017995384,0.005118776,0.00085497,0.00019440979,0.0011626076,0.001677991,0.00035072136,0.00018747943,0.0005007602,0.0009819107,0.00055570994,0.00023081631,0.00041715102,0.0008727349,0.00030798986,0.00038897112,0.00063548586,0.00017674733,0.0005637068,0.0012766306,6.144127e-05,0.0009895614,0.0005368724,0.00037592015,0.0001004638,0.00043315598,0.00021055064,0.0010709567,0.0031146056,0.0006378465,0.0017568902,0.0016385297,9.308196e-05,1.1203752e-05,0.0002221701,0.00046446003,0.00029002226,0.0007878485,0.00014980497,0.0004323728,0.0002514274,0.0006538345,6.744966e-05,0.00015276442,7.923569e-05,0.0009442496,0.00237414,0.00024077689,0.0011165413,0.0011725192,0.00092701823,0.00040684518,0.0006401327,0.0001743732,0.00030848075,0.00021715231,0.00013542824,0.0003482806,2.8832837e-05,0.00039685334,6.6765e-05,0.00034009208,0.0003066266,0.0009774031,4.1781168e-05,1.2027478e-05,0.0005740246,0.000106152314,8.091808e-05,0.00015073677,6.346781e-05,0.00073476596,0.00040081583,0.0003917039,5.6178018e-05,0.00043003718,0.00021045237,0.0003747326,7.176205e-05,0.00015610715,3.0955212e-05,6.188346e-05,0.0003378703,0.000335904,0.00014769204,9.286196e-06,0.0003829599,0.00038328298,2.5669113e-05,0.0001207296,0.00080610684,0.00034162082,8.481293e-07,0.00010800435,0.00015659575,9.666606e-05,0.00032119424,5.0980205e-05,0.00016581826,0.0002611612,0.00026906747,0.00015480517,0.0004884237,0.00032847244,4.3372715e-05,0.0005159796,6.872747e-05,0.00054864865,0.00041722134,0.0006200812,0.00013666585,0.000117421514,8.3084946e-05,0.0007193388,0.00025112554,0.000111411704,8.432257e-05,0.0004535678,0.0005893102,0.00063034584,0.000104832805,0.00020659891,0.0007591703,0.00037124698,0.00016191415,0.00015723241,0.00059139787,0.00093922263,0.0014503701,0.0007594261,0.0011308363,0.00067590456,5.1399453e-05,0.00018151812,0.0002899794,0.00089598785,0.00030805462,0.00016568798,0.00039417553,0.0003435339,0.0004691673,2.9947507e-05,0.0002389583,0.00022300835
0.0,0.0,0.0,0.0,0.0,0.0,0.0,0.0,0.0,0.0,0.0,0.0,0.0,0.0,0.0,0.0,0.0,0.0,0.0,0.0,0.0,0.0,0.0,0.0,0.0,0.0,0.0,0.0,0.0,0.0,0.0,0.0,0.0,0.0,0.0,0.0,0.0,0.0,0.0,0.0,0.0,0.0,0.0,0.0,0.0,0.0,0.0,0.0,0.0,0.0,0.0,0.0,0.0,0.0,0.0,0.0,0.0,0.0,0.0,0.0,0.0,0.0,0.0,0.0,0.0,0.0,0.0,0.0,0.0,0.0,0.0,0.0,0.0,0.0,0.0,0.0,0.0,0.0,0.0,0.0,0.0,0.0,0.0,0.0,0.0,0.0,0.0,0.0,0.0,0.0,0.0,0.0,0.0,0.0,0.0,0.0,0.0,0.0,0.0,0.0,0.0,0.0,0.0,0.0,0.0,0.0,0.0,0.0,0.0,0.0,0.0,0.0,0.0,0.0,0.0,0.0,0.0,0.0,0.0,0.0,0.0,0.0,0.0,0.0,0.0,0.0,0.0,0.0,0.0,0.0,0.0,0.0,0.0,0.0,0.0,0.0,0.0,0.0,0.0,0.0,0.0,0.0,0.0,0.0,0.0,0.0,0.0,0.0,0.0,0.0,0.0,0.0,0.0,0.0,0.0,0.0,0.0,0.0,0.0,0.0,0.0,0.0,0.0,0.0,0.0,0.0,0.0,0.0,0.0,0.0,0.0,0.0,0.0,0.0,0.0,0.0,0.0,0.0,0.0,0.0,0.0,0.0,0.0,0.0,0.0,0.0,0.0,0.0,0.0
0.0,0.0,0.0,0.0,0.0,0.0,0.0,0.0,0.0,0.0,0.0,0.0,0.0,0.0,0.0,0.0,0.0,0.0,0.0,0.0,0.0,0.0,0.0,0.0,0.0,0.0,0.0,0.0,0.0,0.0,0.0,0.0,0.0,0.0,0.0,0.0,0.0,0.0,0.0,0.0,0.0,0.0,0.0,0.0,0.0,0.0,0.0,0.0,0.0,0.0,0.0,0.0,0.0,0.0,0.0,0.0,0.0,0.0,0.0,0.0,0.0,0.0,0.0,0.0,0.0,0.0,0.0,0.0,0.0,0.0,0.0,0.0,0.0,0.0,0.0,0.0,0.0,0.0,0.0,0.0,0.0,0.0,0.0,0.0,0.0,0.0,0.0,0.0,0.0,0.0,0.0,0.0,0.0,0.0,0.0,0.0,0.0,0.0,0.0,0.0,0.0,0.0,0.0,0.0,0.0,0.0,0.0,0.0,0.0,0.0,0.0,0.0,0.0,0.0,0.0,0.0,0.0,0.0,0.0,0.0,0.0,0.0,0.0,0.0,0.0,0.0,0.0,0.0,0.0,0.0,0.0,0.0,0.0,0.0,0.0,0.0,0.0,0.0,0.0,0.0,0.0,0.0,0.0,0.0,0.0,0.0,0.0,0.0,0.0,0.0,0.0,0.0,0.0,0.0,0.0,0.0,0.0,0.0,0.0,0.0,0.0,0.0,0.0,0.0,0.0,0.0,0.0,0.0,0.0,0.0,0.0,0.0,0.0,0.0,0.0,0.0,0.0,0.0,0.0,0.0,0.0,0.0,0.0,0.0,0.0,0.0,0.0,0.0,0.0
6.524402e-06,6.504658e-05,3.2242104e-05,7.323782e-06,1.4358628e-05,3.0164796e-05,3.2446462e-06,6.083019e-06,4.954929e-06,3.9955125e-07,7.5215175e-05,4.0527677e-05,2.923647e-05,1.4372543e-05,3.2673554e-05,1.570905e-05,7.2756648e-06,7.36628e-07,2.4456185e-06,8.372466e-06,1.1589884e-07,2.4851277e-05,2.069111e-05,9.960981e-06,3.0868725e-06,3.6428955e-06,3.6036197e-06,1.1701495e-06,1.3928227e-05,1.4479655e-05,1.3656652e-05,2.1798911e-07,1.4164819e-05,2.7538636e-06,7.3647134e-06,9.547608e-07,1.4548623e-06,9.072883e-06,1.637716e-06,1.3718509e-05,6.7024703e-06,3.5851194e-06,6.7954234e-06,1.2357526e-06,4.83551e-06,1.8234108e-05,5.9527883e-05,3.202563e-06,7.547621e-06,1.1049313e-05,1.6631055e-05,1.2185901e-05,6.5552526e-06,9.390026e-06,4.5529264e-06,1.52261655e-05,5.1284574e-06,9.4723555e-07,3.2275213e-06,8.761145e-06,1.3243431e-05,2.406436e-06,2.084451e-06,1.3793828e-05,1.0863974e-05,8.058501e-06,1.2287672e-05,3.1841844e-06,7.5771623e-06,1.3553807e-06,2.5505128e-06,4.1218927e-06,8.803618e-06,3.8285707e-05,5.303831e-06,3.0707284e-05,1.34627235e-05,1.3147451e-05,1.3195355e-05,9.100895e-06,8.4419037e-07,2.4638928e-06,1.8732466e-05,2.574253e-06,4.080793e-06,3.426554e-06,1.0132594e-05,1.273844e-06,9.527181e-07,3.1554719e-06,1.8062943e-05,3.6325375e-05,2.1412932e-05,2.9574815e-06,1.09383245e-05,2.0408443e-05,9.282928e-06,9.358646e-06,5.179189e-06,2.7366843e-06,1.2874665e-05,3.8389185e-06,1.843094e-06,8.638783e-06,1.0236236e-05,8.03846e-07,1.8536381e-06,3.1517814e-06,6.850375e-06,8.37898e-06,5.761746e-06,7.642008e-06,6.8154504e-06,8.382196e-06,1.2302029e-05,1.2857512e-05,2.1459227e-06,4.2868937e-06,1.3537092e-05,4.1389512e-08,5.0787476e-06,4.0531067e-06,4.1109083e-06,3.5507028e-06,7.236385e-06,1.3153319e-05,4.762668e-06,1.0041032e-06,2.432125e-06,1.0674887e-05,5.313794e-06,2.7522747e-06,4.4063745e-07,4.5929964e-06,8.073845e-06,2.7707918e-06,9.537833e-06,3.5794192e-06,5.332481e-08,5.433534e-06,5.9445456e-06,3.1697832e-06,7.186527e-06,3.6860272e-06,4.9531227e-06,1.6426415e-05,6.8439304e-06,3.3930828e-06,1.1734211e-05,1.7636718e-05,9.6400045e-06,4.2787434e-07,1.1558426e-06,8.4544445e-07,1.879327e-05,2.1680609e-07,8.5194256e-07,1.0779383e-05,1.1803391e-05,3.3956242e-06,2.1630326e-06,1.6318252e-06,5.964555e-06,5.3986614e-06,3.6514607e-06,1.7684758e-06,6.0792145e-06,4.493055e-06,3.0331498e-06,9.319725e-07,3.81041e-06,2.9162056e-05,1.6081993e-05,2.3223972e-06,6.5300237e-06,1.5312007e-05,3.548219e-06,1.2006226e-06,6.4148003e-06,5.539554e-06,6.4049677e-06,1.6603105e-06,8.519756e-06,9.157813e-06,3.0463564e-06,7.5489615e-06,1.1315431e-06,1.0900589e-05,1.2675112e-06
0.1534335,0.124493666,0.0021970868,0.102210335,0.12768297,0.21588622,0.060657058,0.012937528,0.031236526,0.18613887,0.17533825,0.009538522,0.05059194,0.2554378,0.23914246,0.07061111,0.028261203,0.02731386,0.0034299255,0.024921205,0.0062567834,0.063164525,0.05988324,0.085825555,0.039556723,0.05183356,0.007481446,0.041206487,0.06439745,0.0009469562,0.022762269,0.014144713,0.06734947,0.05911885,0.029725999,0.03414798,0.04018148,0.061484315,0.0025983574,0.0076687355,0.042087592,0.09658913,0.03870584,0.036443066,0.040507585,0.028863331,0.17292362,0.05595821,0.102879226,0.14463821,0.2532166,0.042400107,0.05016972,0.023454832,0.005802024,0.03614176,0.0011779834,0.017492782,0.04151598,0.033102483,0.086537905,0.07786855,0.011012704,0.032419205,0.054397695,0.026339395,0.03404894,0.06075418,0.09701609,0.051924877,0.021416873,0.0014974196,0.029637314,0.06705687,0.040952235,0.06336845,0.11207138,0.1444822,0.0143333785,0.032405674,0.0031258836,0.017904155,0.0032588635,0.0040195724,0.0032658558,0.06288663,0.07324977,0.020325743,0.0014748538,0.017838502,0.06895643,0.052017428,0.027098723,0.06885855,0.15907755,0.07440144,0.05528648,0.10775024,0.0051909294,0.022064146,0.0043591536,0.025648683,0.016065063,0.037021007,0.029945644,0.033116564,0.0019356429,0.02666205,0.12821442,0.0284612,0.009015564,0.0098858345,0.095113076,0.12326409,0.038676165,0.11013841,0.118032,0.038853403,0.05479602,0.07312023,0.013579011,0.09982677,0.055794097,0.07766863,0.011587703,0.010179805,0.05059665,0.0033864526,0.086915776,0.034813434,0.03477779,0.06209675,0.029719489,0.01276188,0.055892996,0.03034422,0.02136388,0.010360161,0.025161102,0.114534475,0.06877854,0.008729322,0.037988335,0.026225595,0.03913226,0.0052168327,0.05059337,0.047446568,0.081550434,0.022862298,0.0471441,0.010573383,0.024888871,0.02017904,0.0039202045,0.010178697,0.0063763573,0.04202712,0.053403806,0.009444658,0.02074835,0.017197764,0.050096583,0.10482821,0.047883883,0.018941045,0.02582345,0.06863908,0.044448007,0.011340598,0.013869451,0.023203636,0.18309045,0.046935555,0.054280706,0.043431062,0.11760757,0.013312254,0.052766718,0.054363556,0.018036071,0.008629508,0.024654277,0.0010833163,0.010500556,0.0970452,0.028583424,0.053646445,0.015753828
1.8963507e-05,0.00014599338,0.00035125675,1.3026904e-05,0.0001890939,0.00044804678,0.00013324601,5.974011e-05,0.00016182839,2.572104e-05,6.585426e-05,0.0003253093,0.00016447828,0.000510262,0.00047947423,4.1771753e-05,1.3717945e-05,6.279803e-05,5.6093748e-05,4.8969006e-05,0.00013180696,4.5609777e-06,1.1096821e-05,7.748915e-05,5.7139077e-06,2.9221299e-05,3.997544e-05,0.0002096317,3.452951e-05,1.9210533e-05,1.3093941e-06,6.3225285e-05,0.00016268101,8.215086e-05,2.8825561e-05,0.000101105135,5.851925e-05,2.6775022e-05,9.8860946e-05,2.2040877e-07,0.00014605446,0.00014513468,4.5898552e-05,6.463587e-05,1.2483815e-05,0.00013799476,0.00020914676,0.00032784103,0.0001376275,0.00025175564,6.917627e-05,0.00014846171,5.6265602e-05,9.1653455e-05,4.187547e-05,1.2827784e-05,2.3155815e-05,0.00011241324,0.00013564598,0.00027311785,0.0001466335,3.0259602e-05,6.659626e-05,2.6670383e-05,5.761528e-06,1.7379429e-05,7.2942596e-05,3.2087148e-05,5.2617153e-05,2.5070207e-05,1.713811e-06,7.8332014e-05,2.0947777e-05,9.007707e-06,0.00014350358,0.00021177437,0.00017315868,0.000114566654,3.9746403e-05,5.345027e-05,7.40589e-05,1.3035247e-05,1.38933465e-05,1.5120676e-05,7.666872e-06,9.7048556e-05,0.00013176269,1.967372e-05,5.800127e-05,9.747476e-06,2.1401302e-06,0.00018235302,4.2770138e-05,0.0005797546,0.00046496993,7.1521885e-05,6.796517e-05,6.519521e-05,6.0673603e-05,1.5179638e-05,7.024365e-05,1.438967e-05,7.3038686e-06,5.9001053e-05,0.00010305575,6.515028e-05,3.8006267e-05,1.7841245e-05,0.00017718914,2.8903485e-05,0.0002411857,0.00024286442,0.00011801913,0.00011508897,6.764122e-05,0.00020967858,8.2745784e-05,0.00014577148,1.7581642e-05,5.1535848e-05,3.211334e-05,0.000102280595,7.719493e-05,2.7198548e-05,7.518111e-05,2.8827235e-06,0.00017024027,6.234591e-05,2.3941899e-05,8.030044e-05,7.2415874e-05,1.13347905e-05,9.3872804e-05,4.750392e-05,0.00014796059,0.00014743612,8.8144356e-05,1.994743e-05,5.1716477e-05,0.00017736136,0.00014113807,8.4095256e-05,6.340459e-05,3.8208625e-05,0.00016507086,0.00011674226,0.00016717029,1.5429432e-06,6.6546316e-05,0.0001477065,0.00015910773,8.0595775e-05,7.7387434e-05,1.200788e-05,6.9874564e-05,4.563231e-05,2.7396683e-05,9.034487e-05,0.00012545247,4.8907914e-05,1.8858807e-05,9.507942e-06,0.00010608841,1.2597355e-05,6.916227e-05,0.00012336382,5.2666906e-05,4.150939e-05,5.55187e-05,4.5780536e-05,5.482062e-05,7.210609e-05,0.0001866768,0.00013891309,0.00026983142,0.00022585253,7.5937714e-05,7.6800294e-05,4.5966124e-05,3.694814e-05,4.470325e-05,8.2022205e-05,1.2489337e-05,9.086872e-05,0.00013056782,0.00022715222,4.3510947e-05,0.00010016986,1.3751102e-05
4.8817174e-06,4.3826626e-06,3.1022491e-06,3.6937763e-07,8.064532e-06,3.9072333e-06,5.5382793e-07,4.0552227e-06,7.0204233e-06,8.06403e-07,1.2072743e-05,1.5367856e-06,2.412184e-06,3.6794393e-07,7.6381804e-07,2.5477677e-06,7.05784e-06,4.3420896e-06,4.2449773e-07,1.0191909e-06,2.3187504e-06,2.6251107e-07,1.8258108e-06,6.0588997e-07,5.391195e-07,2.7260687e-06,8.9777916e-07,6.583242e-06,1.1665259e-05,1.2514384e-06,4.756982e-07,5.104436e-06,3.691912e-06,2.123043e-06,6.9705325e-06,7.6573485e-07,1.8073263e-06,3.4724603e-06,7.0083604e-07,1.710452e-07,1.0550009e-07,3.950975e-06,1.5500749e-06,4.5114034e-06,2.981969e-06,5.6326116e-06,5.4175202e-06,9.025289e-06,9.784841e-06,1.3820196e-06,9.0633705e-08,5.19617e-06,7.7929435e-06,9.879727e-07,2.3776693e-07,6.999614e-06,1.4083643e-06,9.1524544e-07,3.8880885e-06,1.0198153e-06,1.7721443e-06,1.2553042e-05,1.8733351e-06,3.6424674e-06,1.3065928e-06,3.0290537e-06,2.9744642e-06,4.149353e-06,1.839027e-06,6.577826e-07,1.5761829e-06,2.4829735e-06,5.5321398e-06,2.1785631e-06,4.4612148e-06,8.2424265e-08,6.8374056e-06,2.2763752e-06,1.0044555e-06,6.1536102e-06,3.0580486e-07,1.6055748e-06,3.5703526e-06,1.2198102e-06,9.510033e-07,2.3053092e-06,1.0427163e-06,8.22786e-07,1.113923e-06,1.6428548e-06,5.1768548e-06,8.4343355e-06,3.850052e-06,4.414323e-06,3.8396943e-06,5.650864e-06,4.4783883e-07,8.630271e-06,9.273681e-07,1.721153e-06,1.0016421e-06,2.8847245e-07,5.3435656e-09,3.655543e-06,8.819594e-07,8.484492e-07,2.0153336e-06,9.576429e-07,6.068429e-06,9.282137e-06,3.209849e-06,5.6803574e-06,8.923009e-06,2.0435762e-06,4.0983537e-06,2.1364758e-06,8.296655e-07,4.4309545e-06,2.2790607e-06,3.1566792e-06,7.594193e-08,1.6605138e-06,7.47464e-07,5.475389e-07,1.268817e-06,3.65262e-06,1.0809607e-06,1.0819089e-05,1.0303687e-06,4.7430666e-07,5.3030585e-06,2.9373277e-06,1.6836137e-06,9.202189e-07,3.285644e-07,2.711743e-06,7.3499305e-06,5.211612e-07,2.2419838e-06,1.8416847e-07,1.5413009e-06,1.2809448e-07,1.925338e-06,3.4920022e-06,1.5550761e-06,4.114679e-06,2.6717169e-07,9.390225e-07,9.877655e-08,4.0438536e-06,8.0979265e-07,2.5181607e-06,1.5987908e-06,2.0787625e-06,2.2867434e-06,2.9237856e-07,7.0766595e-07,2.564857e-06,5.8736777e-07,5.215529e-07,1.1206457e-06,1.4989337e-06,3.9013105e-07,2.7496726e-06,1.9523352e-06,5.4038196e-09,6.916552e-07,4.3811966e-07,5.4603447e-07,2.1979624e-06,3.7403536e-06,4.339425e-07,7.656121e-06,1.762761e-07,1.3019496e-06,5.762961e-07,5.567508e-07,6.284928e-06,1.0489531e-05,2.5247118e-06,1.5775603e-06,3.9558895e-06,4.136661e-06,4.9307387e-06,1.9689428e-06,2.3458883e-06,1.7678211e-06,2.0299196e-06,8.4048304e-07
0.0,0.0,0.0,0.0,0.0,0.0,0.0,0.0,0.0,0.0,0.0,0.0,0.0,0.0,0.0,0.0,0.0,0.0,0.0,0.0,0.0,0.0,0.0,0.0,0.0,0.0,0.0,0.0,0.0,0.0,0.0,0.0,0.0,0.0,0.0,0.0,0.0,0.0,0.0,0.0,0.0,0.0,0.0,0.0,0.0,0.0,0.0,0.0,0.0,0.0,0.0,0.0,0.0,0.0,0.0,0.0,0.0,0.0,0.0,0.0,0.0,0.0,0.0,0.0,0.0,0.0,0.0,0.0,0.0,0.0,0.0,0.0,0.0,0.0,0.0,0.0,0.0,0.0,0.0,0.0,0.0,0.0,0.0,0.0,0.0,0.0,0.0,0.0,0.0,0.0,0.0,0.0,0.0,0.0,0.0,0.0,0.0,0.0,0.0,0.0,0.0,0.0,0.0,0.0,0.0,0.0,0.0,0.0,0.0,0.0,0.0,0.0,0.0,0.0,0.0,0.0,0.0,0.0,0.0,0.0,0.0,0.0,0.0,0.0,0.0,0.0,0.0,0.0,0.0,0.0,0.0,0.0,0.0,0.0,0.0,0.0,0.0,0.0,0.0,0.0,0.0,0.0,0.0,0.0,0.0,0.0,0.0,0.0,0.0,0.0,0.0,0.0,0.0,0.0,0.0,0.0,0.0,0.0,0.0,0.0,0.0,0.0,0.0,0.0,0.0,0.0,0.0,0.0,0.0,0.0,0.0,0.0,0.0,0.0,0.0,0.0,0.0,0.0,0.0,0.0,0.0,0.0,0.0,0.0,0.0,0.0,0.0,0.0,0.0
0.00010493756,0.00033110025,0.0010357826,0.00015266295,9.786717e-05,0.0001722415,0.00021556093,0.00021333531,0.00043784222,0.0002732787,6.42373e-05,0.0008803417,0.0001439681,0.0005403754,0.00012983901,0.0001927885,0.00037474866,0.00040237914,5.8162426e-05,0.00011431261,0.000349353,0.00049075024,0.00030994063,0.00012856963,0.00017757041,0.00023138494,7.954722e-05,2.4660018e-05,0.00031370556,0.00019423956,0.00018300598,0.00037781696,0.00039190523,0.0004891239,1.8175258e-05,7.460662e-05,0.00016311141,0.00012555803,0.00032387572,0.00041702768,0.00043610175,0.00019156856,0.00010224685,0.00020323541,0.00011544062,0.00092660426,0.0006757514,0.0011566608,0.00022280947,2.5198766e-05,0.00014807857,0.00030211575,0.00032914407,0.00034413498,0.00027850491,0.00035328325,0.00010484581,0.0009114592,2.8859999e-05,0.00010266768,0.00021028769,0.00024774394,0.0001669977,3.8659713e-05,0.00013898454,0.00011526134,0.00060474826,0.00030118352,0.00014192556,5.0843133e-05,2.1207767e-05,8.73509e-05,0.00017547514,0.00028796878,0.0010879482,0.0003502849,0.00045013195,7.7884106e-05,3.6239377e-05,0.00010252901,0.0003214522,0.00010374327,0.00022846131,0.00034754555,7.480958e-05,2.8819217e-05,5.629019e-05,0.00015892906,9.950301e-05,4.166913e-05,7.908947e-05,0.0010122648,0.00094102946,0.0005488157,5.2661795e-05,8.8504974e-05,0.00046049114,0.00023262044,0.000115374605,2.366464e-05,0.000108445696,0.00025745804,9.7988894e-05,2.3874385e-05,5.6086537e-05,0.00020705734,4.1549956e-05,4.5485434e-05,0.00036129385,0.00015746192,0.0002762741,1.7174818e-05,0.00011618072,0.00013747408,0.00028998975,9.304479e-05,0.00018247656,2.0595267e-05,0.00014004513,0.0003194859,9.453732e-05,0.0001046698,4.1324263e-05,0.00018804804,8.393635e-05,0.00011051622,0.00016083645,0.0002824263,0.0004867124,1.1992379e-06,0.0008351188,0.00027055226,0.00033860945,8.427621e-05,9.659445e-05,0.00014905584,8.802461e-06,0.00016437318,0.0001890726,0.00027219803,0.00011327349,0.00026280666,0.00010306678,2.267008e-05,0.000121535784,4.2266656e-05,3.0414638e-05,4.8614937e-05,6.280321e-05,5.4988537e-05,8.170018e-05,6.6976274e-05,0.00013579908,0.00015892534,0.00010219493,0.0003108924,2.2615828e-05,4.8621903e-05,0.00013589389,0.00015276515,8.770043e-05,5.6634235e-07,0.00022662093,6.9853966e-05,0.00013099314,2.8192835e-05,0.00023343123,9.0709305e-05,0.00010644421,2.727499e-05,0.00020067122,0.00013975966,0.00028172164,0.00070391496,0.0002904606,7.577379e-05,0.0002495598,0.00029826513,0.00018830264,0.00013731516,0.00024044112,0.0001608575,2.3886583e-05,0.0003888632,0.00033568087,0.00029404214,0.00020254063,8.501629e-05,7.521075e-05
0.20171008,0.1838912,0.18226077,0.0026071146,0.23401049,0.31838906,0.020623699,0.051884573,0.1072599,0.16304831,0.06617741,0.010976022,0.14941707,0.06291605,0.350304,0.07358091,0.040120754,0.043754574,0.05138978,0.24748401,0.010298992,0.026846781,0.009679525,0.014097457,0.017623728,0.012429931,0.10591642,0.033001427,0.16605757,0.014068469,0.023032114,0.077335656,0.14078462,0.043893218,0.1820459,0.0753729,0.018443119,0.2137389,0.0014789216,0.13251927,0.07146818,0.08221209,0.042888287,0.062266488,0.092992395,0.019541323,0.39137813,0.0019003036,0.10246849,0.20056917,0.055011354,0.009754278,0.0011861213,0.0646217,0.14078768,0.12937136,0.0725513,0.09812729,0.27825266,0.084927104,0.062760495,0.13969839,0.068981424,0.06018872,0.091450915,0.06025213,0.1296831,0.019989675,0.04613892,0.037878994,0.017853575,0.06565496,0.03093275,0.27647346,0.014066219,0.11401271,0.057204753,0.06875077,0.028293326,0.03502475,0.16580354,0.012146126,0.07339616,0.007326909,0.025924515,0.04779016,0.06786165,0.055899896,1.966441e-05,0.021930266,0.07131023,0.16830039,0.0756115,0.2704714,0.38885733,0.27029264,0.04595528,0.10428129,0.0031047016,0.023173308,0.05325669,0.013406498,0.02293015,0.029394537,0.026440324,0.044215992,0.014504386,0.026148476,0.07864068,0.1367978,0.08155808,0.14365226,0.029514689,0.068507105,0.020595152,0.07242038,0.27789843,0.077252775,0.051024195,0.04906649,0.028850041,0.04667301,0.035465956,0.04861638,0.029612774,0.04522882,0.027254004,0.051388867,0.020390578,0.08066137,0.053126156,0.100596786,0.12385252,0.096500024,0.14663447,0.016909152,0.03567018,0.026585497,0.025527332,0.18724616,0.0023528994,0.017672785,0.04283988,0.0060648303,0.00017584069,0.028437007,0.0706217,0.09380124,0.005200631,0.063204475,0.12203467,0.08254325,0.04385017,0.005373382,0.055026077,0.018785795,0.009248165,0.04935128,0.061215978,0.042623222,0.027135773,0.0050513,0.011550516,0.07992918,0.03815977,0.062274918,0.0953406,0.012953991,0.039012883,0.0014897925,0.06509851,0.034959547,0.29075393,0.019818319,0.1887169,0.005297944,0.0720056,0.024944909,0.13523774,0.05108214,0.00041150488,0.030911982,0.04477312,0.011109697,0.005985237,0.040366326,0.050637096,0.037404854,0.01744916
0.07376525,0.4899387,0.07073214,0.3282053,0.12332738,0.57532895,0.114710554,0.12475654,0.14311388,0.12464488,0.48602414,0.0053815814,0.25253582,0.28336835,0.52334434,0.2226093,0.19389951,0.13764787,0.08145791,0.019998768,0.06547716,0.08251585,0.05933081,0.09318691,0.09892382,0.0114514725,0.06784895,0.01808004,0.22351107,0.12925886,0.035201766,0.004430521,0.19763583,0.018202243,0.08950266,0.017566655,0.05366139,0.094917834,0.020279147,0.15331705,0.02336951,0.11766007,0.043928325,0.023459516,0.0431095,0.09479943,0.42636755,0.20874311,0.33540446,0.084144466,0.19820783,0.122914836,0.09655601,0.054688536,0.123226866,0.053508457,0.025952945,0.17461123,0.3113062,0.35590282,0.06638773,0.0438322,0.042625315,0.003815833,0.029770676,0.007338439,0.19031669,0.22830665,0.01994932,0.015564342,0.07283882,0.03984246,0.09615171,0.15220341,0.015217945,0.40872484,0.12513389,0.13230623,0.01250303,0.07859303,0.016286287,0.009766448,0.14184912,0.020022482,0.07264325,0.07170465,0.19716756,0.05449792,0.0036221228,0.04248766,0.28138006,0.026420105,0.17877257,0.19508919,0.2115531,0.27830327,0.043760724,0.08954024,0.1388689,0.022603694,0.13014758,0.01059446,0.08292572,0.064962976,0.19454873,0.049560815,0.06525099,0.04990542,0.08672122,0.41002464,0.22166103,0.21061115,0.18192665,0.0909291,0.115495905,0.008522363,0.06083714,0.008495815,0.075952366,0.049610265,0.123773396,0.016180236,0.07348791,0.045289613,0.065204546,0.039535604,0.13812661,0.058599375,0.10016778,0.20604452,0.05957593,0.03891477,0.056631852,0.012438552,0.060022116,0.047894124,0.05311701,0.008543689,0.1737023,0.013751283,0.12824224,0.04014696,0.09124439,0.041976776,0.017375402,0.13506478,0.08877257,0.25619453,0.03356071,0.16726127,0.07791946,0.067736804,0.09027127,0.029777702,0.14991283,0.011958093,0.093831606,0.025341311,0.18791975,0.095767304,0.030206334,0.053832866,0.14387363,0.168227,0.06538539,0.14180046,0.021430336,0.089075886,0.09036115,0.033476986,0.063158944,0.2954628,0.16643445,0.20053354,0.20435517,0.3232662,0.089616075,0.15361843,0.09927006,0.006827359,0.003875522,0.048583403,0.0012942255,0.11059657,0.32184443,0.11017611,0.07587366,0.08541086,0.040158678
0.0008437406,0.0030631532,0.0014252394,0.00036710792,0.0009200092,0.0016104463,0.00078635715,0.00050942966,0.00091698405,0.0001921872,0.0036342966,0.000693018,0.0024746903,0.0017235011,0.0015833224,0.0004865889,0.0012421748,0.00030802767,0.00016195944,0.000471718,7.7765624e-05,0.0010102352,0.0014980098,2.4334739e-05,0.00014508764,0.00027658805,0.00045237152,0.0002762937,0.0007926853,1.7126702e-05,0.0010248952,0.0008636822,0.0012965535,0.00022415434,0.00073262875,8.164846e-05,0.00033342492,0.0008732748,1.2543958e-05,0.001078463,0.00050116464,0.000512806,0.00013112507,0.00038003974,1.859705e-05,0.0017995384,0.005118776,0.00085497,0.00019440979,0.0011626076,0.001677991,0.00035072136,0.00018747943,0.0005007602,0.0009819107,0.00055570994,0.00023081631,0.00041715102,0.0008727349,0.00030798986,0.00038897112,0.00063548586,0.00017674733,0.0005637068,0.0012766306,6.144127e-05,0.0009895614,0.0005368724,0.00037592015,0.0001004638,0.00043315598,0.00021055064,0.0010709567,0.0031146056,0.0006378465,0.0017568902,0.0016385297,9.308196e-05,1.1203752e-05,0.0002221701,0.00046446003,0.00029002226,0.0007878485,0.00014980497,0.0004323728,0.0002514274,0.0006538345,6.744966e-05,0.00015276442,7.923569e-05,0.0009442496,0.00237414,0.00024077689,0.0011165413,0.0011725192,0.00092701823,0.00040684518,0.0006401327,0.0001743732,0.00030848075,0.00021715231,0.00013542824,0.0003482806,2.8832837e-05,0.00039685334,6.6765e-05,0.00034009208,0.0003066266,0.0009774031,4.1781168e-05,1.2027478e-05,0.0005740246,0.000106152314,8.091808e-05,0.00015073677,6.346781e-05,0.00073476596,0.00040081583,0.0003917039,5.6178018e-05,0.00043003718,0.00021045237,0.0003747326,7.176205e-05,0.00015610715,3.0955212e-05,6.188346e-05,0.0003378703,0.000335904,0.00014769204,9.286196e-06,0.0003829599,0.00038328298,2.5669113e-05,0.0001207296,0.00080610684,0.00034162082,8.481293e-07,0.00010800435,0.00015659575,9.666606e-05,0.00032119424,5.0980205e-05,0.00016581826,0.0002611612,0.00026906747,0.00015480517,0.0004884237,0.00032847244,4.3372715e-05,0.0005159796,6.872747e-05,0.00054864865,0.00041722134,0.0006200812,0.00013666585,0.000117421514,8.3084946e-05,0.0007193388,0.00025112554,0.000111411704,8.432257e-05,0.0004535678,0.0005893102,0.00063034584,0.000104832805,0.00020659891,0.0007591703,0.00037124698,0.00016191415,0.00015723241,0.00059139787,0.00093922263,0.0014503701,0.0007594261,0.0011308363,0.00067590456,5.1399453e-05,0.00018151812,0.0002899794,0.00089598785,0.00030805462,0.00016568798,0.00039417553,0.0003435339,0.0004691673,2.9947507e-05,0.0002389583,0.00022300835
0.0,0.0,0.0,0.0,0.0,0.0,0.0,0.0,0.0,0.0,0.0,0.0,0.0,0.0,0.0,0.0,0.0,0.0,0.0,0.0,0.0,0.0,0.0,0.0,0.0,0.0,0.0,0.0,0.0,0.0,0.0,0.0,0.0,0.0,0.0,0.0,0.0,0.0,0.0,0.0,0.0,0.0,0.0,0.0,0.0,0.0,0.0,0.0,0.0,0.0,0.0,0.0,0.0,0.0,0.0,0.0,0.0,0.0,0.0,0.0,0.0,0.0,0.0,0.0,0.0,0.0,0.0,0.0,0.0,0.0,0.0,0.0,0.0,0.0,0.0,0.0,0.0,0.0,0.0,0.0,0.0,0.0,0.0,0.0,0.0,0.0,0.0,0.0,0.0,0.0,0.0,0.0,0.0,0.0,0.0,0.0,0.0,0.0,0.0,0.0,0.0,0.0,0.0,0.0,0.0,0.0,0.0,0.0,0.0,0.0,0.0,0.0,0.0,0.0,0.0,0.0,0.0,0.0,0.0,0.0,0.0,0.0,0.0,0.0,0.0,0.0,0.0,0.0,0.0,0.0,0.0,0.0,0.0,0.0,0.0,0.0,0.0,0.0,0.0,0.0,0.0,0.0,0.0,0.0,0.0,0.0,0.0,0.0,0.0,0.0,0.0,0.0,0.0,0.0,0.0,0.0,0.0,0.0,0.0,0.0,0.0,0.0,0.0,0.0,0.0,0.0,0.0,0.0,0.0,0.0,0.0,0.0,0.0,0.0,0.0,0.0,0.0,0.0,0.0,0.0,0.0,0.0,0.0,0.0,0.0,0.0,0.0,0.0,0.0
0.0,0.0,0.0,0.0,0.0,0.0,0.0,0.0,0.0,0.0,0.0,0.0,0.0,0.0,0.0,0.0,0.0,0.0,0.0,0.0,0.0,0.0,0.0,0.0,0.0,0.0,0.0,0.0,0.0,0.0,0.0,0.0,0.0,0.0,0.0,0.0,0.0,0.0,0.0,0.0,0.0,0.0,0.0,0.0,0.0,0.0,0.0,0.0,0.0,0.0,0.0,0.0,0.0,0.0,0.0,0.0,0.0,0.0,0.0,0.0,0.0,0.0,0.0,0.0,0.0,0.0,0.0,0.0,0.0,0.0,0.0,0.0,0.0,0.0,0.0,0.0,0.0,0.0,0.0,0.0,0.0,0.0,0.0,0.0,0.0,0.0,0.0,0.0,0.0,0.0,0.0,0.0,0.0,0.0,0.0,0.0,0.0,0.0,0.0,0.0,0.0,0.0,0.0,0.0,0.0,0.0,0.0,0.0,0.0,0.0,0.0,0.0,0.0,0.0,0.0,0.0,0.0,0.0,0.0,0.0,0.0,0.0,0.0,0.0,0.0,0.0,0.0,0.0,0.0,0.0,0.0,0.0,0.0,0.0,0.0,0.0,0.0,0.0,0.0,0.0,0.0,0.0,0.0,0.0,0.0,0.0,0.0,0.0,0.0,0.0,0.0,0.0,0.0,0.0,0.0,0.0,0.0,0.0,0.0,0.0,0.0,0.0,0.0,0.0,0.0,0.0,0.0,0.0,0.0,0.0,0.0,0.0,0.0,0.0,0.0,0.0,0.0,0.0,0.0,0.0,0.0,0.0,0.0,0.0,0.0,0.0,0.0,0.0,0.0
6.524402e-06,6.504658e-05,3.2242104e-05,7.323782e-06,1.4358628e-05,3.0164796e-05,3.2446462e-06,6.083019e-06,4.954929e-06,3.9955125e-07,7.5215175e-05,4.0527677e-05,2.923647e-05,1.4372543e-05,3.2673554e-05,1.570905e-05,7.2756648e-06,7.36628e-07,2.4456185e-06,8.372466e-06,1.1589884e-07,2.4851277e-05,2.069111e-05,9.960981e-06,3.0868725e-06,3.6428955e-06,3.6036197e-06,1.1701495e-06,1.3928227e-05,1.4479655e-05,1.3656652e-05,2.1798911e-07,1.4164819e-05,2.7538636e-06,7.3647134e-06,9.547608e-07,1.4548623e-06,9.072883e-06,1.637716e-06,1.3718509e-05,6.7024703e-06,3.5851194e-06,6.7954234e-06,1.2357526e-06,4.83551e-06,1.8234108e-05,5.9527883e-05,3.202563e-06,7.547621e-06,1.1049313e-05,1.6631055e-05,1.2185901e-05,6.5552526e-06,9.390026e-06,4.5529264e-06,1.52261655e-05,5.1284574e-06,9.4723555e-07,3.2275213e-06,8.761145e-06,1.3243431e-05,2.406436e-06,2.084451e-06,1.3793828e-05,1.0863974e-05,8.058501e-06,1.2287672e-05,3.1841844e-06,7.5771623e-06,1.3553807e-06,2.5505128e-06,4.1218927e-06,8.803618e-06,3.8285707e-05,5.303831e-06,3.0707284e-05,1.34627235e-05,1.3147451e-05,1.3195355e-05,9.100895e-06,8.4419037e-07,2.4638928e-06,1.8732466e-05,2.574253e-06,4.080793e-06,3.426554e-06,1.0132594e-05,1.273844e-06,9.527181e-07,3.1554719e-06,1.8062943e-05,3.6325375e-05,2.1412932e-05,2.9574815e-06,1.09383245e-05,2.0408443e-05,9.282928e-06,9.358646e-06,5.179189e-06,2.7366843e-06,1.2874665e-05,3.8389185e-06,1.843094e-06,8.638783e-06,1.0236236e-05,8.03846e-07,1.8536381e-06,3.1517814e-06,6.850375e-06,8.37898e-06,5.761746e-06,7.642008e-06,6.8154504e-06,8.382196e-06,1.2302029e-05,1.2857512e-05,2.1459227e-06,4.2868937e-06,1.3537092e-05,4.1389512e-08,5.0787476e-06,4.0531067e-06,4.1109083e-06,3.5507028e-06,7.236385e-06,1.3153319e-05,4.762668e-06,1.0041032e-06,2.432125e-06,1.0674887e-05,5.313794e-06,2.7522747e-06,4.4063745e-07,4.5929964e-06,8.073845e-06,2.7707918e-06,9.537833e-06,3.5794192e-06,5.332481e-08,5.433534e-06,5.9445456e-06,3.1697832e-06,7.186527e-06,3.6860272e-06,4.9531227e-06,1.6426415e-05,6.8439304e-06,3.3930828e-06,1.1734211e-05,1.7636718e-05,9.6400045e-06,4.2787434e-07,1.1558426e-06,8.4544445e-07,1.879327e-05,2.1680609e-07,8.5194256e-07,1.0779383e-05,1.1803391e-05,3.3956242e-06,2.1630326e-06,1.6318252e-06,5.964555e-06,5.3986614e-06,3.6514607e-06,1.7684758e-06,6.0792145e-06,4.493055e-06,3.0331498e-06,9.319725e-07,3.81041e-06,2.9162056e-05,1.6081993e-05,2.3223972e-06,6.5300237e-06,1.5312007e-05,3.548219e-06,1.2006226e-06,6.4148003e-06,5.539554e-06,6.4049677e-06,1.6603105e-06,8.519756e-06,9.157813e-06,3.0463564e-06,7.5489615e-06,1.1315431e-06,1.0900589e-05,1.2675112e-06
