Iteration,Elapsed Time,Discriminator Loss,Value Loss,Policy Loss,Edit Distance,Best Edit Distance
10,394.5954523086548,1.4066548347473145,287.28326523303986,-2.0160330133512616,0.9999428571428571,0.9999428571428571
